num_colors,c1_h,c1_s,c1_v,c1_L,c1_a,c1_b,c2_h,c2_s,c2_v,c2_L,c2_a,c2_b,c3_h,c3_s,c3_v,c3_L,c3_a,c3_b,c4_h,c4_s,c4_v,c4_L,c4_a,c4_b,c5_h,c5_s,c5_v,c5_L,c5_a,c5_b,target_score
5,286.76,0.009,0.989,98.42,1.0,-0.89,286.76,0.048,0.936,91.28,5.02,-4.46,286.76,0.54,0.738,50.04,48.52,-40.15,316.76,0.64,0.712,46.84,56.02,-22.04,76.76,0.811,0.944,88.67,-41.71,79.62,5.47
5,4.78,0.9,0.9,49.84,68.94,56.07,155.5,0.011,0.923,92.99,-1.07,0.21,155.5,0.647,0.737,68.7,-45.42,15.39,200.5,0.647,0.615,48.49,-10.06,-24.93,335.5,0.809,0.922,52.89,73.76,4.03,1.0
5,347.63,0.04,0.965,94.27,3.7,0.2,347.63,0.008,0.955,95.49,0.7,0.03,347.63,0.676,0.637,39.14,46.8,11.84,17.63,0.733,0.552,37.66,28.59,32.09,347.63,0.2,0.5,45.8,11.11,0.92,7.63
5,349.05,0.039,0.997,97.11,3.6,0.31,349.05,0.072,0.948,90.75,6.43,0.59,349.05,0.869,0.627,34.37,54.4,23.9,34.05,0.608,0.788,65.13,12.45,43.86,169.05,0.878,0.854,78.29,-51.44,4.91,5.19
5,347.49,0.221,0.078,5.02,1.85,0.12,347.49,0.159,0.137,11.57,2.94,0.19,347.49,0.506,0.727,50.79,39.83,6.75,17.49,0.479,0.502,40.24,15.84,17.8,197.49,0.84,0.942,69.44,-16.15,-39.41,10.0
5,41.71,0.273,0.112,9.48,-0.07,3.87,41.71,0.166,0.126,11.61,-0.09,2.82,41.71,0.624,0.698,61.49,3.83,44.93,86.71,0.637,0.582,56.78,-30.18,44.08,251.71,0.894,0.824,29.82,64.83,-86.32,4.08
5,259.82,0.012,0.963,95.85,0.83,-1.28,259.82,0.003,0.957,95.95,0.23,-0.35,259.82,0.544,0.963,57.32,45.89,-61.11,304.82,0.413,0.691,53.99,39.24,-23.56,79.82,0.902,0.982,90.69,-50.2,85.07,1.0
5,27.71,0.014,0.958,95.73,0.35,1.01,27.71,0.074,0.965,93.99,1.89,5.27,27.71,0.753,0.861,62.98,28.4,53.85,342.71,0.487,0.625,44.8,34.67,1.89,177.71,0.908,0.961,87.81,-48.52,-9.51,2.29
5,326.46,0.1,0.4,40.11,5.23,-1.77,326.46,0.1,0.4,40.11,5.23,-1.77,326.46,0.1,0.4,40.11,5.23,-1.77,11.46,0.1,0.4,40.5,2.92,2.31,176.46,0.1,0.4,42.33,-4.03,-1.0,1.0
5,23.36,0.013,0.962,96.13,0.42,0.81,23.36,0.056,0.957,93.8,1.89,3.55,23.36,0.559,0.899,69.32,24.34,38.17,68.36,0.644,0.651,65.09,-20.04,51.69,173.36,0.807,0.869,80.06,-46.89,-2.55,2.08
5,52.16,0.198,0.149,14.53,-1.01,4.51,52.16,0.148,0.187,19.22,-0.95,4.11,52.16,0.805,0.149,13.01,-2.35,15.86,97.16,0.721,0.641,60.56,-43.27,51.34,202.16,0.927,0.907,60.25,-4.33,-48.95,4.82
5,14.68,0.218,0.118,9.31,2.08,2.02,14.68,0.103,0.171,16.55,1.31,1.29,14.68,0.591,0.118,6.42,5.74,4.38,329.68,0.776,0.619,36.66,54.01,-5.88,224.68,0.987,0.828,33.0,47.72,-81.64,1.0
5,252.13,0.9,0.9,32.72,69.91,-92.66,332.89,0.232,0.202,17.41,6.69,-1.41,332.89,0.722,0.759,46.06,59.74,-3.49,302.89,0.799,0.79,49.38,75.39,-44.04,152.89,0.98,0.927,82.83,-70.09,37.66,4.25
5,280.76,0.228,0.058,3.56,1.26,-1.29,280.76,0.132,0.21,19.88,3.8,-3.73,280.76,0.743,0.603,33.14,51.63,-47.09,250.76,0.776,0.792,33.11,54.73,-76.11,70.76,0.832,0.91,86.89,-33.63,79.87,5.31
5,358.0,0.135,0.052,3.43,0.54,0.16,358.0,0.199,0.138,11.17,3.46,1.11,358.0,0.647,0.823,50.9,53.68,26.82,43.0,0.663,0.67,59.33,3.01,46.72,358.0,0.2,0.5,45.68,10.34,3.4,6.35
5,227.21,0.259,0.1,6.7,0.73,-3.5,227.21,0.215,0.169,14.21,1.08,-5.15,227.21,0.578,0.817,50.17,18.91,-51.94,272.21,0.629,0.731,42.37,48.5,-51.56,227.21,0.2,0.5,45.6,2.53,-11.79,5.58
5,269.18,0.048,0.967,93.69,4.01,-4.98,269.18,0.044,0.946,92.14,3.65,-4.54,269.18,0.892,0.623,26.39,55.5,-61.38,299.18,0.554,0.755,53.57,56.55,-36.95,119.18,0.834,0.911,81.05,-76.92,72.53,3.62
5,75.21,0.1,0.4,42.68,-3.06,5.42,75.21,0.1,0.4,42.68,-3.06,5.42,75.21,0.1,0.4,42.68,-3.06,5.42,105.21,0.1,0.4,42.26,-5.1,4.75,255.21,0.1,0.4,39.55,3.23,-5.45,1.0
5,29.37,0.0,0.981,98.35,0.01,0.02,29.37,0.016,0.906,91.07,0.31,1.07,29.37,0.659,0.615,48.7,16.05,36.49,74.37,0.535,0.613,61.29,-20.21,40.92,29.37,0.2,0.5,49.07,2.85,8.76,6.71
5,309.75,0.15,0.054,3.56,0.9,-0.53,309.75,0.161,0.174,15.76,4.68,-2.7,309.75,0.631,0.848,56.37,65.98,-33.2,264.75,0.486,0.687,45.33,32.45,-40.35,99.75,0.81,0.906,82.12,-64.12,72.76,10.0
5,49.81,0.007,0.998,99.75,-0.15,0.7,49.81,0.057,0.903,90.52,-1.14,5.59,49.81,0.66,0.73,67.91,-4.28,53.73,19.81,0.431,0.508,42.54,12.82,16.67,229.81,0.816,0.886,39.08,44.34,-80.08,6.28
5,257.25,0.232,0.078,4.81,1.41,-2.4,257.25,0.291,0.194,14.76,5.66,-8.72,257.25,0.722,0.078,2.26,3.49,-6.18,302.25,0.419,0.67,52.32,39.42,-24.89,107.25,0.952,0.803,72.41,-68.58,70.06,4.69
5,5.51,0.9,0.9,50.05,68.35,56.21,14.66,0.038,0.908,89.93,1.87,1.85,14.66,0.697,0.742,49.97,37.75,37.07,44.66,0.586,0.695,63.25,0.38,43.71,164.66,0.923,0.927,83.79,-59.68,13.99,1.0
5,237.13,0.133,0.057,3.74,0.28,-0.86,237.13,0.228,0.123,8.73,1.75,-4.78,237.13,0.734,0.882,38.69,48.58,-80.17,192.13,0.671,0.672,57.1,-19.45,-20.13,57.13,0.892,0.909,86.71,-14.96,83.4,7.85
5,295.35,0.033,0.96,94.48,3.87,-2.97,295.35,0.022,0.917,91.34,2.5,-1.92,295.35,0.651,0.612,40.23,52.91,-36.86,265.35,0.673,0.521,27.33,37.03,-43.92,115.35,0.969,0.805,72.18,-72.01,70.09,5.8
5,125.4,0.047,0.952,94.68,-5.61,3.68,125.4,0.033,0.977,97.22,-4.09,2.68,125.4,0.719,0.727,66.49,-59.28,49.77,80.4,0.723,0.797,76.03,-37.13,63.96,275.4,0.85,0.916,43.97,75.7,-76.09,6.47
5,309.03,0.186,0.125,10.12,4.11,-2.4,309.03,0.251,0.13,9.97,5.78,-3.34,309.03,0.861,0.752,45.24,72.61,-34.95,264.03,0.556,0.589,35.82,32.89,-40.81,159.03,0.878,0.802,73.28,-56.21,19.76,5.96
5,243.64,0.197,0.099,6.84,1.39,-3.08,243.64,0.117,0.129,10.99,1.12,-2.58,243.64,0.741,0.766,32.32,48.53,-73.56,273.64,0.701,0.737,39.98,54.76,-56.46,63.64,0.823,0.986,95.09,-25.8,86.72,6.2
5,197.83,0.188,0.139,12.55,-1.59,-2.06,197.83,0.17,0.132,11.86,-1.38,-1.78,197.83,0.557,0.828,68.19,-15.28,-25.37,152.83,0.747,0.752,69.26,-52.21,22.25,347.83,0.94,0.815,44.08,68.46,34.29,5.43
5,40.03,0.9,0.9,71.02,15.59,71.59,83.96,0.07,0.919,91.93,-5.1,7.25,83.96,0.863,0.778,73.11,-44.99,69.07,38.96,0.551,0.525,47.13,3.96,30.41,263.96,0.876,0.941,39.19,74.08,-87.73,1.18
5,91.33,0.02,0.979,97.79,-1.76,2.11,91.33,0.059,0.961,95.68,-5.06,6.12,91.33,0.829,0.823,76.14,-53.11,69.53,136.33,0.633,0.789,72.47,-54.92,36.13,301.33,0.896,0.817,49.95,81.71,-49.13,6.13
5,349.16,0.002,0.995,99.37,0.2,0.02,349.16,0.042,0.979,95.37,3.86,0.35,349.16,0.53,0.766,52.32,43.15,9.42,304.16,0.43,0.55,42.91,34.06,-20.7,169.16,0.939,0.891,81.17,-54.3,6.04,4.92
5,138.31,0.247,0.142,13.2,-5.61,2.85,138.31,0.292,0.126,11.2,-5.97,3.06,138.31,0.658,0.142,11.94,-14.14,7.94,168.31,0.511,0.556,54.18,-26.32,0.58,288.31,0.878,0.846,45.99,78.01,-62.42,1.0
5,148.03,0.03,0.964,96.14,-3.15,1.04,148.03,0.011,0.906,91.45,-1.06,0.35,148.03,0.876,0.964,85.83,-72.18,41.84,178.03,0.645,0.625,60.09,-29.83,-6.96,298.03,0.973,0.809,48.05,82.24,-53.52,5.77
5,291.8,0.297,0.065,3.8,2.22,-1.85,291.8,0.219,0.158,13.2,5.72,-4.56,291.8,0.888,0.853,47.99,80.55,-60.09,321.8,0.425,0.511,39.44,28.73,-10.25,141.8,0.855,0.811,73.32,-65.27,43.91,9.3
5,261.4,0.038,0.969,94.49,2.78,-4.11,261.4,0.019,0.916,91.24,1.35,-2.0,261.4,0.601,0.682,38.7,39.34,-50.38,216.4,0.491,0.702,52.15,2.84,-31.97,51.4,0.872,0.823,74.74,-4.99,72.8,5.86
5,171.44,0.266,0.081,6.25,-2.31,-0.26,171.44,0.263,0.217,21.89,-6.52,-0.66,171.44,0.535,0.838,78.8,-36.4,-1.82,201.44,0.454,0.509,43.96,-7.37,-15.81,21.44,0.957,0.928,57.52,53.37,65.21,8.59
5,126.21,0.1,0.4,42.09,-5.87,3.84,126.21,0.1,0.4,42.09,-5.87,3.84,126.21,0.1,0.4,42.09,-5.87,3.84,81.21,0.1,0.4,42.6,-3.47,5.28,276.21,0.1,0.4,39.87,4.6,-4.93,1.0
5,177.16,0.1,0.4,42.33,-4.01,-1.06,177.16,0.1,0.4,42.33,-4.01,-1.06,177.16,0.1,0.4,42.33,-4.01,-1.06,132.16,0.1,0.4,42.11,-5.66,3.26,27.16,0.1,0.4,41.27,1.31,3.43,1.0
5,322.84,0.024,0.983,97.01,2.62,-1.06,322.84,0.014,0.915,91.66,1.43,-0.58,322.84,0.516,0.651,46.41,41.88,-13.37,277.84,0.539,0.51,33.52,32.8,-31.98,322.84,0.2,0.5,46.12,13.05,-4.95,7.14
5,181.23,0.035,0.952,95.1,-2.68,-1.03,181.23,0.064,0.95,94.41,-4.92,-1.87,181.23,0.533,0.862,80.67,-31.71,-11.11,226.23,0.551,0.501,32.39,10.51,-32.66,1.23,0.817,0.919,51.58,68.91,48.81,2.66
5,222.57,0.1,0.4,40.19,0.44,-4.52,222.57,0.1,0.4,40.19,0.44,-4.52,222.57,0.1,0.4,40.19,0.44,-4.52,267.57,0.1,0.4,39.74,4.03,-5.15,42.57,0.1,0.4,42.04,-0.26,4.53,1.0
5,265.47,0.009,0.978,97.42,0.72,-0.98,265.47,0.067,0.907,87.18,5.08,-6.81,265.47,0.714,0.67,33.69,48.28,-56.64,295.47,0.637,0.704,46.58,58.26,-40.53,115.47,0.93,0.896,79.66,-77.43,75.27,5.83
5,155.4,0.1,0.4,42.22,-4.82,1.03,155.4,0.1,0.4,42.22,-4.82,1.03,155.4,0.1,0.4,42.22,-4.82,1.03,185.4,0.1,0.4,42.07,-3.35,-1.74,335.4,0.1,0.4,40.06,4.93,-0.9,1.0
5,67.16,0.1,0.4,42.8,-2.51,5.6,67.16,0.1,0.4,42.8,-2.51,5.6,67.16,0.1,0.4,42.8,-2.51,5.6,22.16,0.1,0.4,41.03,1.82,3.07,277.16,0.1,0.4,39.89,4.66,-4.91,1.0
5,200.43,0.214,0.078,5.62,-0.73,-1.23,200.43,0.254,0.139,11.95,-1.81,-2.97,200.43,0.629,0.728,57.33,-11.48,-27.8,230.43,0.694,0.659,33.8,26.3,-54.98,20.43,0.922,0.858,53.68,49.44,59.72,10.0
5,169.77,0.9,0.9,82.05,-53.43,4.34,335.53,0.03,0.936,92.5,2.88,-0.55,335.53,0.719,0.765,46.28,59.33,-0.07,305.53,0.529,0.743,53.35,52.33,-30.15,155.53,0.828,0.801,73.13,-56.68,23.04,1.03
5,306.26,0.037,0.97,95.09,4.53,-2.88,306.26,0.075,0.979,93.55,9.19,-5.78,306.26,0.582,0.714,49.58,54.84,-30.71,336.26,0.696,0.672,41.34,52.17,0.05,306.26,0.2,0.5,46.35,14.43,-8.84,6.37
5,59.14,0.041,0.983,98.24,-1.68,4.84,59.14,0.042,0.929,93.41,-1.65,4.74,59.14,0.851,0.718,71.63,-15.23,69.22,14.14,0.581,0.714,51.66,30.05,28.28,269.14,0.925,0.908,38.38,75.53,-84.25,5.64
5,138.2,0.027,0.995,98.97,-3.11,1.5,138.2,0.05,0.909,90.91,-5.32,2.58,138.2,0.876,0.788,71.24,-65.93,48.78,93.2,0.677,0.55,53.04,-34.23,43.59,348.2,0.924,0.907,49.22,73.97,36.96,6.87
5,359.17,0.25,0.121,8.7,3.89,1.11,359.17,0.256,0.134,10.06,4.37,1.57,359.17,0.582,0.814,52.8,47.96,23.45,29.17,0.751,0.603,45.71,19.3,40.84,149.17,0.907,0.876,78.72,-67.39,38.54,7.77
5,53.97,0.146,0.122,11.53,-0.75,2.88,53.97,0.244,0.184,18.65,-1.67,6.85,53.97,0.778,0.763,72.28,-8.97,65.86,98.97,0.64,0.748,70.17,-45.76,52.37,203.97,0.982,0.917,57.39,2.1,-54.87,10.0
5,103.65,0.1,0.4,42.28,-4.99,4.79,103.65,0.1,0.4,42.28,-4.99,4.79,103.65,0.1,0.4,42.28,-4.99,4.79,148.65,0.1,0.4,42.19,-5.06,1.68,283.65,0.1,0.4,39.99,5.09,-4.75,1.0
5,265.12,0.047,0.996,96.23,3.76,-5.1,265.12,0.036,0.909,89.47,2.69,-3.65,265.12,0.894,0.996,41.34,78.71,-92.07,235.12,0.735,0.6,26.76,32.6,-57.34,55.12,0.904,0.918,85.59,-11.54,83.02,5.16
5,120.67,0.04,0.95,94.66,-4.93,3.52,120.67,0.027,0.932,93.34,-3.23,2.29,120.67,0.715,0.876,78.71,-69.55,62.31,90.67,0.586,0.644,62.27,-32.97,43.93,330.67,0.89,0.845,47.56,72.82,-1.09,3.14
5,59.58,0.002,0.966,96.95,-0.07,0.2,59.58,0.062,0.922,92.72,-2.48,7.08,59.58,0.588,0.664,67.37,-12.87,49.9,89.58,0.471,0.788,75.9,-31.4,42.23,239.58,0.911,0.972,33.07,73.28,-102.55,6.61
5,180.79,0.219,0.057,4.06,-0.95,-0.36,180.79,0.25,0.141,13.3,-3.88,-1.38,180.79,0.859,0.662,62.17,-33.33,-11.0,210.79,0.65,0.613,43.01,0.37,-33.28,30.79,0.813,0.955,69.66,29.23,64.72,8.94
5,178.92,0.253,0.06,4.34,-1.24,-0.4,178.92,0.167,0.128,11.97,-2.5,-0.77,178.92,0.801,0.682,64.57,-34.98,-8.88,223.92,0.658,0.623,36.69,15.19,-44.74,28.92,0.996,0.968,64.22,43.84,71.57,10.0
5,9.75,0.144,0.073,5.17,0.78,0.53,9.75,0.234,0.122,9.43,2.76,1.95,9.75,0.542,0.84,59.84,36.1,27.29,54.75,0.755,0.667,64.54,-9.07,58.47,159.75,0.961,0.998,89.01,-68.4,25.7,9.32
5,4.68,0.117,0.071,5.04,0.7,0.34,4.68,0.105,0.138,12.52,1.56,0.78,4.68,0.733,0.726,43.95,49.72,34.5,334.68,0.764,0.687,40.64,56.94,0.0,214.68,0.852,0.876,48.96,17.09,-62.55,7.34
5,299.04,0.169,0.127,10.59,3.96,-2.81,299.04,0.173,0.206,19.05,6.1,-4.31,299.04,0.588,0.892,61.33,67.9,-44.24,254.04,0.456,0.761,50.15,28.51,-43.6,149.04,0.979,0.96,85.3,-74.49,45.86,10.0
5,78.49,0.032,0.971,97.07,-2.21,3.54,78.49,0.011,0.972,97.41,-0.73,1.16,78.49,0.776,0.805,76.72,-37.47,68.07,48.49,0.766,0.535,49.47,-1.62,46.67,258.49,0.855,0.911,36.74,69.45,-87.49,4.13
5,259.27,0.121,0.064,4.34,0.58,-0.92,259.27,0.153,0.147,12.51,2.32,-3.54,259.27,0.793,0.675,29.19,51.45,-64.92,289.27,0.666,0.553,34.51,47.3,-37.01,79.27,0.968,0.881,82.17,-47.38,79.68,5.5
5,265.69,0.117,0.11,8.96,1.53,-2.04,265.69,0.149,0.159,13.96,2.71,-3.59,265.69,0.615,0.707,40.19,43.41,-51.6,295.69,0.689,0.683,43.93,60.45,-41.69,55.69,0.895,0.933,87.37,-12.73,84.16,6.95
5,174.15,0.013,0.977,97.72,-1.17,-0.23,174.15,0.013,0.967,96.87,-1.11,-0.22,174.15,0.839,0.887,81.48,-47.71,-3.54,219.15,0.534,0.731,51.14,6.68,-37.93,354.15,0.869,0.87,47.78,69.57,41.56,3.87
5,88.7,0.041,0.99,98.5,-3.43,4.37,88.7,0.056,0.922,92.28,-4.39,5.61,88.7,0.736,0.708,67.19,-41.19,57.63,43.7,0.723,0.789,68.33,3.8,57.84,88.7,0.2,0.5,51.76,-9.47,12.38,4.35
5,314.26,0.246,0.131,10.03,5.51,-2.8,314.26,0.232,0.189,16.29,7.11,-3.6,314.26,0.84,0.675,40.28,64.44,-25.41,344.26,0.659,0.708,44.18,50.46,8.36,134.26,0.989,0.808,72.49,-71.25,60.94,7.6
5,43.39,0.1,0.4,42.08,-0.34,4.58,43.39,0.1,0.4,42.08,-0.34,4.58,43.39,0.1,0.4,42.08,-0.34,4.58,358.39,0.1,0.4,39.95,4.16,1.34,193.39,0.1,0.4,41.67,-2.54,-2.34,1.0
5,173.18,0.277,0.103,8.67,-2.9,-0.54,173.18,0.188,0.16,15.8,-3.61,-0.56,173.18,0.729,0.841,78.03,-43.65,-2.79,128.18,0.716,0.596,55.32,-49.98,39.92,323.18,0.904,0.885,50.45,78.1,-14.47,8.8
5,7.66,0.275,0.103,7.1,2.82,1.62,7.66,0.288,0.2,16.65,5.66,3.54,7.66,0.899,0.705,39.86,54.7,46.32,337.66,0.435,0.511,38.63,26.96,-1.85,7.66,0.2,0.5,46.53,8.27,5.14,2.63
5,121.09,0.026,0.987,98.18,-3.3,2.33,121.09,0.0,0.937,94.45,-0.03,0.02,121.09,0.619,0.987,88.32,-69.63,59.76,91.09,0.493,0.513,50.82,-23.76,30.96,301.09,0.982,0.809,48.93,82.91,-49.91,4.69
5,184.57,0.9,0.9,78.37,-36.66,-19.88,287.28,0.296,0.208,16.89,9.38,-8.0,287.28,0.74,0.871,50.54,72.44,-58.69,257.28,0.467,0.797,52.23,31.85,-45.62,137.28,0.88,0.968,85.7,-77.85,59.3,1.0
5,16.9,0.177,0.054,3.57,0.43,0.47,16.9,0.291,0.203,17.59,4.2,4.67,16.9,0.82,0.789,50.34,44.85,48.78,61.9,0.754,0.778,77.44,-18.8,68.76,166.9,0.905,0.852,77.87,-53.7,8.88,8.43
5,293.7,0.011,0.961,95.87,1.3,-1.03,293.7,0.043,0.947,92.7,4.96,-3.9,293.7,0.732,0.627,38.77,58.12,-41.6,323.7,0.556,0.582,40.35,40.79,-12.09,113.7,0.978,0.991,87.19,-84.18,82.37,5.13
5,118.46,0.047,0.987,97.73,-5.83,4.31,118.46,0.023,0.92,92.41,-2.66,1.96,118.46,0.502,0.987,89.63,-58.8,49.74,73.46,0.598,0.524,52.87,-18.99,40.05,298.46,0.979,0.998,59.25,96.81,-62.37,3.97
5,205.67,0.232,0.104,8.13,-0.91,-2.16,205.67,0.273,0.193,17.3,-1.73,-4.83,205.67,0.709,0.86,60.75,-4.93,-41.5,160.67,0.74,0.76,70.4,-48.26,12.66,25.67,0.867,0.848,57.7,37.46,58.93,9.79
5,222.7,0.251,0.066,4.05,0.17,-1.63,222.7,0.276,0.207,17.27,1.01,-7.31,222.7,0.512,0.848,58.06,10.74,-43.81,192.7,0.728,0.569,47.7,-16.96,-19.28,72.7,0.832,0.964,91.02,-37.79,83.01,9.91
5,335.53,0.9,0.9,50.0,75.4,9.04,30.28,0.123,0.158,15.22,0.56,2.06,30.28,0.504,0.846,70.45,13.46,36.12,345.28,0.443,0.728,53.65,35.2,3.41,180.28,0.886,0.968,88.33,-45.7,-14.04,2.95
5,283.97,0.009,0.989,98.41,0.91,-0.86,283.97,0.076,0.913,87.55,7.58,-7.04,283.97,0.808,0.813,43.86,70.77,-61.1,253.97,0.538,0.686,40.92,32.01,-47.42,133.97,0.97,0.998,87.79,-83.45,71.47,6.03
5,272.97,0.105,0.052,3.54,0.45,-0.53,272.97,0.165,0.169,14.86,3.55,-4.03,272.97,0.808,0.805,39.05,65.37,-68.02,242.97,0.464,0.641,40.92,21.5,-40.57,92.97,0.82,0.971,88.1,-61.81,78.4,7.33
5,249.73,0.011,0.954,95.11,0.62,-1.24,249.73,0.054,0.952,91.67,3.12,-6.15,249.73,0.609,0.954,50.23,46.97,-71.5,204.73,0.413,0.719,60.91,-6.88,-20.95,99.73,0.884,0.928,83.44,-68.85,77.3,3.71
5,321.88,0.146,0.071,4.93,1.31,-0.54,321.88,0.106,0.185,17.79,3.01,-1.24,321.88,0.647,0.859,55.31,63.97,-19.3,276.88,0.617,0.548,33.06,39.38,-38.71,141.88,0.974,0.955,84.63,-77.85,57.73,9.77
5,190.93,0.104,0.13,12.21,-1.13,-0.87,190.93,0.159,0.211,21.25,-2.58,-1.99,190.93,0.887,0.656,53.75,-20.83,-22.93,235.93,0.593,0.535,29.33,21.51,-43.01,10.93,0.921,0.85,48.66,61.34,56.2,7.7
5,209.51,0.154,0.13,11.38,-0.53,-2.12,209.51,0.162,0.166,15.35,-0.67,-2.75,209.51,0.505,0.622,48.72,-2.76,-25.54,164.51,0.558,0.792,74.46,-39.14,4.89,359.51,0.858,0.939,51.49,72.95,52.72,7.49
5,326.81,0.245,0.125,9.37,4.87,-1.55,326.81,0.129,0.13,11.3,2.63,-0.87,326.81,0.728,0.125,5.12,12.43,-2.84,296.81,0.647,0.711,47.13,60.07,-40.65,116.81,0.955,0.988,86.92,-84.38,81.69,4.79
5,296.83,0.018,0.966,95.9,2.16,-1.62,296.83,0.078,0.916,87.94,9.15,-6.79,296.83,0.777,0.846,52.21,78.02,-52.26,266.83,0.467,0.531,36.3,25.76,-31.03,146.83,0.825,0.979,87.24,-71.69,41.32,3.72
5,18.71,0.027,0.985,97.39,1.19,1.57,18.71,0.07,0.957,92.89,3.06,3.99,18.71,0.821,0.702,45.8,38.58,45.12,63.71,0.594,0.698,70.21,-16.6,51.91,168.71,0.963,0.89,81.05,-55.1,7.31,6.27
5,82.24,0.9,0.9,83.52,-49.83,78.97,260.94,0.038,0.949,92.75,2.75,-4.1,260.94,0.632,0.741,40.25,44.33,-56.67,290.94,0.473,0.737,53.62,44.46,-34.32,110.94,0.809,0.832,75.16,-67.22,66.81,3.22
5,195.29,0.199,0.058,4.02,-0.54,-0.6,195.29,0.181,0.142,13.08,-1.75,-1.87,195.29,0.667,0.661,54.47,-15.98,-22.57,240.29,0.585,0.76,40.32,33.44,-59.57,45.29,0.883,0.969,80.92,5.99,78.82,10.0
5,14.44,0.273,0.108,7.9,1.77,2.18,14.44,0.188,0.193,17.78,2.75,2.63,14.44,0.695,0.108,5.09,5.58,4.04,344.44,0.717,0.697,41.77,53.24,10.85,224.44,0.918,0.982,42.52,47.65,-88.36,2.96
5,227.36,0.247,0.063,3.81,0.3,-1.6,227.36,0.243,0.211,17.88,1.55,-7.03,227.36,0.572,0.671,41.78,15.79,-43.91,197.36,0.605,0.624,51.67,-13.03,-21.37,17.36,0.898,0.849,52.12,52.02,56.94,6.88
5,238.54,0.005,0.983,98.09,0.2,-0.56,238.54,0.025,0.932,92.08,1.0,-2.82,238.54,0.843,0.603,21.25,44.74,-66.95,268.54,0.709,0.539,27.66,41.22,-46.21,58.54,0.847,0.847,82.68,-16.36,78.19,4.37
5,61.11,0.204,0.084,6.95,-0.99,2.58,61.11,0.266,0.163,16.52,-2.48,7.23,61.11,0.599,0.785,78.46,-16.17,58.09,91.11,0.501,0.608,59.53,-27.65,36.09,241.11,0.921,0.871,29.06,68.11,-94.62,6.37
5,210.73,0.274,0.071,4.54,-0.29,-1.63,210.73,0.122,0.147,13.64,-0.41,-1.92,210.73,0.523,0.071,3.7,-0.38,-2.89,165.73,0.421,0.692,66.95,-27.4,1.81,60.73,0.89,0.987,95.83,-22.18,90.74,5.16
5,14.97,0.1,0.4,40.67,2.56,2.56,14.97,0.1,0.4,40.67,2.56,2.56,14.97,0.1,0.4,40.67,2.56,2.56,44.97,0.1,0.4,42.16,-0.5,4.7,224.97,0.1,0.4,40.07,0.69,-4.7,1.0
5,349.17,0.119,0.117,9.86,1.88,0.18,349.17,0.189,0.207,18.58,4.95,0.55,349.17,0.571,0.808,53.26,48.46,11.56,34.17,0.791,0.612,48.11,15.26,45.91,139.17,0.899,0.924,82.19,-74.96,55.63,9.75
5,276.67,0.123,0.13,11.18,2.2,-2.34,276.67,0.284,0.18,14.1,6.93,-7.22,276.67,0.876,0.848,40.48,72.85,-71.95,231.67,0.66,0.532,27.92,21.14,-44.82,66.67,1.0,0.81,78.75,-28.06,78.51,7.6
5,2.07,0.9,0.9,49.18,70.82,55.61,32.57,0.052,0.961,94.81,0.77,4.03,32.57,0.87,0.731,54.27,23.23,55.93,2.57,0.705,0.739,44.83,50.59,32.07,242.57,0.974,0.875,28.29,70.63,-96.48,1.0
5,226.88,0.03,0.978,96.04,0.52,-3.04,226.88,0.03,0.944,93.06,0.5,-2.95,226.88,0.739,0.764,39.1,27.94,-62.11,271.88,0.491,0.522,35.31,28.45,-31.11,76.88,0.834,0.929,87.21,-42.04,79.65,4.4
5,186.87,0.196,0.053,3.69,-0.63,-0.37,186.87,0.168,0.158,15.34,-2.45,-1.41,186.87,0.66,0.774,68.68,-27.33,-17.06,141.87,0.591,0.618,58.36,-41.32,22.92,36.87,0.963,0.944,70.11,25.14,73.81,10.0
5,296.06,0.022,0.995,98.17,2.65,-2.01,296.06,0.006,0.976,97.56,0.69,-0.52,296.06,0.762,0.714,44.26,67.14,-45.74,251.06,0.774,0.605,24.99,43.78,-61.13,86.06,0.833,0.923,85.17,-52.73,77.26,3.57
5,194.1,0.162,0.111,9.57,-1.35,-1.31,194.1,0.243,0.147,13.33,-2.52,-2.48,194.1,0.665,0.637,53.26,-16.7,-20.82,239.1,0.449,0.758,49.03,21.87,-45.09,194.1,0.2,0.5,49.7,-5.73,-5.66,6.3
5,92.36,0.048,0.974,96.96,-4.23,5.0,92.36,0.064,0.944,94.06,-5.51,6.53,92.36,0.517,0.79,75.38,-35.93,45.87,137.36,0.401,0.691,66.3,-33.33,18.91,92.36,0.2,0.5,51.64,-10.08,12.19,2.41
5,312.93,0.9,0.9,52.79,82.9,-33.3,324.01,0.256,0.147,11.61,5.99,-2.16,324.01,0.829,0.727,42.52,64.89,-13.24,294.01,0.724,0.73,45.37,65.16,-46.36,114.01,0.89,0.917,81.54,-77.29,75.56,1.0
5,78.03,0.005,0.951,95.63,-0.32,0.52,78.03,0.051,0.949,94.87,-3.41,5.56,78.03,0.719,0.67,65.2,-30.24,55.85,48.03,0.653,0.518,48.65,-1.97,39.57,258.03,0.998,0.827,28.88,69.67,-88.37,6.27
5,260.83,0.001,0.967,97.04,0.06,-0.09,260.83,0.065,0.948,90.71,4.72,-7.03,260.83,0.635,0.872,46.91,50.88,-64.98,290.83,0.432,0.526,40.07,30.85,-24.04,260.83,0.2,0.5,44.83,8.92,-12.89,6.73
5,222.18,0.1,0.4,40.21,0.4,-4.49,222.18,0.1,0.4,40.21,0.4,-4.49,222.18,0.1,0.4,40.21,0.4,-4.49,177.18,0.1,0.4,42.33,-4.01,-1.06,42.18,0.1,0.4,42.02,-0.22,4.5,1.0
5,160.69,0.1,0.4,42.25,-4.62,0.52,160.69,0.1,0.4,42.25,-4.62,0.52,160.69,0.1,0.4,42.25,-4.62,0.52,205.69,0.1,0.4,41.04,-1.29,-3.26,340.69,0.1,0.4,40.04,4.75,-0.39,1.0
5,170.96,0.177,0.062,4.55,-1.0,-0.11,170.96,0.295,0.122,10.91,-4.5,-0.41,170.96,0.795,0.831,76.72,-46.78,0.79,200.96,0.737,0.656,49.28,-9.46,-29.92,320.96,0.851,0.958,55.6,82.3,-20.92,10.0
5,255.15,0.107,0.08,5.86,0.71,-1.24,255.15,0.153,0.156,13.48,2.26,-3.8,255.15,0.535,0.881,52.45,39.62,-57.39,285.15,0.604,0.748,47.68,53.55,-45.37,45.15,0.889,0.92,77.0,6.11,75.82,10.0
5,283.06,0.029,0.978,96.17,2.97,-2.83,283.06,0.031,0.94,92.67,3.14,-2.99,283.06,0.659,0.762,45.8,57.62,-50.53,313.06,0.552,0.763,53.33,53.34,-24.91,283.06,0.2,0.5,45.72,12.33,-11.46,7.43
5,143.52,0.9,0.9,80.45,-71.57,48.0,55.36,0.215,0.213,22.15,-1.86,6.94,55.36,0.73,0.744,71.81,-10.56,62.59,85.36,0.769,0.646,61.96,-36.95,55.75,205.36,0.98,0.966,58.73,5.57,-59.66,1.0
5,239.87,0.006,0.974,97.21,0.27,-0.72,239.87,0.04,0.919,89.7,1.72,-4.61,239.87,0.532,0.833,47.62,31.12,-58.36,194.87,0.573,0.594,51.02,-14.34,-17.86,29.87,0.975,0.856,58.4,36.71,65.18,7.27
5,22.09,0.1,0.4,41.02,1.83,3.06,22.09,0.1,0.4,41.02,1.83,3.06,22.09,0.1,0.4,41.02,1.83,3.06,52.09,0.1,0.4,42.51,-1.22,5.2,202.09,0.1,0.4,41.22,-1.66,-2.99,1.0
5,189.18,0.9,0.9,73.68,-29.08,-27.03,22.43,0.263,0.182,16.17,2.63,4.32,22.43,0.623,0.787,58.92,26.12,38.06,337.43,0.739,0.717,42.83,57.05,2.91,202.43,0.977,0.89,57.59,-1.63,-50.75,1.0
5,276.95,0.001,0.971,97.39,0.05,-0.06,276.95,0.039,0.902,88.78,3.44,-3.66,276.95,0.604,0.828,50.33,53.98,-52.96,246.95,0.476,0.686,43.45,24.98,-43.29,96.95,0.802,0.848,77.71,-58.18,69.04,5.26
5,23.26,0.109,0.087,6.93,0.45,0.82,23.26,0.153,0.185,17.74,1.4,2.55,23.26,0.7,0.68,49.63,25.96,38.91,53.26,0.595,0.545,53.66,-6.36,40.23,23.26,0.2,0.5,48.35,4.37,7.73,5.99
5,343.92,0.039,0.966,94.4,3.7,-0.09,343.92,0.055,0.935,90.74,5.06,-0.11,343.92,0.602,0.852,55.01,54.24,7.2,313.92,0.501,0.734,53.2,47.14,-21.83,193.92,0.899,0.877,67.28,-20.49,-33.74,4.61
5,221.02,0.003,0.976,97.68,0.01,-0.3,221.02,0.012,0.959,95.66,0.05,-1.07,221.02,0.705,0.976,56.03,20.98,-65.32,251.02,0.415,0.724,49.9,23.38,-38.63,41.02,0.814,0.814,67.02,10.01,63.17,2.23
5,106.75,0.017,0.989,98.65,-1.91,1.71,106.75,0.053,0.915,91.44,-5.41,4.88,106.75,0.57,0.63,59.79,-40.17,40.19,76.75,0.732,0.521,51.69,-24.23,46.55,256.75,0.804,0.816,34.36,59.97,-77.6,7.95
5,352.79,0.9,0.9,48.97,72.49,43.34,281.69,0.053,0.901,87.83,5.1,-4.96,281.69,0.602,0.678,42.65,47.86,-43.19,311.69,0.658,0.659,43.37,55.14,-26.0,71.69,0.979,0.864,82.34,-36.58,80.65,1.85
5,187.48,0.031,0.958,95.49,-2.01,-1.21,187.48,0.003,0.909,91.83,-0.22,-0.13,187.48,0.739,0.629,55.52,-23.75,-16.22,142.48,0.573,0.632,59.68,-40.84,22.03,7.48,0.833,0.855,49.7,60.23,49.14,8.24
5,71.09,0.277,0.115,10.46,-2.61,5.05,71.09,0.157,0.202,21.04,-2.45,4.91,71.09,0.845,0.854,82.0,-32.68,76.47,101.09,0.618,0.691,65.22,-43.0,47.37,221.09,0.892,0.968,46.07,36.68,-80.52,8.44
5,115.22,0.038,0.963,95.93,-4.45,3.47,115.22,0.043,0.958,95.35,-5.08,3.96,115.22,0.543,0.806,74.53,-51.66,45.98,70.22,0.727,0.564,56.57,-20.82,50.43,325.22,0.83,0.868,50.49,74.14,-12.86,3.65
5,212.53,0.025,0.965,95.6,-0.34,-1.96,212.53,0.045,0.955,93.74,-0.58,-3.46,212.53,0.849,0.791,46.22,11.4,-54.64,167.53,0.574,0.548,53.04,-28.75,1.55,2.53,0.802,0.849,48.47,62.85,44.63,8.13
5,111.93,0.037,0.991,98.37,-4.32,3.55,111.93,0.049,0.955,94.98,-5.56,4.58,111.93,0.65,0.762,70.19,-54.96,52.43,66.93,0.402,0.728,73.22,-14.56,36.83,261.93,0.967,0.802,29.92,67.85,-82.88,6.37
5,132.46,0.016,0.957,95.87,-1.88,1.06,132.46,0.024,0.97,96.8,-2.85,1.6,132.46,0.899,0.71,64.56,-63.14,52.37,162.46,0.657,0.734,68.72,-42.54,8.37,282.46,0.919,0.878,43.79,78.65,-70.83,4.33
5,179.37,0.9,0.9,82.94,-44.39,-11.85,139.56,0.041,0.958,95.39,-4.49,2.09,139.56,0.542,0.668,62.97,-41.61,23.93,94.56,0.624,0.681,64.9,-38.87,48.08,289.56,0.92,0.92,49.9,85.09,-66.77,2.57
5,53.64,0.1,0.4,42.59,-1.38,5.32,53.64,0.1,0.4,42.59,-1.38,5.32,53.64,0.1,0.4,42.59,-1.38,5.32,83.64,0.1,0.4,42.56,-3.64,5.23,263.64,0.1,0.4,39.67,3.78,-5.25,1.0
5,229.52,0.025,0.959,94.68,0.55,-2.53,229.52,0.055,0.979,94.36,1.27,-5.72,229.52,0.799,0.822,37.27,39.5,-73.74,199.52,0.635,0.555,44.7,-10.22,-21.86,49.52,0.996,0.833,72.83,0.06,75.22,6.24
5,299.41,0.155,0.102,7.97,2.29,-1.83,299.41,0.16,0.214,20.1,5.85,-4.11,299.41,0.604,0.729,50.31,59.19,-38.24,344.41,0.551,0.639,43.37,39.46,4.57,119.41,0.887,0.987,86.93,-83.53,79.65,9.11
5,178.73,0.1,0.4,42.34,-3.95,-1.21,178.73,0.1,0.4,42.34,-3.95,-1.21,178.73,0.1,0.4,42.34,-3.95,-1.21,223.73,0.1,0.4,40.13,0.56,-4.6,358.73,0.1,0.4,39.94,4.15,1.37,1.0
5,88.91,0.1,0.4,42.49,-4.0,5.11,88.91,0.1,0.4,42.49,-4.0,5.11,88.91,0.1,0.4,42.49,-4.0,5.11,43.91,0.1,0.4,42.11,-0.39,4.62,298.91,0.1,0.4,40.23,6.09,-4.35,1.0
5,323.94,0.104,0.116,9.97,1.96,-0.75,323.94,0.293,0.176,13.98,7.99,-2.83,323.94,0.875,0.616,35.25,58.36,-11.16,278.94,0.715,0.687,38.25,54.9,-51.7,143.94,0.996,0.851,76.29,-70.88,50.68,6.3
5,68.83,0.168,0.081,6.6,-0.97,1.95,68.83,0.289,0.217,22.52,-4.34,9.71,68.83,0.573,0.607,61.18,-17.75,44.08,98.83,0.49,0.575,56.09,-29.42,32.98,278.83,0.937,0.909,42.96,79.53,-76.7,6.31
5,24.36,0.035,0.977,96.47,1.13,2.34,24.36,0.007,0.937,94.12,0.2,0.42,24.36,0.694,0.65,48.18,23.54,37.7,354.36,0.666,0.565,34.72,41.07,16.77,174.36,0.892,0.882,81.02,-48.37,-3.45,4.79
5,104.61,0.1,0.4,42.27,-5.06,4.77,104.61,0.1,0.4,42.27,-5.06,4.77,104.61,0.1,0.4,42.27,-5.06,4.77,59.61,0.1,0.4,42.89,-1.98,5.74,314.61,0.1,0.4,40.17,5.65,-2.91,1.0
5,201.67,0.038,0.978,96.53,-1.36,-2.31,201.67,0.044,0.908,90.11,-1.5,-2.56,201.67,0.637,0.685,53.29,-9.68,-27.83,171.67,0.599,0.532,51.54,-27.47,-1.32,51.67,0.964,0.876,78.53,-4.44,79.04,4.64
5,70.42,0.009,0.955,95.91,-0.53,1.05,70.42,0.029,0.961,96.26,-1.62,3.22,70.42,0.611,0.694,68.83,-21.86,51.64,100.42,0.558,0.775,72.94,-42.92,47.41,220.42,0.832,0.939,48.12,28.85,-72.99,4.55
5,181.87,0.9,0.9,81.11,-40.89,-15.75,322.99,0.048,0.903,88.49,4.95,-1.98,322.99,0.645,0.82,52.87,61.14,-17.28,277.99,0.461,0.632,44.86,33.41,-32.78,112.99,0.994,0.971,85.62,-82.99,81.42,1.0
5,355.83,0.197,0.062,3.95,1.06,0.27,355.83,0.245,0.152,12.07,4.77,1.31,355.83,0.899,0.894,48.56,71.81,48.43,40.83,0.465,0.504,47.07,1.61,25.43,175.83,0.819,0.806,74.94,-42.58,-5.8,9.2
5,67.47,0.043,0.991,98.84,-2.31,5.03,67.47,0.043,0.957,95.83,-2.27,4.93,67.47,0.626,0.741,73.48,-21.06,56.21,112.47,0.661,0.594,55.72,-45.89,43.49,217.47,0.964,0.976,46.74,34.93,-80.49,5.75
5,256.33,0.265,0.06,3.42,0.99,-1.73,256.33,0.148,0.134,11.19,1.97,-3.22,256.33,0.639,0.735,38.59,42.75,-58.53,226.33,0.646,0.631,36.5,17.51,-46.27,46.33,0.948,0.961,80.32,5.65,80.79,7.37
5,247.08,0.003,0.959,96.09,0.18,-0.4,247.08,0.068,0.918,87.66,3.6,-7.6,247.08,0.835,0.959,36.38,68.17,-95.07,292.08,0.536,0.76,52.83,51.86,-38.89,97.08,0.861,0.843,76.89,-60.7,71.27,5.9
5,235.14,0.047,0.994,95.86,1.66,-5.35,235.14,0.061,0.963,92.18,2.13,-6.83,235.14,0.766,0.678,29.05,38.81,-65.69,265.14,0.75,0.5,23.51,39.77,-46.78,85.14,0.822,0.889,82.56,-49.71,74.68,5.45
5,148.59,0.04,0.974,96.85,-4.21,1.36,148.59,0.001,0.934,94.1,-0.15,0.05,148.59,0.511,0.89,82.4,-46.63,19.78,118.59,0.743,0.588,54.43,-51.65,47.27,358.59,0.965,0.94,50.32,75.9,60.55,5.3
5,346.61,0.036,0.965,94.54,3.35,0.11,346.61,0.066,0.923,88.94,5.93,0.22,346.61,0.849,0.634,35.18,54.6,19.41,316.61,0.448,0.521,39.63,31.58,-13.7,166.61,0.848,0.802,73.88,-50.14,7.72,6.23
5,81.49,0.1,0.4,42.59,-3.49,5.28,81.49,0.1,0.4,42.59,-3.49,5.28,81.49,0.1,0.4,42.59,-3.49,5.28,51.49,0.1,0.4,42.48,-1.16,5.16,291.49,0.1,0.4,40.11,5.6,-4.55,1.0
5,96.4,0.039,0.979,97.44,-3.7,4.03,96.4,0.053,0.92,92.07,-4.7,5.13,96.4,0.588,0.747,70.67,-41.0,48.82,126.4,0.438,0.773,72.69,-42.18,30.72,306.4,0.966,0.976,57.69,92.47,-47.29,3.41
5,327.84,0.193,0.064,4.11,1.34,-0.42,327.84,0.168,0.136,11.52,3.56,-1.1,327.84,0.568,0.064,2.79,3.42,-0.96,297.84,0.637,0.711,47.74,59.79,-39.69,177.84,0.902,0.821,76.19,-42.8,-8.67,5.06
5,234.8,0.048,0.98,94.67,1.63,-5.34,234.8,0.059,0.941,90.42,1.99,-6.47,234.8,0.754,0.98,43.27,51.12,-86.73,264.8,0.401,0.512,37.48,20.58,-26.15,24.8,0.809,0.828,57.44,34.75,54.08,7.22
5,70.6,0.031,0.964,96.54,-1.75,3.45,70.6,0.017,0.941,94.66,-0.93,1.83,70.6,0.502,0.602,60.85,-16.9,38.55,40.6,0.733,0.753,63.49,7.8,54.54,250.6,0.868,0.961,35.87,71.39,-96.17,4.45
5,142.85,0.109,0.078,6.17,-1.16,0.49,142.85,0.263,0.148,13.97,-6.02,2.67,142.85,0.827,0.759,69.17,-60.59,38.77,187.85,0.603,0.762,67.84,-24.84,-16.65,322.85,0.935,0.809,45.84,73.51,-13.3,9.18
5,326.74,0.243,0.111,8.04,3.66,-1.12,326.74,0.162,0.202,18.71,4.83,-1.57,326.74,0.882,0.846,48.17,73.83,-8.48,281.74,0.745,0.501,27.43,44.99,-40.33,116.74,0.852,0.812,73.02,-70.1,67.12,8.57
5,92.41,0.233,0.13,12.15,-3.81,4.6,92.41,0.233,0.129,12.06,-3.79,4.56,92.41,0.739,0.765,71.61,-46.98,60.82,122.41,0.428,0.524,50.76,-30.9,23.87,302.41,0.95,0.883,53.22,87.39,-50.83,7.7
5,3.65,0.032,0.996,97.55,2.44,1.13,3.65,0.049,0.97,94.23,3.7,1.73,3.65,0.79,0.636,36.88,48.51,34.28,333.65,0.612,0.749,48.84,51.79,-4.57,153.65,0.828,0.802,73.18,-57.89,25.76,6.31
5,161.59,0.004,0.97,97.27,-0.4,0.03,161.59,0.073,0.965,95.47,-6.87,0.62,161.59,0.586,0.97,88.86,-49.35,9.82,116.59,0.661,0.754,69.15,-57.5,52.35,311.59,0.97,0.881,51.26,83.22,-34.34,4.77
5,51.33,0.9,0.9,80.72,-4.8,79.01,81.46,0.216,0.196,20.08,-4.1,6.32,81.46,0.54,0.867,83.03,-32.26,53.27,36.46,0.548,0.68,59.11,7.17,36.19,261.46,0.905,0.902,35.57,72.26,-88.17,3.08
5,274.29,0.289,0.084,5.03,2.63,-3.09,274.29,0.203,0.158,13.11,4.24,-4.68,274.29,0.503,0.716,47.88,38.83,-40.49,319.29,0.564,0.593,41.15,42.9,-15.84,64.29,0.969,0.906,87.81,-26.59,85.69,9.73
5,247.78,0.007,0.974,97.19,0.38,-0.81,247.78,0.002,0.94,94.56,0.12,-0.25,247.78,0.886,0.715,24.99,56.93,-78.08,292.78,0.484,0.778,56.3,48.29,-35.97,97.78,0.832,0.805,73.84,-57.83,67.5,4.92
5,175.63,0.1,0.4,42.33,-4.06,-0.92,175.63,0.1,0.4,42.33,-4.06,-0.92,175.63,0.1,0.4,42.33,-4.06,-0.92,145.63,0.1,0.4,42.18,-5.17,1.97,355.63,0.1,0.4,39.96,4.25,1.07,1.0
5,172.04,0.027,0.958,95.83,-2.3,-0.34,172.04,0.02,0.967,96.72,-1.72,-0.25,172.04,0.642,0.848,78.98,-41.47,-1.92,202.04,0.478,0.517,43.96,-7.29,-17.14,322.04,0.935,0.847,48.08,76.4,-15.16,2.55
5,125.02,0.216,0.064,4.61,-1.75,1.15,125.02,0.189,0.183,18.14,-5.79,3.94,125.02,0.696,0.064,3.99,-4.88,3.23,155.02,0.694,0.59,55.7,-40.24,14.48,275.02,0.914,0.924,42.24,78.43,-80.12,2.87
5,195.49,0.011,0.998,99.45,-0.57,-0.61,195.49,0.073,0.958,93.84,-3.48,-3.71,195.49,0.713,0.861,68.38,-19.35,-29.71,225.49,0.698,0.665,36.54,20.33,-51.41,15.49,0.959,0.855,50.08,58.44,59.41,6.65
5,349.06,0.29,0.101,6.58,3.76,0.41,349.06,0.119,0.195,18.62,2.92,0.28,349.06,0.697,0.691,41.77,50.98,15.48,304.06,0.514,0.561,41.21,40.99,-24.53,199.06,0.877,0.902,64.34,-12.02,-41.82,8.23
5,161.39,0.9,0.9,81.42,-60.36,18.57,164.15,0.218,0.201,20.24,-5.46,0.31,164.15,0.691,0.899,82.43,-50.57,8.58,119.15,0.742,0.632,58.23,-54.77,49.96,344.15,0.86,0.848,47.18,69.22,21.8,1.19
5,349.75,0.011,0.987,98.09,1.0,0.1,349.75,0.061,0.974,93.68,5.56,0.59,349.75,0.512,0.862,59.2,45.81,10.37,319.75,0.454,0.59,44.43,34.79,-13.34,139.75,0.867,0.947,84.17,-75.02,53.71,3.27
5,266.57,0.007,0.988,98.4,0.58,-0.77,266.57,0.062,0.953,91.48,4.92,-6.45,266.57,0.806,0.854,39.07,65.77,-75.23,236.57,0.442,0.62,41.6,16.17,-36.34,56.57,0.816,0.882,84.17,-13.79,77.77,5.29
5,110.21,0.21,0.113,9.99,-3.93,3.4,110.21,0.215,0.19,18.93,-6.26,5.44,110.21,0.502,0.63,60.16,-37.63,35.26,80.21,0.52,0.523,52.47,-20.21,34.31,320.21,0.968,0.848,48.1,77.49,-17.54,8.78
5,106.3,0.146,0.078,6.15,-1.53,1.36,106.3,0.261,0.213,21.36,-7.92,7.42,106.3,0.662,0.872,79.7,-58.43,60.04,136.3,0.633,0.753,69.45,-52.92,34.79,286.3,0.928,0.996,51.71,88.82,-74.57,8.04
5,198.9,0.9,0.9,63.81,-11.67,-42.33,149.8,0.058,0.969,96.1,-5.97,1.82,149.8,0.682,0.846,77.42,-55.5,25.49,119.8,0.429,0.705,66.81,-39.68,32.03,299.8,0.893,0.847,51.93,84.47,-52.71,1.0
5,259.44,0.02,0.958,94.82,1.4,-2.17,259.44,0.071,0.966,91.8,5.04,-7.74,259.44,0.789,0.681,29.68,51.63,-65.06,289.44,0.527,0.5,35.01,35.47,-28.02,49.44,0.957,0.943,81.8,-0.39,81.9,5.41
5,22.57,0.042,0.95,93.77,1.47,2.61,22.57,0.02,0.959,95.53,0.69,1.23,22.57,0.627,0.631,47.76,21.74,32.0,52.57,0.452,0.669,65.73,-6.23,36.31,172.57,0.863,0.958,87.11,-52.65,-0.83,2.86
5,342.28,0.9,0.9,49.49,73.97,22.56,337.08,0.108,0.176,16.75,2.66,-0.41,337.08,0.872,0.853,47.75,71.32,9.73,22.08,0.402,0.55,47.33,11.34,17.21,157.08,0.975,0.837,75.76,-61.91,27.26,1.0
5,339.83,0.013,0.974,96.8,1.31,-0.15,339.83,0.051,0.98,94.9,4.99,-0.53,339.83,0.542,0.75,51.17,45.17,0.67,24.83,0.6,0.63,49.29,18.48,31.54,189.83,0.822,0.927,76.06,-28.96,-27.05,5.19
5,306.13,0.142,0.116,9.53,2.98,-1.87,306.13,0.194,0.208,18.86,6.77,-4.18,306.13,0.586,0.803,55.33,60.71,-34.04,336.13,0.414,0.618,47.33,30.21,-3.1,156.13,0.825,0.947,85.19,-64.17,25.43,9.47
5,142.25,0.1,0.4,42.16,-5.3,2.29,142.25,0.1,0.4,42.16,-5.3,2.29,142.25,0.1,0.4,42.16,-5.3,2.29,112.25,0.1,0.4,42.16,-5.57,4.6,352.25,0.1,0.4,39.98,4.36,0.74,1.0
5,148.91,0.199,0.09,7.4,-2.59,0.87,148.91,0.206,0.18,17.81,-5.32,1.81,148.91,0.504,0.739,69.76,-39.61,16.45,103.91,0.417,0.619,60.34,-28.94,29.32,328.91,0.862,0.955,54.26,79.76,-5.66,10.0
5,47.35,0.271,0.108,9.17,-0.58,3.98,47.35,0.115,0.158,15.8,-0.4,2.58,47.35,0.647,0.655,60.34,-1.62,47.1,92.35,0.407,0.588,58.32,-22.76,28.53,227.35,0.948,0.845,33.27,50.33,-83.7,7.11
5,232.73,0.049,0.992,95.74,1.47,-5.37,232.73,0.002,0.972,97.38,0.05,-0.2,232.73,0.813,0.834,35.08,46.91,-79.14,187.73,0.483,0.546,51.09,-16.65,-10.61,82.73,0.942,0.987,90.42,-55.81,85.71,5.71
5,269.08,0.024,0.953,94.18,1.95,-2.45,269.08,0.077,0.975,92.38,6.53,-8.1,269.08,0.814,0.897,41.71,69.92,-77.18,239.08,0.658,0.668,31.95,34.57,-59.41,269.08,0.2,0.5,45.15,10.18,-12.37,7.05
5,292.0,0.032,0.969,95.28,3.66,-2.97,292.0,0.054,0.921,89.69,5.97,-4.83,292.0,0.638,0.969,61.78,73.27,-54.44,247.0,0.69,0.662,30.62,39.83,-60.54,142.0,0.942,0.812,73.17,-67.91,48.61,2.88
5,227.13,0.19,0.063,4.06,0.23,-1.26,227.13,0.292,0.173,13.36,1.61,-7.12,227.13,0.597,0.75,45.34,18.53,-49.97,257.13,0.785,0.686,29.49,50.99,-66.12,17.13,0.961,0.892,52.91,58.4,61.96,8.49
5,311.03,0.196,0.14,11.6,4.72,-2.63,311.03,0.235,0.134,10.5,5.46,-3.02,311.03,0.898,0.758,44.89,73.35,-32.26,356.03,0.497,0.788,54.9,40.23,14.83,161.03,0.9,0.881,79.87,-59.65,18.85,5.82
5,205.03,0.152,0.094,7.44,-0.56,-1.11,205.03,0.219,0.127,10.72,-1.08,-2.68,205.03,0.749,0.894,62.1,-5.03,-44.18,160.03,0.732,0.72,66.97,-46.23,12.61,25.03,0.989,0.992,62.88,51.97,70.99,9.97
5,111.6,0.146,0.096,8.02,-1.68,1.65,111.6,0.256,0.216,21.63,-8.43,7.22,111.6,0.805,0.857,77.12,-68.95,68.11,66.6,0.405,0.503,52.05,-10.75,27.44,291.6,0.875,0.91,51.28,84.22,-63.04,7.5
5,79.95,0.016,0.992,99.13,-1.16,1.79,79.95,0.058,0.908,91.14,-3.88,6.04,79.95,0.671,0.609,59.7,-28.0,48.78,124.95,0.758,0.5,46.65,-45.7,38.89,259.95,0.831,0.998,41.93,73.57,-91.38,9.35
5,133.82,0.02,0.988,98.46,-2.3,1.25,133.82,0.073,0.976,96.25,-8.52,4.7,133.82,0.731,0.707,64.94,-56.35,41.25,103.82,0.797,0.616,57.44,-49.12,52.74,133.82,0.2,0.5,50.94,-13.4,7.66,3.57
5,330.57,0.12,0.101,8.08,1.22,-0.24,330.57,0.144,0.124,10.38,2.75,-0.73,330.57,0.514,0.653,46.22,40.19,-7.3,300.57,0.672,0.567,37.97,52.77,-33.07,150.57,0.944,0.913,81.67,-69.82,39.46,6.84
5,127.1,0.045,0.997,98.7,-5.5,3.5,127.1,0.071,0.934,92.53,-8.33,5.33,127.1,0.812,0.743,67.44,-63.92,54.81,172.1,0.618,0.561,54.18,-29.13,-1.64,127.1,0.2,0.5,50.87,-13.97,9.23,3.74
5,131.17,0.015,0.994,99.12,-1.77,1.02,131.17,0.037,0.908,91.0,-4.09,2.38,131.17,0.831,0.614,56.54,-54.88,44.44,86.17,0.677,0.731,69.83,-37.65,55.85,281.17,0.965,0.903,43.41,80.58,-75.08,8.42
5,238.7,0.9,0.9,31.04,67.21,-95.51,275.6,0.042,0.904,88.79,3.67,-4.01,275.6,0.889,0.668,30.9,60.55,-60.84,245.6,0.404,0.631,43.87,18.49,-34.43,125.6,0.81,0.838,75.27,-70.49,61.79,3.52
5,149.74,0.038,0.98,97.47,-3.97,1.21,149.74,0.072,0.965,95.47,-7.4,2.29,149.74,0.601,0.681,64.03,-42.58,18.28,179.74,0.548,0.771,73.42,-30.79,-9.15,299.74,0.881,0.844,51.84,83.87,-52.44,5.86
5,28.24,0.209,0.121,10.26,0.96,2.7,28.24,0.133,0.198,19.64,0.91,2.61,28.24,0.734,0.121,7.1,4.34,7.1,358.24,0.593,0.609,39.51,38.65,17.98,238.24,0.943,0.952,31.95,72.61,-101.51,1.1
5,183.2,0.018,0.997,99.3,-1.41,-0.63,183.2,0.066,0.956,94.72,-4.85,-2.15,183.2,0.786,0.739,67.21,-32.43,-14.33,213.2,0.449,0.538,42.81,-0.47,-21.97,3.2,0.972,0.855,46.09,69.58,58.08,6.72
5,239.45,0.131,0.062,4.09,0.36,-1.0,239.45,0.253,0.187,14.55,3.21,-7.86,239.45,0.674,0.765,35.53,40.74,-68.08,269.45,0.552,0.549,34.31,32.69,-36.94,239.45,0.2,0.5,44.12,5.67,-14.05,2.58
5,221.73,0.269,0.06,3.59,0.13,-1.45,221.73,0.212,0.17,14.64,0.46,-4.65,221.73,0.782,0.76,40.29,22.71,-59.7,176.73,0.421,0.651,63.7,-22.94,-4.94,71.73,0.896,0.824,79.09,-33.66,76.04,8.0
5,56.62,0.015,0.965,96.72,-0.56,1.75,56.62,0.07,0.954,95.27,-2.41,7.83,56.62,0.819,0.675,66.15,-11.36,63.26,11.62,0.774,0.755,47.17,46.7,41.6,266.62,0.981,0.802,31.34,69.24,-80.51,6.71
5,67.29,0.104,0.089,7.65,-0.7,1.5,67.29,0.138,0.161,16.38,-1.62,3.62,67.29,0.874,0.729,71.75,-25.13,69.58,22.29,0.562,0.521,41.07,16.28,24.02,67.29,0.2,0.5,52.49,-5.85,13.5,7.16
5,137.32,0.049,0.989,97.95,-5.63,2.81,137.32,0.059,0.909,90.72,-6.29,3.14,137.32,0.812,0.836,75.33,-66.92,48.36,167.32,0.441,0.583,57.09,-24.43,0.79,137.32,0.2,0.5,50.97,-13.1,6.85,2.89
5,351.76,0.005,0.977,97.66,0.46,0.07,351.76,0.078,0.944,90.0,6.89,1.07,351.76,0.576,0.775,50.87,46.78,14.13,21.76,0.539,0.619,48.99,18.29,26.21,201.76,0.921,0.903,60.59,-5.37,-47.89,7.37
5,348.67,0.221,0.058,3.56,1.1,0.1,348.67,0.115,0.215,20.81,3.08,0.27,348.67,0.619,0.628,40.23,42.68,10.48,303.67,0.583,0.528,37.03,43.69,-26.03,138.67,0.853,0.803,72.54,-65.95,47.58,7.17
5,202.92,0.023,0.984,97.61,-0.77,-1.44,202.92,0.047,0.942,92.98,-1.52,-2.87,202.92,0.6,0.601,47.34,-7.76,-24.59,157.92,0.779,0.532,50.25,-38.78,12.71,352.92,0.922,0.843,45.6,69.41,43.24,9.42
5,146.93,0.001,0.979,98.15,-0.08,0.03,146.93,0.02,0.936,93.91,-2.08,0.72,146.93,0.883,0.72,65.79,-58.22,34.65,176.93,0.647,0.722,68.49,-34.03,-6.66,146.93,0.2,0.5,51.08,-12.25,4.61,4.51
5,33.35,0.25,0.141,12.56,0.81,4.1,33.35,0.187,0.146,13.49,0.59,3.12,33.35,0.674,0.817,65.3,16.04,49.53,3.35,0.799,0.569,32.61,44.96,31.59,243.35,0.928,0.848,28.29,67.13,-92.53,3.84
5,10.62,0.018,0.951,94.66,1.05,0.79,10.62,0.006,0.973,97.26,0.37,0.28,10.62,0.642,0.727,49.1,37.93,30.86,340.62,0.643,0.702,44.5,49.77,3.67,160.62,0.874,0.867,78.71,-58.46,18.42,3.12
5,296.27,0.047,0.977,95.07,5.69,-4.28,296.27,0.016,0.949,94.54,1.9,-1.44,296.27,0.797,0.821,50.06,76.95,-52.11,266.27,0.517,0.731,46.75,37.18,-44.64,116.27,0.984,0.917,81.22,-80.0,77.66,4.3
5,309.54,0.107,0.129,11.42,2.4,-1.41,309.54,0.182,0.207,18.98,6.19,-3.57,309.54,0.755,0.85,52.98,74.88,-36.53,264.54,0.577,0.695,41.17,39.47,-48.23,129.54,0.957,0.884,78.64,-76.8,68.88,8.87
5,159.81,0.1,0.4,42.25,-4.66,0.6,159.81,0.1,0.4,42.25,-4.66,0.6,159.81,0.1,0.4,42.25,-4.66,0.6,204.81,0.1,0.4,41.09,-1.38,-3.19,309.81,0.1,0.4,40.2,5.82,-3.38,1.0
5,239.12,0.276,0.131,8.82,2.55,-6.33,239.12,0.237,0.131,9.38,2.13,-5.4,239.12,0.616,0.693,35.41,32.26,-57.47,194.12,0.577,0.666,57.13,-16.39,-19.16,59.12,0.871,0.871,85.2,-17.67,81.29,4.72
5,298.12,0.011,0.99,98.48,1.35,-0.99,298.12,0.063,0.951,91.83,7.68,-5.59,298.12,0.649,0.99,64.96,79.27,-52.18,253.12,0.751,0.531,22.76,38.37,-53.01,118.12,0.816,0.966,85.5,-79.38,74.98,2.66
5,124.12,0.023,0.971,96.87,-2.83,1.89,124.12,0.001,0.924,93.21,-0.12,0.08,124.12,0.684,0.723,66.35,-57.52,48.38,79.12,0.678,0.569,56.12,-26.15,46.67,334.12,0.886,0.948,52.96,78.51,5.81,6.01
5,263.66,0.026,0.958,94.45,1.95,-2.74,263.66,0.007,0.902,90.8,0.48,-0.68,263.66,0.566,0.867,51.41,45.94,-57.01,233.66,0.449,0.69,46.8,15.74,-38.7,113.66,0.844,0.904,80.65,-74.65,72.87,3.69
5,269.78,0.029,0.999,97.87,2.48,-3.06,269.78,0.033,0.96,94.17,2.79,-3.44,269.78,0.849,0.804,36.35,66.1,-72.32,224.78,0.681,0.552,31.22,15.55,-42.56,59.78,0.866,0.909,89.15,-19.32,84.31,4.9
5,191.7,0.006,0.98,98.09,-0.33,-0.27,191.7,0.009,0.927,93.26,-0.52,-0.42,191.7,0.557,0.808,70.03,-21.11,-19.65,236.7,0.446,0.729,48.37,18.91,-41.97,41.7,0.841,0.902,73.57,10.64,70.32,2.7
5,318.82,0.011,0.986,98.03,1.26,-0.59,318.82,0.071,0.959,91.94,7.89,-3.62,318.82,0.779,0.826,49.85,71.13,-22.93,348.82,0.729,0.753,44.56,56.55,18.26,168.82,0.825,0.857,78.66,-50.44,4.39,5.16
5,66.04,0.043,0.994,99.14,-2.23,5.05,66.04,0.037,0.906,91.38,-1.81,4.09,66.04,0.655,0.841,82.46,-22.64,64.93,111.04,0.512,0.562,53.98,-35.25,32.69,216.04,0.896,0.836,43.97,22.05,-64.91,5.64
5,236.42,0.9,0.9,31.99,64.34,-93.92,26.68,0.035,0.98,96.81,0.94,2.42,26.68,0.724,0.696,51.83,23.65,42.97,71.68,0.428,0.719,71.78,-17.64,38.03,236.68,0.941,0.875,29.67,66.2,-94.14,1.0
5,334.54,0.019,0.992,98.01,1.94,-0.41,334.54,0.067,0.93,89.58,6.62,-1.34,334.54,0.753,0.629,37.39,52.59,-0.62,289.54,0.619,0.52,33.72,42.47,-33.17,154.54,0.917,0.956,85.48,-68.96,32.49,5.37
5,5.27,0.01,0.986,98.08,0.75,0.39,5.27,0.031,0.953,93.95,2.19,1.14,5.27,0.639,0.717,46.53,42.49,27.8,335.27,0.763,0.728,42.98,59.37,0.87,215.27,0.887,0.955,51.12,22.42,-70.36,9.98
5,227.66,0.008,0.974,97.15,0.14,-0.79,227.66,0.057,0.922,89.37,1.05,-5.53,227.66,0.581,0.974,58.71,22.84,-60.64,182.66,0.64,0.758,70.24,-30.77,-12.53,17.66,0.982,0.901,53.25,59.36,63.37,6.3
5,295.86,0.033,0.99,97.01,4.04,-3.07,295.86,0.022,0.955,94.72,2.58,-1.97,295.86,0.606,0.882,59.01,67.16,-46.47,265.86,0.49,0.659,43.51,32.04,-39.02,115.86,0.939,0.844,75.41,-74.24,72.06,1.87
5,22.73,0.255,0.132,10.94,1.89,3.21,22.73,0.192,0.218,20.9,2.14,3.67,22.73,0.815,0.832,56.33,38.28,53.52,337.73,0.547,0.63,43.19,39.97,-1.2,202.73,0.893,0.853,57.21,-4.43,-46.06,10.0
5,116.29,0.28,0.139,12.73,-6.68,5.31,116.29,0.165,0.21,21.4,-5.63,4.4,116.29,0.898,0.848,75.81,-73.7,71.21,86.29,0.699,0.744,70.77,-39.22,58.03,296.29,0.813,0.819,49.61,77.56,-52.49,8.71
5,336.09,0.1,0.4,40.06,4.9,-0.83,336.09,0.1,0.4,40.06,4.9,-0.83,336.09,0.1,0.4,40.06,4.9,-0.83,6.09,0.1,0.4,40.24,3.48,1.93,186.09,0.1,0.4,42.04,-3.28,-1.79,1.0
5,6.17,0.283,0.121,8.62,3.74,1.82,6.17,0.162,0.133,11.33,2.25,1.26,6.17,0.705,0.602,37.62,39.86,28.12,51.17,0.65,0.759,71.24,-5.96,55.56,156.17,0.878,0.814,74.09,-58.7,24.35,7.27
5,159.23,0.035,0.969,96.6,-3.42,0.45,159.23,0.018,0.948,95.02,-1.74,0.22,159.23,0.871,0.879,79.63,-60.0,20.78,204.23,0.647,0.69,51.96,-6.9,-30.67,339.23,0.999,0.996,53.81,81.92,26.61,2.52
5,181.44,0.047,0.992,98.33,-3.77,-1.47,181.44,0.029,0.969,96.71,-2.27,-0.89,181.44,0.544,0.878,81.74,-32.42,-11.6,136.44,0.6,0.707,65.84,-48.31,31.02,31.44,0.995,0.814,56.43,33.41,63.97,2.34
5,228.94,0.03,0.959,94.35,0.63,-3.04,228.94,0.056,0.936,90.62,1.19,-5.62,228.94,0.767,0.851,40.61,36.75,-72.53,198.94,0.424,0.706,61.6,-10.93,-17.96,48.94,0.922,0.94,81.48,-0.11,80.66,4.98
5,317.38,0.217,0.133,10.64,4.83,-2.25,317.38,0.229,0.128,9.91,4.91,-2.29,317.38,0.796,0.628,37.86,58.55,-20.41,2.38,0.421,0.51,38.93,21.87,10.74,107.38,0.817,0.921,82.6,-71.01,73.15,6.1
5,248.64,0.219,0.1,6.73,1.76,-3.41,248.64,0.295,0.188,13.96,4.78,-8.99,248.64,0.65,0.84,41.72,45.55,-68.97,203.64,0.721,0.799,57.78,-7.32,-37.43,68.64,0.979,0.925,88.2,-33.9,85.78,8.26
5,46.06,0.17,0.094,7.85,-0.29,2.18,46.06,0.179,0.187,18.79,-0.53,4.56,46.06,0.857,0.692,60.33,2.69,60.11,16.06,0.554,0.521,39.39,20.52,21.24,46.06,0.2,0.5,51.07,-1.24,11.56,6.94
5,60.3,0.129,0.147,14.79,-1.14,3.23,60.3,0.252,0.217,22.79,-2.9,8.75,60.3,0.676,0.147,14.33,-4.6,15.59,15.3,0.483,0.689,53.66,22.56,22.39,240.3,0.847,0.826,29.56,60.33,-87.08,1.0
5,75.78,0.262,0.065,4.83,-1.16,1.92,75.78,0.169,0.206,21.51,-2.98,5.27,75.78,0.562,0.625,62.14,-22.22,43.27,45.78,0.732,0.712,63.3,1.08,55.02,225.78,0.961,0.827,33.16,47.58,-81.34,4.78
5,109.3,0.162,0.05,3.58,-0.82,0.69,109.3,0.135,0.208,21.36,-4.19,3.66,109.3,0.677,0.895,81.25,-62.66,62.13,79.3,0.729,0.517,51.1,-25.75,45.77,259.3,0.892,0.945,37.0,73.76,-91.99,6.26
5,71.73,0.002,0.956,96.12,-0.13,0.25,71.73,0.045,0.961,96.15,-2.63,5.05,71.73,0.876,0.605,59.71,-26.09,59.38,101.73,0.596,0.722,68.07,-43.65,47.45,281.73,0.912,0.937,46.47,82.19,-74.96,7.88
5,309.53,0.02,0.966,95.77,2.41,-1.43,309.53,0.036,0.961,94.32,4.29,-2.55,309.53,0.55,0.659,46.64,48.14,-25.01,339.53,0.727,0.653,39.17,51.96,4.7,129.53,0.916,0.898,79.85,-76.86,67.59,3.68
5,266.98,0.014,0.957,95.18,1.11,-1.46,266.98,0.068,0.913,87.65,5.33,-6.92,266.98,0.842,0.747,32.96,61.14,-69.54,236.98,0.73,0.586,25.49,33.78,-57.26,266.98,0.2,0.5,45.07,9.86,-12.51,6.89
5,91.01,0.288,0.139,13.14,-4.86,6.08,91.01,0.167,0.193,19.76,-3.76,4.64,91.01,0.729,0.701,66.36,-42.37,56.44,46.01,0.669,0.566,51.9,-0.13,42.52,241.01,0.904,0.904,30.74,69.18,-96.65,6.15
5,212.38,0.9,0.9,50.48,15.9,-63.56,285.33,0.13,0.166,15.21,3.25,-2.94,285.33,0.64,0.628,39.05,49.09,-41.37,255.33,0.495,0.785,49.44,32.84,-48.25,135.33,0.858,0.842,75.58,-69.78,54.08,1.24
5,232.78,0.9,0.9,33.91,58.7,-90.74,167.87,0.039,0.934,93.47,-3.42,-0.16,167.87,0.739,0.9,82.49,-50.2,4.53,122.87,0.55,0.712,66.35,-48.85,39.48,317.87,0.834,0.806,47.7,72.46,-23.56,4.52
5,183.55,0.2,0.055,3.91,-0.77,-0.36,183.55,0.107,0.175,17.76,-1.9,-0.86,183.55,0.675,0.852,77.1,-33.64,-15.12,213.55,0.718,0.726,46.4,6.29,-44.79,3.55,0.867,0.893,49.74,67.99,52.8,9.23
5,219.0,0.014,0.959,95.54,-0.0,-1.21,219.0,0.03,0.964,95.07,0.01,-2.64,219.0,0.657,0.825,51.42,12.42,-51.22,264.0,0.661,0.563,29.88,38.22,-46.38,9.0,0.935,0.913,51.18,67.74,59.94,5.73
5,269.79,0.022,0.954,94.47,1.8,-2.22,269.79,0.023,0.933,92.56,1.86,-2.29,269.79,0.617,0.7,40.6,44.92,-49.84,239.79,0.667,0.78,36.47,41.23,-68.79,269.79,0.2,0.5,45.18,10.29,-12.33,5.43
5,340.98,0.1,0.4,40.03,4.74,-0.36,340.98,0.1,0.4,40.03,4.74,-0.36,340.98,0.1,0.4,40.03,4.74,-0.36,295.98,0.1,0.4,40.19,5.9,-4.43,130.98,0.1,0.4,42.11,-5.7,3.38,1.0
5,357.01,0.208,0.148,12.17,3.9,1.16,357.01,0.288,0.165,12.75,6.03,1.87,357.01,0.579,0.649,42.62,40.02,17.16,42.01,0.465,0.679,62.62,1.28,32.99,207.01,0.994,0.889,52.17,9.52,-59.33,4.42
5,144.87,0.9,0.9,80.51,-70.91,45.91,1.81,0.23,0.147,11.83,4.01,1.71,1.81,0.571,0.688,45.89,39.43,21.25,46.81,0.703,0.517,47.61,-0.57,41.59,211.81,0.892,0.973,55.24,15.3,-66.25,2.88
5,156.18,0.9,0.9,81.08,-64.16,27.39,38.54,0.075,0.948,93.36,0.2,6.44,38.54,0.845,0.847,67.07,15.35,65.17,68.54,0.694,0.659,65.7,-21.44,55.45,188.54,0.936,0.99,80.58,-32.09,-28.73,1.0
5,210.1,0.02,0.968,96.2,-0.36,-1.44,210.1,0.004,0.917,92.51,-0.07,-0.26,210.1,0.506,0.774,59.52,-2.61,-31.05,240.1,0.728,0.67,28.15,41.57,-65.92,60.1,0.94,0.882,86.9,-19.63,84.78,3.13
5,269.34,0.9,0.9,38.86,74.3,-82.3,207.67,0.296,0.141,11.46,-1.18,-4.21,207.67,0.527,0.778,60.23,-4.79,-30.55,237.67,0.68,0.685,32.28,35.39,-61.43,57.67,0.906,0.821,79.52,-14.69,77.85,3.79
5,337.79,0.264,0.148,11.51,5.68,-0.66,337.79,0.152,0.217,20.36,4.46,-0.59,337.79,0.672,0.704,43.88,52.37,1.29,22.79,0.446,0.508,42.97,11.66,18.35,157.79,0.892,0.845,76.73,-59.79,23.1,7.89
5,323.19,0.249,0.058,3.49,1.47,-0.56,323.19,0.279,0.199,16.47,8.51,-3.12,323.19,0.563,0.616,42.45,43.27,-13.12,293.19,0.484,0.525,38.7,35.26,-26.12,143.19,0.872,0.983,87.14,-75.78,50.27,7.6
5,137.16,0.262,0.132,12.07,-5.64,2.97,137.16,0.177,0.166,16.33,-4.64,2.39,137.16,0.621,0.88,80.12,-58.77,37.77,107.16,0.672,0.523,49.63,-39.7,40.22,347.16,0.906,0.807,44.05,67.39,29.84,7.2
5,222.93,0.166,0.143,12.28,0.36,-3.2,222.93,0.269,0.142,10.93,0.7,-5.19,222.93,0.596,0.754,47.8,13.51,-46.56,267.93,0.775,0.699,33.35,54.77,-61.54,42.93,0.93,0.846,68.97,10.61,70.81,6.16
5,10.5,0.9,0.9,51.77,63.5,57.42,300.11,0.175,0.146,12.55,4.64,-3.22,300.11,0.542,0.706,50.83,52.93,-34.04,330.11,0.613,0.661,43.5,47.69,-7.67,120.11,0.814,0.879,78.49,-74.36,69.35,1.0
5,200.53,0.146,0.1,8.18,-0.13,-1.3,200.53,0.246,0.216,20.33,-2.52,-4.2,200.53,0.588,0.866,68.47,-12.96,-30.18,155.53,0.586,0.614,58.42,-36.43,11.55,20.53,0.926,0.881,55.0,50.61,61.18,9.39
5,15.5,0.256,0.09,6.23,1.59,1.52,15.5,0.189,0.209,19.6,2.85,2.92,15.5,0.763,0.602,39.48,34.44,35.31,330.5,0.738,0.629,38.05,52.8,-5.67,195.5,0.983,0.85,62.32,-15.44,-37.67,8.4
5,324.57,0.011,0.994,98.79,1.18,-0.45,324.57,0.045,0.966,94.18,4.84,-1.82,324.57,0.785,0.809,48.12,68.48,-14.19,9.57,0.558,0.719,51.03,33.01,24.83,144.57,0.971,0.964,85.44,-77.05,53.5,4.31
5,178.88,0.9,0.9,82.89,-44.88,-11.03,144.08,0.079,0.902,89.72,-8.06,3.24,144.08,0.741,0.798,72.8,-58.62,34.07,174.08,0.572,0.591,57.2,-27.98,-3.33,324.08,0.836,0.925,53.65,78.45,-15.25,1.0
5,272.62,0.045,0.954,92.87,3.94,-4.57,272.62,0.031,0.908,89.76,2.64,-3.07,272.62,0.507,0.799,52.58,42.03,-45.1,227.62,0.534,0.523,34.01,11.43,-33.57,122.62,0.805,0.967,85.6,-79.23,71.96,3.02
5,14.49,0.9,0.9,53.55,58.62,58.68,95.23,0.003,0.974,97.67,-0.26,0.29,95.23,0.585,0.726,69.03,-39.2,47.69,140.23,0.557,0.509,48.72,-34.09,19.29,245.23,0.989,0.956,31.27,76.29,-103.29,1.0
5,2.25,0.1,0.4,40.05,3.87,1.65,2.25,0.1,0.4,40.05,3.87,1.65,2.25,0.1,0.4,40.05,3.87,1.65,47.25,0.1,0.4,42.27,-0.73,4.86,152.25,0.1,0.4,42.21,-4.93,1.33,1.0
5,31.53,0.004,0.96,96.28,0.07,0.34,31.53,0.004,0.95,95.45,0.06,0.3,31.53,0.615,0.684,55.84,13.74,38.16,1.53,0.701,0.515,30.97,38.3,22.9,31.53,0.2,0.5,49.33,2.32,9.12,2.69
5,289.96,0.038,0.958,93.85,4.23,-3.55,289.96,0.012,0.921,92.3,1.28,-1.08,289.96,0.644,0.723,45.97,57.41,-44.36,244.96,0.469,0.748,47.46,25.58,-46.16,289.96,0.2,0.5,46.01,13.4,-10.99,7.42
5,93.54,0.277,0.14,13.15,-4.89,5.8,93.54,0.159,0.143,13.91,-2.9,3.38,93.54,0.665,0.672,63.96,-39.79,50.34,138.54,0.716,0.542,50.85,-43.91,28.53,243.54,0.879,0.831,29.04,63.35,-88.73,6.28
5,356.31,0.002,0.972,97.45,0.13,0.03,356.31,0.04,0.909,89.39,3.28,0.85,356.31,0.568,0.706,46.65,42.05,17.12,41.31,0.631,0.76,66.19,4.72,48.41,206.31,0.997,0.954,56.42,8.77,-61.64,7.83
5,153.9,0.166,0.106,9.31,-2.65,0.65,153.9,0.27,0.14,13.04,-5.41,1.41,153.9,0.874,0.106,7.86,-11.15,3.85,183.9,0.452,0.53,51.25,-17.6,-7.99,3.9,0.803,0.964,55.2,68.23,50.27,4.24
5,75.71,0.038,0.963,96.29,-2.45,4.23,75.71,0.069,0.908,91.15,-4.21,7.31,75.71,0.55,0.894,86.01,-29.05,56.7,120.71,0.786,0.541,50.09,-50.16,45.65,285.71,0.935,0.919,47.32,83.34,-70.83,5.2
5,1.95,0.1,0.088,6.79,0.96,0.39,1.95,0.129,0.122,10.3,1.85,0.77,1.95,0.686,0.088,3.36,5.05,1.99,31.95,0.65,0.724,58.25,15.23,42.56,151.95,0.85,0.93,83.45,-66.92,32.91,4.52
5,213.89,0.182,0.063,4.19,-0.1,-0.96,213.89,0.106,0.182,17.76,-0.25,-2.12,213.89,0.823,0.853,49.53,13.35,-58.27,258.89,0.653,0.628,32.78,39.36,-51.74,3.89,0.859,0.933,52.16,69.67,54.11,10.0
5,290.15,0.03,0.958,94.43,3.3,-2.77,290.15,0.002,0.929,93.59,0.21,-0.18,290.15,0.719,0.852,51.3,71.24,-54.65,245.15,0.536,0.775,44.81,31.71,-54.42,290.15,0.2,0.5,46.02,13.44,-10.98,5.7
5,244.67,0.047,0.965,93.2,2.41,-5.51,244.67,0.0,0.922,93.06,0.0,-0.01,244.67,0.587,0.799,42.82,36.64,-61.1,199.67,0.451,0.633,54.78,-9.91,-17.82,34.67,0.946,0.865,63.3,26.68,67.53,7.19
5,128.37,0.9,0.9,80.03,-76.85,68.01,45.85,0.285,0.166,15.9,-0.63,6.57,45.85,0.7,0.695,62.39,0.52,52.07,90.85,0.561,0.719,69.0,-34.77,46.05,255.85,0.86,0.978,38.42,73.1,-94.43,4.09
5,296.5,0.045,0.978,95.22,5.49,-4.12,296.5,0.065,0.931,89.97,7.66,-5.73,296.5,0.767,0.897,55.27,80.83,-54.53,341.5,0.496,0.528,37.79,30.95,0.9,146.5,0.816,0.966,86.2,-70.72,40.86,3.41
5,191.47,0.044,1.0,98.65,-2.56,-2.04,191.47,0.047,0.965,95.53,-2.66,-2.12,191.47,0.631,0.692,59.67,-20.09,-19.04,221.47,0.596,0.758,48.82,11.85,-45.53,11.47,0.939,0.873,49.81,63.05,58.52,7.38
5,252.22,0.1,0.4,39.5,3.04,-5.52,252.22,0.1,0.4,39.5,3.04,-5.52,252.22,0.1,0.4,39.5,3.04,-5.52,207.22,0.1,0.4,40.96,-1.14,-3.37,102.22,0.1,0.4,42.3,-4.9,4.82,1.0
5,346.85,0.122,0.098,7.72,1.64,0.07,346.85,0.217,0.174,14.77,5.02,0.31,346.85,0.534,0.617,42.42,36.88,6.04,31.85,0.79,0.642,49.13,18.7,46.47,196.85,0.847,0.928,68.91,-16.97,-38.2,7.82
5,143.7,0.22,0.115,10.2,-4.03,1.7,143.7,0.131,0.218,22.5,-4.13,1.71,143.7,0.718,0.641,59.61,-48.42,27.74,188.7,0.546,0.692,62.43,-21.02,-14.89,323.7,0.999,0.94,52.43,82.7,-10.14,9.24
5,129.1,0.282,0.052,3.58,-1.55,0.95,129.1,0.163,0.126,11.61,-3.55,2.21,129.1,0.807,0.052,3.06,-4.19,2.54,159.1,0.787,0.688,64.01,-47.12,14.66,309.1,0.935,0.861,50.85,82.46,-38.53,4.54
5,208.7,0.169,0.132,11.48,-0.63,-2.32,208.7,0.193,0.128,10.82,-0.69,-2.58,208.7,0.566,0.618,46.91,-2.91,-27.89,163.7,0.799,0.636,59.62,-42.24,8.79,358.7,0.988,0.975,51.99,78.39,63.84,5.28
5,149.34,0.019,0.983,98.09,-2.04,0.63,149.34,0.035,0.952,95.01,-3.62,1.12,149.34,0.525,0.844,78.47,-45.42,18.86,119.34,0.692,0.541,50.49,-46.59,41.56,329.34,0.83,0.895,51.56,74.67,-5.99,4.39
5,107.05,0.1,0.4,42.23,-5.22,4.71,107.05,0.1,0.4,42.23,-5.22,4.71,107.05,0.1,0.4,42.23,-5.22,4.71,152.05,0.1,0.4,42.21,-4.94,1.35,317.05,0.1,0.4,40.16,5.56,-2.68,1.0
5,244.22,0.03,0.957,93.94,1.47,-3.43,244.22,0.014,0.97,96.3,0.68,-1.61,244.22,0.723,0.861,37.53,51.95,-78.98,289.22,0.638,0.524,33.42,43.74,-34.33,34.22,0.951,0.917,66.35,29.19,70.53,6.55
5,329.68,0.172,0.081,5.61,1.8,-0.5,329.68,0.139,0.188,17.53,3.81,-1.07,329.68,0.629,0.896,57.55,62.35,-9.94,299.68,0.471,0.717,53.9,46.98,-30.82,119.68,0.894,0.885,78.71,-76.96,73.33,9.67
5,242.01,0.196,0.131,9.97,1.89,-4.46,242.01,0.29,0.122,7.87,2.06,-5.98,242.01,0.893,0.626,20.42,50.95,-71.96,287.01,0.491,0.67,47.63,41.04,-34.0,242.01,0.2,0.5,44.12,6.1,-14.03,1.0
5,137.96,0.143,0.094,7.98,-2.22,1.09,137.96,0.11,0.202,20.83,-3.39,1.68,137.96,0.831,0.776,70.41,-63.67,45.84,167.96,0.601,0.52,50.36,-28.43,1.38,287.96,0.965,0.926,48.58,85.43,-69.8,8.83
5,5.24,0.012,0.993,98.63,0.9,0.47,5.24,0.013,0.933,93.29,0.91,0.47,5.24,0.506,0.744,53.19,34.07,20.44,335.24,0.474,0.518,37.95,30.03,-3.18,215.24,0.958,0.857,43.41,25.48,-68.8,8.19
5,25.62,0.9,0.9,60.07,41.5,63.41,159.06,0.016,0.931,93.57,-1.52,0.2,159.06,0.52,0.719,68.26,-36.31,8.41,189.06,0.781,0.765,64.95,-25.99,-21.51,9.06,0.839,0.895,52.42,61.12,52.12,1.0
5,187.36,0.05,0.96,95.22,-3.24,-1.94,187.36,0.021,0.909,91.43,-1.3,-0.78,187.36,0.867,0.833,70.74,-30.37,-22.28,157.36,0.474,0.662,63.6,-31.93,8.07,7.36,0.89,0.866,48.96,64.22,54.16,4.85
5,61.16,0.1,0.4,42.89,-2.1,5.74,61.16,0.1,0.4,42.89,-2.1,5.74,61.16,0.1,0.4,42.89,-2.1,5.74,106.16,0.1,0.4,42.25,-5.16,4.73,211.16,0.1,0.4,40.77,-0.73,-3.67,1.0
5,241.36,0.032,0.971,94.86,1.49,-3.8,241.36,0.039,0.933,91.08,1.77,-4.5,241.36,0.51,0.701,41.71,25.84,-48.37,211.36,0.795,0.512,31.98,4.03,-35.24,241.36,0.2,0.5,44.1,6.01,-14.07,6.99
5,64.45,0.26,0.118,10.97,-2.07,4.99,64.45,0.209,0.168,17.06,-2.28,5.75,64.45,0.869,0.622,62.53,-19.29,61.99,34.45,0.651,0.694,57.2,12.03,42.55,274.45,0.999,0.848,36.53,74.82,-78.55,6.66
5,262.89,0.198,0.113,8.27,2.58,-3.61,262.89,0.248,0.181,14.52,4.94,-6.81,262.89,0.507,0.658,42.23,32.08,-41.06,217.89,0.692,0.626,38.67,9.69,-42.11,262.89,0.2,0.5,44.91,9.23,-12.77,3.48
5,234.82,0.192,0.118,8.77,1.22,-3.74,234.82,0.224,0.177,14.41,2.09,-6.21,234.82,0.524,0.79,48.05,23.6,-51.39,279.82,0.558,0.54,35.15,36.34,-34.1,84.82,0.99,0.976,88.86,-59.78,85.13,8.59
5,147.27,0.1,0.4,42.19,-5.12,1.81,147.27,0.1,0.4,42.19,-5.12,1.81,147.27,0.1,0.4,42.19,-5.12,1.81,117.27,0.1,0.4,42.09,-5.9,4.5,327.27,0.1,0.4,40.11,5.21,-1.69,1.0
5,251.76,0.166,0.124,9.82,1.9,-3.46,251.76,0.182,0.14,11.21,2.32,-4.2,251.76,0.705,0.639,29.62,41.22,-58.7,281.76,0.453,0.578,41.97,31.84,-29.2,251.76,0.2,0.5,44.48,7.56,-13.45,1.0
5,322.77,0.9,0.9,51.38,79.14,-15.53,149.59,0.118,0.152,14.98,-2.64,0.83,149.59,0.542,0.639,60.72,-37.23,15.37,179.59,0.589,0.527,51.53,-23.99,-6.97,299.59,0.943,0.872,52.9,87.46,-54.78,1.0
5,113.79,0.031,0.99,98.45,-3.73,2.97,113.79,0.049,0.924,92.2,-5.5,4.39,113.79,0.602,0.698,65.04,-49.31,45.39,143.79,0.508,0.56,53.78,-33.15,16.48,323.79,0.877,0.887,50.87,77.37,-14.23,7.08
5,153.54,0.031,0.954,95.31,-3.07,0.72,153.54,0.007,0.914,92.21,-0.68,0.16,153.54,0.707,0.664,62.04,-45.41,17.95,108.54,0.406,0.608,59.15,-29.56,27.72,3.54,0.803,0.93,53.23,66.63,48.62,5.74
5,290.78,0.277,0.132,9.69,6.15,-4.96,290.78,0.104,0.194,18.74,3.15,-2.59,290.78,0.583,0.64,42.96,48.15,-36.84,335.78,0.42,0.569,43.53,28.66,-3.12,110.78,0.828,0.8,72.45,-65.89,65.68,8.12
5,309.28,0.2,0.117,9.13,4.19,-2.43,309.28,0.148,0.196,18.33,4.77,-2.79,309.28,0.804,0.117,4.48,13.61,-7.14,264.28,0.773,0.686,31.81,52.52,-62.21,159.28,0.817,0.877,79.71,-58.03,18.76,5.2
5,118.28,0.1,0.4,42.08,-5.97,4.47,118.28,0.1,0.4,42.08,-5.97,4.47,118.28,0.1,0.4,42.08,-5.97,4.47,163.28,0.1,0.4,42.26,-4.53,0.27,268.28,0.1,0.4,39.75,4.08,-5.13,1.0
5,188.43,0.046,0.991,97.93,-2.98,-1.92,188.43,0.066,0.964,95.05,-4.15,-2.68,188.43,0.629,0.83,72.51,-26.5,-18.97,158.43,0.473,0.787,74.46,-36.23,8.44,38.43,0.805,0.958,75.8,15.71,69.48,2.59
5,114.1,0.262,0.138,12.68,-6.06,4.97,114.1,0.16,0.206,20.97,-5.25,4.24,114.1,0.843,0.829,74.6,-69.95,68.03,144.1,0.765,0.529,49.62,-43.28,25.12,264.1,0.937,0.866,34.14,71.71,-85.28,6.02
5,83.26,0.149,0.081,6.52,-1.17,1.63,83.26,0.113,0.138,13.48,-1.67,2.41,83.26,0.502,0.734,71.49,-27.61,43.24,38.26,0.532,0.699,61.67,5.38,36.73,83.26,0.2,0.5,51.94,-8.56,12.65,7.76
5,232.86,0.225,0.114,8.03,1.25,-4.16,232.86,0.161,0.206,18.67,1.46,-4.93,232.86,0.884,0.665,24.93,44.37,-70.58,277.86,0.553,0.55,35.7,35.87,-34.89,82.86,0.935,0.927,85.49,-53.04,81.51,5.99
5,184.0,0.03,0.973,96.95,-2.21,-1.04,184.0,0.066,0.966,95.59,-4.79,-2.25,184.0,0.784,0.632,57.65,-27.92,-13.47,139.0,0.588,0.712,66.39,-46.96,28.17,4.0,0.873,0.976,54.23,72.79,57.44,6.55
5,117.4,0.114,0.085,6.94,-1.6,1.19,117.4,0.272,0.143,13.26,-6.78,5.29,117.4,0.778,0.789,71.39,-66.09,61.97,147.4,0.519,0.733,69.01,-40.84,18.18,297.4,0.828,0.802,48.89,77.51,-51.19,8.75
5,20.22,0.013,0.976,97.32,0.51,0.76,20.22,0.014,0.913,91.7,0.52,0.77,20.22,0.685,0.61,43.84,26.08,33.33,335.22,0.603,0.542,35.7,39.11,-2.53,230.22,0.85,0.815,34.11,45.11,-77.88,9.38
5,147.86,0.041,0.995,98.65,-4.39,1.47,147.86,0.068,0.954,94.52,-7.08,2.41,147.86,0.555,0.683,64.45,-40.65,18.18,192.86,0.701,0.654,54.77,-18.53,-21.06,297.86,0.949,0.862,51.23,85.84,-56.08,7.4
5,331.45,0.017,0.953,94.73,1.75,-0.46,331.45,0.016,0.933,93.09,1.63,-0.43,331.45,0.588,0.6,40.21,42.27,-6.09,286.45,0.605,0.584,37.7,44.5,-36.84,331.45,0.2,0.5,46.0,12.36,-2.92,5.13
5,42.89,0.026,0.967,96.52,-0.19,2.38,42.89,0.03,0.95,94.86,-0.21,2.75,42.89,0.787,0.967,80.39,7.62,72.09,357.89,0.767,0.532,30.28,43.65,24.82,192.89,0.811,0.838,66.92,-22.36,-28.77,1.0
5,288.86,0.168,0.094,6.97,2.49,-1.9,288.86,0.235,0.171,14.23,6.36,-5.32,288.86,0.845,0.86,47.72,78.07,-61.6,333.86,0.413,0.66,50.54,32.14,-4.7,138.86,0.962,0.864,77.24,-72.96,56.86,9.24
5,357.17,0.1,0.4,39.95,4.2,1.22,357.17,0.1,0.4,39.95,4.2,1.22,357.17,0.1,0.4,39.95,4.2,1.22,42.17,0.1,0.4,42.02,-0.22,4.5,207.17,0.1,0.4,40.97,-1.14,-3.37,1.0
5,357.76,0.9,0.9,48.83,72.08,52.03,24.55,0.158,0.162,15.19,1.2,2.42,24.55,0.651,0.863,64.32,27.16,44.46,339.55,0.723,0.721,43.35,56.0,5.13,174.55,0.821,0.991,90.09,-51.23,-4.6,3.45
5,281.94,0.006,0.982,97.98,0.62,-0.61,281.94,0.01,0.906,91.0,0.95,-0.92,281.94,0.864,0.657,33.35,61.25,-55.08,236.94,0.746,0.536,22.5,32.26,-54.25,101.94,0.991,0.849,76.43,-69.73,74.23,5.46
5,158.43,0.197,0.071,5.36,-1.56,0.25,158.43,0.123,0.204,21.01,-3.3,0.52,158.43,0.701,0.604,57.05,-39.87,11.72,203.43,0.755,0.56,40.52,-5.67,-29.08,8.43,0.901,0.976,55.1,70.1,60.8,8.36
5,248.85,0.134,0.081,5.71,0.77,-1.59,248.85,0.201,0.2,16.99,3.29,-6.36,248.85,0.796,0.794,31.84,55.88,-78.45,218.85,0.447,0.62,47.23,3.51,-27.62,248.85,0.2,0.5,44.37,7.12,-13.63,2.95
5,344.03,0.048,0.968,94.02,4.5,-0.09,344.03,0.003,0.914,92.18,0.31,-0.01,344.03,0.657,0.884,54.8,60.22,9.92,14.03,0.601,0.749,53.26,32.66,30.69,194.03,0.924,0.896,68.01,-20.14,-35.16,4.79
5,52.57,0.047,0.996,98.98,-1.3,5.16,52.57,0.071,0.95,94.64,-1.86,7.53,52.57,0.823,0.621,58.76,-5.95,57.3,82.57,0.625,0.701,67.94,-31.53,51.02,202.57,0.871,0.83,56.47,-5.41,-43.92,7.08
5,198.7,0.148,0.093,7.46,-0.8,-1.14,198.7,0.294,0.186,16.84,-2.89,-4.18,198.7,0.726,0.88,66.93,-15.05,-34.6,153.7,0.678,0.609,57.37,-41.12,15.66,48.7,0.943,0.839,73.09,0.59,74.17,9.08
5,318.13,0.169,0.118,9.52,3.36,-1.55,318.13,0.105,0.189,18.25,3.1,-1.45,318.13,0.626,0.118,5.51,11.08,-4.51,348.13,0.544,0.526,35.89,32.78,6.35,138.13,0.816,0.829,74.84,-66.39,47.27,4.67
5,327.9,0.101,0.098,8.0,0.9,-0.23,327.9,0.125,0.151,13.67,2.86,-0.9,327.9,0.87,0.649,36.9,59.63,-6.1,282.9,0.633,0.714,43.96,52.75,-46.47,147.9,0.909,0.977,86.77,-74.2,44.5,6.4
5,267.81,0.9,0.9,38.19,73.78,-83.42,108.53,0.278,0.131,11.98,-5.78,5.2,108.53,0.502,0.751,70.75,-42.4,40.76,63.53,0.639,0.764,76.11,-18.49,59.47,288.53,0.863,0.9,49.31,81.42,-64.8,1.94
5,175.46,0.238,0.076,5.83,-1.82,-0.4,175.46,0.225,0.203,20.54,-5.1,-1.06,175.46,0.576,0.875,81.89,-37.6,-5.91,220.46,0.628,0.729,46.12,11.62,-45.56,355.46,0.862,0.945,51.86,73.81,46.4,8.6
5,266.99,0.261,0.135,9.75,4.3,-5.45,266.99,0.179,0.125,9.87,2.72,-3.49,266.99,0.661,0.802,43.43,52.42,-60.47,236.99,0.633,0.639,32.64,29.08,-53.83,56.99,0.927,0.837,80.31,-13.76,79.16,6.32
5,40.62,0.03,0.974,96.95,-0.07,2.69,40.62,0.002,0.93,93.79,-0.01,0.19,40.62,0.542,0.759,67.42,3.78,41.41,10.62,0.783,0.628,38.79,41.6,35.8,190.62,0.86,0.992,79.51,-28.97,-30.69,2.97
5,44.44,0.141,0.05,3.58,-0.06,0.6,44.44,0.108,0.218,22.61,-0.29,3.03,44.44,0.597,0.799,71.55,0.87,49.68,14.44,0.455,0.721,56.72,22.52,21.3,254.44,0.988,0.898,30.88,73.36,-95.51,5.39
5,351.15,0.215,0.084,5.61,2.03,0.3,351.15,0.23,0.127,9.63,3.93,0.62,351.15,0.859,0.636,34.97,54.51,26.56,306.15,0.737,0.684,43.64,63.3,-34.39,171.15,0.879,0.895,81.79,-51.53,1.69,7.2
5,30.34,0.018,0.984,97.93,0.34,1.34,30.34,0.022,0.966,96.22,0.41,1.63,30.34,0.796,0.837,61.82,26.01,56.92,60.34,0.654,0.559,57.54,-12.47,47.74,210.34,0.904,0.95,55.05,12.36,-63.27,3.95
5,308.86,0.233,0.094,6.45,3.58,-2.13,308.86,0.291,0.192,15.7,9.36,-5.35,308.86,0.872,0.758,45.52,73.51,-35.47,278.86,0.613,0.746,45.64,51.22,-48.57,128.86,0.824,0.861,77.1,-71.69,60.58,9.3
5,254.67,0.036,0.995,96.82,2.34,-4.07,254.67,0.047,0.91,88.68,2.86,-4.96,254.67,0.549,0.816,47.87,38.14,-55.43,224.67,0.477,0.7,49.34,9.6,-36.14,104.67,0.805,0.85,77.07,-64.3,68.31,6.29
5,120.4,0.204,0.07,5.15,-1.98,1.4,120.4,0.261,0.139,12.72,-6.48,4.82,120.4,0.534,0.731,68.01,-49.22,41.03,90.4,0.742,0.725,68.4,-43.61,58.81,270.4,0.912,0.869,37.63,73.07,-79.87,7.27
5,260.89,0.042,0.993,96.27,3.11,-4.64,260.89,0.025,0.968,95.34,1.83,-2.74,260.89,0.516,0.993,61.19,44.85,-59.12,305.89,0.696,0.646,42.08,58.29,-32.18,50.89,0.935,0.867,77.39,-3.45,77.4,1.5
5,164.73,0.1,0.4,42.27,-4.47,0.13,164.73,0.1,0.4,42.27,-4.47,0.13,164.73,0.1,0.4,42.27,-4.47,0.13,134.73,0.1,0.4,42.13,-5.57,3.02,314.73,0.1,0.4,40.17,5.64,-2.9,1.0
5,16.25,0.022,0.992,98.18,1.08,1.19,16.25,0.021,0.934,93.1,0.98,1.09,16.25,0.516,0.735,56.14,24.88,26.03,346.25,0.538,0.696,47.53,41.09,6.32,16.25,0.2,0.5,47.53,6.12,6.57,5.44
5,275.97,0.1,0.4,39.87,4.58,-4.94,275.97,0.1,0.4,39.87,4.58,-4.94,275.97,0.1,0.4,39.87,4.58,-4.94,320.97,0.1,0.4,40.14,5.42,-2.3,65.97,0.1,0.4,42.82,-2.43,5.63,1.0
5,328.61,0.222,0.105,7.58,2.98,-0.79,328.61,0.15,0.154,13.72,3.5,-1.04,328.61,0.841,0.105,3.4,9.94,-1.97,298.61,0.701,0.772,50.17,68.9,-44.72,118.61,0.875,0.921,81.68,-78.63,75.0,4.8
5,241.11,0.9,0.9,30.7,68.67,-96.08,335.72,0.047,0.961,93.59,4.64,-0.86,335.72,0.663,0.864,53.94,61.46,-1.31,5.72,0.477,0.716,52.63,30.57,18.48,155.72,0.826,0.862,78.21,-59.88,24.15,4.61
5,66.26,0.038,0.974,97.38,-1.95,4.39,66.26,0.018,0.949,95.38,-0.92,2.05,66.26,0.516,0.974,94.45,-21.78,59.26,21.26,0.501,0.633,50.89,17.39,24.36,276.26,0.842,0.826,40.26,69.8,-69.1,4.55
5,153.18,0.028,0.951,95.1,-2.82,0.68,153.18,0.003,0.936,94.25,-0.27,0.06,153.18,0.827,0.866,78.37,-61.64,28.06,108.18,0.602,0.621,58.7,-42.29,41.75,303.18,0.924,0.824,49.81,82.13,-46.88,2.76
5,73.26,0.9,0.9,85.28,-38.23,81.12,243.58,0.022,0.927,91.83,1.04,-2.49,243.58,0.78,0.83,33.07,55.45,-81.76,198.58,0.799,0.51,38.78,-9.88,-24.1,93.58,0.948,0.813,74.4,-59.37,72.08,3.27
5,353.86,0.229,0.122,9.09,3.7,0.82,353.86,0.295,0.158,11.92,6.07,1.43,353.86,0.821,0.73,40.9,59.0,31.3,23.86,0.74,0.722,51.77,28.66,43.79,143.86,0.844,0.865,77.85,-67.28,42.68,8.07
5,87.32,0.015,0.996,99.45,-1.2,1.57,87.32,0.018,0.923,92.93,-1.43,1.87,87.32,0.648,0.799,75.73,-39.92,57.6,117.32,0.56,0.517,49.23,-37.9,32.87,87.32,0.2,0.5,51.81,-9.24,12.45,2.46
5,286.44,0.115,0.078,5.71,1.21,-1.1,286.44,0.217,0.146,11.82,4.96,-4.35,286.44,0.874,0.639,33.94,62.0,-51.34,256.44,0.415,0.61,42.92,22.02,-32.73,136.44,0.903,0.971,85.91,-79.16,62.25,6.94
5,311.17,0.023,0.974,96.26,2.7,-1.55,311.17,0.031,0.977,96.07,3.66,-2.09,311.17,0.779,0.625,38.57,59.38,-27.34,341.17,0.799,0.628,36.0,53.26,9.24,161.17,0.806,0.945,85.43,-59.76,16.59,2.38
5,297.53,0.212,0.055,3.49,1.35,-1.0,297.53,0.294,0.171,13.63,8.83,-6.28,297.53,0.616,0.741,50.18,60.07,-40.21,327.53,0.66,0.685,43.68,52.74,-10.29,87.53,0.826,0.86,79.7,-51.03,72.43,9.22
5,27.11,0.175,0.132,11.75,0.94,2.38,27.11,0.101,0.166,16.24,0.63,1.66,27.11,0.632,0.616,48.39,17.26,33.85,357.11,0.584,0.713,46.48,43.51,18.96,237.11,0.904,0.825,28.68,61.1,-88.42,4.17
5,66.35,0.108,0.052,3.85,-0.28,0.61,66.35,0.255,0.133,12.88,-2.4,5.72,66.35,0.687,0.782,77.08,-22.3,63.52,36.35,0.583,0.587,50.85,7.1,34.07,216.35,0.802,0.952,53.73,18.47,-65.76,10.0
5,90.31,0.202,0.141,13.57,-3.42,4.3,90.31,0.257,0.169,16.68,-5.06,6.4,90.31,0.878,0.617,58.36,-43.17,57.29,60.31,0.604,0.636,64.89,-13.2,49.46,240.31,0.978,0.853,27.21,69.33,-94.95,4.57
5,101.72,0.014,0.97,97.11,-1.4,1.38,101.72,0.08,0.904,90.13,-7.57,7.5,101.72,0.731,0.97,87.62,-64.74,71.49,146.72,0.692,0.607,56.93,-44.23,22.61,281.72,0.852,0.863,44.28,75.14,-67.86,5.9
5,120.56,0.214,0.141,13.19,-5.4,3.97,120.56,0.101,0.201,20.72,-3.46,2.5,120.56,0.879,0.627,57.4,-58.92,55.43,165.56,0.644,0.783,73.09,-42.52,5.19,300.56,0.803,0.852,53.41,81.19,-50.07,9.16
5,269.53,0.143,0.137,11.66,2.42,-2.96,269.53,0.291,0.144,10.28,5.31,-6.35,269.53,0.853,0.629,27.87,54.61,-59.93,224.53,0.791,0.756,37.8,27.85,-63.11,89.53,0.845,0.909,83.37,-56.34,76.18,5.82
5,48.0,0.27,0.132,12.1,-0.75,5.26,48.0,0.103,0.21,21.83,-0.49,2.95,48.0,0.512,0.672,63.65,-2.98,38.87,3.0,0.594,0.738,48.63,42.38,24.51,198.0,0.959,0.868,61.3,-11.38,-41.71,10.0
5,80.78,0.025,0.963,96.43,-1.8,2.73,80.78,0.001,0.952,95.74,-0.05,0.08,80.78,0.704,0.734,70.56,-34.42,58.67,50.78,0.432,0.712,69.08,-5.16,35.72,290.78,0.828,0.914,52.02,82.14,-62.34,5.97
5,62.29,0.9,0.9,87.9,-22.94,84.31,139.96,0.046,0.957,95.23,-5.1,2.35,139.96,0.55,0.78,72.52,-47.59,27.3,109.96,0.499,0.604,57.91,-36.06,33.87,349.96,0.993,0.889,47.57,73.66,46.43,2.95
5,98.45,0.037,0.953,95.17,-3.48,3.64,98.45,0.004,0.931,93.81,-0.37,0.38,98.45,0.641,0.695,65.61,-42.9,49.53,53.45,0.779,0.713,67.66,-7.89,62.25,248.45,0.862,0.995,36.92,72.63,-99.37,7.59
5,283.08,0.181,0.05,3.19,0.82,-0.8,283.08,0.27,0.158,12.31,6.4,-5.92,283.08,0.698,0.602,35.07,50.08,-43.86,253.08,0.638,0.722,37.31,40.81,-58.65,73.08,0.879,0.937,88.55,-38.71,83.09,6.45
5,165.72,0.011,0.957,95.96,-0.99,-0.01,165.72,0.076,0.906,90.26,-6.61,0.03,165.72,0.58,0.957,88.06,-46.15,4.79,210.72,0.502,0.763,58.61,-2.06,-30.87,315.72,0.858,0.848,49.99,76.96,-27.66,3.97
5,351.52,0.291,0.13,9.23,5.13,0.9,351.52,0.148,0.127,10.6,2.49,0.39,351.52,0.627,0.68,43.16,45.6,14.63,306.52,0.573,0.527,37.1,42.35,-23.69,141.52,0.969,0.872,77.94,-72.6,53.84,7.8
5,83.67,0.227,0.149,14.58,-3.58,5.23,83.67,0.256,0.143,13.72,-3.86,5.66,83.67,0.57,0.86,81.92,-35.3,55.28,53.67,0.522,0.743,72.19,-8.09,45.98,293.67,0.963,0.997,56.01,93.56,-67.54,7.66
5,161.74,0.9,0.9,81.44,-60.1,17.99,329.44,0.045,0.922,90.28,4.58,-1.35,329.44,0.69,0.7,43.67,55.04,-8.06,14.44,0.689,0.552,37.59,29.37,28.45,119.44,0.926,0.904,80.19,-78.83,75.56,1.37
5,111.68,0.009,0.975,97.61,-1.04,0.86,111.68,0.026,0.921,92.43,-2.82,2.33,111.68,0.686,0.64,59.61,-49.61,47.77,141.68,0.582,0.549,52.26,-37.18,20.55,321.68,0.821,0.955,55.97,80.71,-20.2,6.02
5,13.95,0.2,0.126,10.43,2.08,1.92,13.95,0.153,0.201,19.12,2.33,2.17,13.95,0.601,0.847,59.77,36.2,33.9,343.95,0.433,0.631,47.23,30.76,1.95,223.95,0.859,0.853,39.82,35.76,-74.11,7.28
5,286.2,0.133,0.06,4.08,0.87,-0.8,286.2,0.129,0.208,19.78,3.94,-3.5,286.2,0.711,0.74,43.66,61.37,-50.73,331.2,0.764,0.631,37.49,53.94,-4.34,286.2,0.2,0.5,45.85,12.82,-11.25,2.68
5,48.84,0.013,0.969,97.06,-0.26,1.32,48.84,0.075,0.949,94.19,-1.39,7.59,48.84,0.834,0.813,72.34,-1.48,68.94,93.84,0.629,0.78,73.46,-43.07,54.06,198.84,0.928,0.868,61.16,-10.72,-42.02,3.95
5,284.07,0.03,0.983,96.46,3.18,-2.97,284.07,0.08,0.906,86.67,7.95,-7.37,284.07,0.589,0.722,46.45,50.45,-43.65,254.07,0.79,0.52,20.98,40.17,-54.15,134.07,0.936,0.976,86.11,-81.21,67.95,4.56
5,328.25,0.022,0.952,94.37,2.28,-0.73,328.25,0.029,0.966,95.16,3.05,-0.97,328.25,0.781,0.738,43.73,62.52,-8.33,358.25,0.743,0.639,37.15,49.25,27.99,328.25,0.2,0.5,46.05,12.61,-3.67,5.59
5,23.78,0.049,0.968,95.08,1.61,3.16,23.78,0.038,0.928,92.07,1.22,2.39,23.78,0.773,0.968,66.86,38.87,58.08,353.78,0.523,0.517,35.77,30.31,9.63,203.78,0.825,0.931,63.08,-5.0,-47.83,3.83
5,227.18,0.9,0.9,37.64,48.11,-84.54,161.65,0.054,0.966,95.92,-5.07,0.44,161.65,0.598,0.726,68.4,-39.74,7.86,131.65,0.775,0.606,55.99,-52.23,40.62,341.65,0.91,0.838,46.05,70.37,20.67,1.14
5,273.61,0.002,0.992,99.14,0.22,-0.25,273.61,0.035,0.927,91.22,3.04,-3.47,273.61,0.719,0.627,33.34,49.12,-50.64,243.61,0.701,0.718,32.19,42.62,-66.58,93.61,0.837,0.811,74.83,-54.91,68.73,6.2
5,359.39,0.208,0.078,5.14,1.63,0.55,359.39,0.299,0.217,17.45,7.81,2.94,359.39,0.676,0.678,41.22,47.63,26.15,314.39,0.632,0.723,47.93,56.76,-24.58,359.39,0.2,0.5,45.66,10.24,3.73,3.76
5,110.09,0.252,0.112,9.71,-4.66,3.75,110.09,0.115,0.171,17.28,-3.08,2.64,110.09,0.637,0.699,65.06,-49.61,48.2,80.09,0.632,0.685,66.78,-29.44,50.95,260.09,0.814,0.932,39.94,68.59,-85.21,7.23
5,351.39,0.9,0.9,49.02,72.63,40.69,103.01,0.292,0.123,11.05,-5.33,5.0,103.01,0.732,0.65,60.79,-47.88,51.84,73.01,0.71,0.565,56.38,-22.57,49.15,283.01,0.983,0.842,41.13,77.48,-69.98,1.0
5,326.21,0.9,0.9,50.95,78.0,-9.06,328.24,0.147,0.136,11.69,3.07,-0.94,328.24,0.773,0.778,46.25,64.85,-8.78,13.24,0.597,0.773,54.73,34.1,30.84,148.24,0.881,0.997,88.47,-74.18,42.96,1.0
5,322.49,0.005,0.983,98.15,0.57,-0.24,322.49,0.073,0.913,87.95,7.63,-3.08,322.49,0.887,0.983,56.17,84.49,-17.41,277.49,0.476,0.656,45.75,35.43,-35.0,172.49,0.861,0.819,75.63,-46.65,-0.73,4.33
5,152.26,0.259,0.064,4.61,-1.75,0.49,152.26,0.126,0.184,18.76,-3.26,0.88,152.26,0.579,0.629,59.72,-37.94,14.28,107.26,0.435,0.571,55.61,-29.45,28.35,302.26,0.871,0.931,56.82,89.17,-52.43,10.0
5,6.36,0.005,0.959,96.03,0.35,0.2,6.36,0.034,0.941,92.72,2.34,1.31,6.36,0.556,0.727,50.53,36.14,23.47,36.36,0.465,0.708,62.99,5.67,31.53,6.36,0.2,0.5,46.38,8.6,4.92,7.18
5,319.34,0.014,0.961,95.71,1.52,-0.7,319.34,0.069,0.965,92.64,7.69,-3.48,319.34,0.679,0.747,47.64,60.04,-20.43,289.34,0.575,0.593,39.84,44.14,-34.73,139.34,0.82,0.89,79.78,-69.8,48.64,5.19
5,96.48,0.282,0.113,9.95,-4.37,4.54,96.48,0.244,0.146,13.93,-4.69,5.23,96.48,0.788,0.608,57.41,-43.84,52.57,126.48,0.52,0.637,60.19,-41.9,31.45,276.48,0.965,0.847,38.23,74.89,-75.54,7.9
5,312.68,0.009,0.952,95.25,1.0,-0.55,312.68,0.046,0.973,94.72,5.44,-2.99,312.68,0.571,0.602,41.94,45.45,-21.42,342.68,0.485,0.58,41.74,32.42,1.68,312.68,0.2,0.5,46.26,13.89,-7.34,7.34
5,123.95,0.003,0.987,98.76,-0.38,0.26,123.95,0.042,0.917,91.7,-4.89,3.3,123.95,0.813,0.661,60.5,-59.01,52.54,153.95,0.435,0.603,58.5,-28.31,8.68,273.95,0.884,0.903,41.6,75.64,-78.13,7.91
5,355.02,0.041,0.964,94.1,3.54,0.81,355.02,0.006,0.905,91.17,0.45,0.1,355.02,0.548,0.774,51.83,44.0,16.17,325.02,0.497,0.592,42.86,37.02,-10.62,175.02,0.889,0.942,85.97,-50.16,-4.77,3.61
5,180.01,0.006,0.979,98.04,-0.53,-0.19,180.01,0.024,0.903,90.96,-1.84,-0.65,180.01,0.754,0.858,79.82,-39.9,-11.89,150.01,0.719,0.679,63.09,-48.21,22.45,180.01,0.2,0.5,51.47,-9.13,-3.04,2.09
5,55.59,0.225,0.053,3.83,-0.36,1.21,55.59,0.229,0.148,14.51,-1.48,5.44,55.59,0.68,0.704,68.64,-10.27,56.79,85.59,0.528,0.652,63.8,-27.56,40.89,235.59,0.992,0.838,27.48,65.74,-92.43,5.61
5,51.8,0.102,0.052,3.81,-0.13,0.53,51.8,0.217,0.166,16.45,-1.16,5.41,51.8,0.707,0.602,57.47,-5.49,49.82,96.8,0.699,0.544,52.06,-36.82,43.9,231.8,0.946,0.847,30.66,58.21,-88.32,6.96
5,64.04,0.17,0.094,8.07,-0.44,2.39,64.04,0.114,0.178,18.43,-1.33,3.29,64.04,0.739,0.822,80.9,-21.74,70.29,19.04,0.668,0.634,45.51,27.27,32.86,274.04,0.94,0.811,35.9,71.18,-74.14,6.83
5,174.92,0.213,0.142,13.51,-3.6,-0.71,174.92,0.26,0.165,16.1,-4.96,-0.95,174.92,0.787,0.776,72.43,-41.35,-4.55,129.92,0.647,0.525,49.41,-41.85,31.21,174.92,0.2,0.5,51.41,-9.63,-1.87,5.07
5,191.9,0.226,0.104,8.52,-1.92,-1.6,191.9,0.126,0.158,15.37,-1.55,-1.28,191.9,0.54,0.787,68.61,-20.13,-18.89,221.9,0.473,0.591,43.05,6.08,-29.69,11.9,0.833,0.881,53.05,56.62,52.09,9.58
5,137.54,0.106,0.136,13.05,-2.33,1.16,137.54,0.172,0.183,18.34,-4.89,2.49,137.54,0.786,0.729,66.62,-59.01,41.49,167.54,0.47,0.694,66.81,-29.61,1.01,347.54,0.858,0.896,49.64,71.61,29.25,9.19
5,221.22,0.278,0.058,3.45,0.11,-1.41,221.22,0.166,0.145,12.56,0.24,-3.14,221.22,0.895,0.717,33.93,28.49,-63.58,176.22,0.798,0.74,69.44,-39.18,-6.01,41.22,0.848,0.856,69.72,11.16,67.54,6.37
5,340.98,0.9,0.9,49.58,74.21,19.93,359.27,0.078,0.952,90.58,6.54,2.24,359.27,0.797,0.609,34.26,49.8,31.71,29.27,0.649,0.593,47.16,15.31,34.8,179.27,0.925,0.827,76.79,-41.92,-10.97,1.0
5,187.28,0.107,0.058,4.24,-0.42,-0.25,187.28,0.234,0.189,18.47,-3.85,-2.29,187.28,0.637,0.665,59.71,-23.48,-15.08,232.28,0.717,0.56,26.87,26.24,-51.0,337.28,0.994,0.83,45.02,71.72,17.84,8.74
5,193.53,0.215,0.115,9.73,-1.86,-1.74,193.53,0.103,0.216,22.16,-1.57,-1.46,193.53,0.518,0.115,8.25,-3.26,-4.03,163.53,0.681,0.504,48.36,-31.97,5.53,343.53,0.933,0.965,52.45,78.45,29.75,3.82
5,231.5,0.9,0.9,34.68,56.46,-89.45,165.44,0.055,0.94,93.69,-4.91,0.04,165.44,0.806,0.746,69.16,-46.96,7.98,195.44,0.728,0.661,53.29,-15.94,-24.39,345.44,0.974,0.923,49.72,76.04,36.55,2.81
5,91.15,0.04,0.991,98.57,-3.51,4.25,91.15,0.078,0.94,93.54,-6.54,7.96,91.15,0.682,0.991,90.98,-53.15,70.61,46.15,0.608,0.701,64.14,-0.82,46.41,241.15,0.852,0.859,30.76,62.85,-90.02,5.66
5,330.32,0.253,0.058,3.49,1.43,-0.38,330.32,0.19,0.13,10.56,3.8,-1.01,330.32,0.506,0.785,55.43,46.05,-8.59,285.32,0.542,0.737,49.56,48.0,-40.77,150.32,0.928,0.847,76.38,-65.62,36.71,10.0
5,104.09,0.19,0.062,4.5,-1.26,1.16,104.09,0.191,0.205,20.89,-5.48,5.27,104.09,0.733,0.624,58.43,-46.98,50.09,134.09,0.774,0.654,60.23,-54.79,40.85,284.09,0.872,0.906,47.1,79.94,-69.35,7.93
5,177.47,0.1,0.4,42.34,-3.99,-1.09,177.47,0.1,0.4,42.34,-3.99,-1.09,177.47,0.1,0.4,42.34,-3.99,-1.09,207.47,0.1,0.4,40.95,-1.11,-3.39,327.47,0.1,0.4,40.1,5.2,-1.67,1.0
5,165.84,0.015,0.952,95.44,-1.39,-0.01,165.84,0.026,0.944,94.51,-2.32,-0.01,165.84,0.721,0.952,86.69,-53.17,7.33,195.84,0.669,0.599,49.28,-14.32,-21.33,345.84,0.837,0.9,50.33,71.33,24.4,2.2
5,260.17,0.9,0.9,35.18,71.56,-88.5,27.58,0.198,0.149,13.48,1.15,3.02,27.58,0.789,0.884,63.38,31.18,57.33,57.58,0.697,0.516,52.29,-9.85,46.07,177.58,0.964,0.937,85.7,-48.23,-8.93,6.09
5,96.31,0.204,0.073,5.62,-1.64,1.74,96.31,0.125,0.132,12.71,-2.22,2.44,96.31,0.733,0.82,75.9,-52.64,63.4,141.31,0.769,0.663,61.25,-52.88,33.54,246.31,0.983,0.899,29.39,72.57,-98.07,6.08
5,316.86,0.9,0.9,52.19,81.32,-26.34,95.42,0.123,0.12,11.25,-1.98,2.22,95.42,0.9,0.841,76.72,-60.79,72.64,50.42,0.641,0.718,67.41,-4.96,52.09,305.42,0.83,0.857,52.5,80.73,-43.84,1.0
5,36.84,0.182,0.143,13.36,0.28,3.19,36.84,0.227,0.2,19.44,0.54,5.32,36.84,0.687,0.708,58.78,10.62,46.9,81.84,0.696,0.535,52.67,-27.22,45.05,186.84,0.834,0.902,76.9,-33.0,-22.42,9.6
5,357.69,0.009,0.984,97.96,0.74,0.22,357.69,0.014,0.958,95.37,1.15,0.34,357.69,0.702,0.804,47.92,56.62,30.04,27.69,0.697,0.717,54.45,21.84,42.91,207.69,0.933,0.899,53.88,7.68,-57.91,6.26
5,20.13,0.007,0.953,95.49,0.28,0.41,20.13,0.05,0.904,89.29,1.93,2.82,20.13,0.835,0.754,49.41,39.86,49.32,350.13,0.404,0.765,57.79,32.5,6.29,200.13,0.866,0.945,66.31,-10.63,-44.65,5.99
5,41.88,0.294,0.052,3.54,-0.04,1.21,41.88,0.261,0.199,19.4,-0.1,6.59,41.88,0.619,0.641,56.99,3.28,41.67,11.88,0.437,0.53,42.22,18.11,14.84,191.88,0.957,0.987,76.27,-25.24,-35.04,8.31
5,33.71,0.291,0.111,8.87,0.75,3.5,33.71,0.1,0.209,21.41,0.37,2.27,33.71,0.709,0.679,54.45,14.43,44.94,348.71,0.779,0.578,33.05,48.06,16.65,183.71,0.863,0.958,84.04,-39.68,-19.12,9.75
5,44.39,0.1,0.4,42.13,-0.44,4.66,44.39,0.1,0.4,42.13,-0.44,4.66,44.39,0.1,0.4,42.13,-0.44,4.66,89.39,0.1,0.4,42.48,-4.03,5.1,254.39,0.1,0.4,39.53,3.18,-5.47,1.0
5,328.08,0.211,0.067,4.31,1.6,-0.49,328.08,0.176,0.204,18.66,5.25,-1.58,328.08,0.758,0.795,47.64,65.22,-9.46,13.08,0.556,0.7,51.1,29.04,25.84,178.08,0.819,0.909,83.72,-44.76,-9.8,8.27
5,149.46,0.134,0.069,5.21,-1.09,0.34,149.46,0.102,0.129,12.31,-1.99,0.63,149.46,0.723,0.868,78.88,-59.04,28.45,194.46,0.535,0.505,44.5,-12.5,-14.54,359.46,0.878,0.807,44.08,65.51,47.98,8.32
5,56.38,0.295,0.134,12.82,-1.8,6.53,56.38,0.2,0.218,22.81,-1.91,6.68,56.38,0.539,0.691,68.59,-10.0,46.04,86.38,0.776,0.701,66.64,-40.58,59.68,266.38,0.813,0.91,41.28,69.54,-79.73,7.57
5,279.03,0.031,0.98,96.14,3.05,-3.13,279.03,0.068,0.943,90.49,6.52,-6.65,279.03,0.822,0.98,49.78,80.15,-75.66,309.03,0.685,0.562,36.62,50.82,-25.86,99.03,0.82,0.907,82.2,-64.08,73.42,4.71
5,258.43,0.05,0.985,94.95,3.51,-5.54,258.43,0.024,0.954,94.2,1.6,-2.55,258.43,0.781,0.712,31.13,52.65,-67.24,228.43,0.713,0.633,32.62,24.07,-52.9,108.43,0.926,0.833,74.87,-70.38,71.44,5.45
5,135.43,0.018,0.976,97.49,-2.11,1.1,135.43,0.065,0.929,92.32,-7.14,3.77,135.43,0.71,0.801,72.97,-60.5,42.5,90.43,0.527,0.603,58.95,-28.35,37.68,315.43,0.945,0.915,52.79,83.74,-28.44,5.21
5,129.6,0.004,0.971,97.38,-0.45,0.27,129.6,0.035,0.953,95.08,-4.14,2.49,129.6,0.626,0.805,73.67,-57.48,43.12,99.6,0.421,0.511,50.65,-23.54,25.69,339.6,0.877,0.853,47.48,70.94,14.74,6.0
5,268.11,0.134,0.069,4.71,0.84,-1.1,268.11,0.192,0.149,12.22,3.46,-4.33,268.11,0.599,0.794,46.43,47.5,-54.33,313.11,0.654,0.742,48.61,59.91,-26.91,118.11,0.855,0.996,87.74,-82.76,78.87,8.64
5,279.31,0.022,0.972,96.05,2.18,-2.23,279.31,0.076,0.974,92.5,7.56,-7.66,279.31,0.624,0.663,40.29,47.53,-44.68,309.31,0.586,0.572,39.67,45.43,-23.55,99.31,0.926,0.851,77.08,-65.7,73.51,5.78
5,59.14,0.025,0.992,99.07,-1.06,3.01,59.14,0.053,0.927,93.19,-2.08,6.02,59.14,0.874,0.874,85.46,-17.76,81.62,104.14,0.61,0.715,67.15,-45.6,47.85,239.14,0.966,0.994,32.78,76.99,-106.12,5.68
5,232.41,0.045,0.987,95.57,1.3,-4.87,232.41,0.041,0.979,95.23,1.18,-4.41,232.41,0.606,0.85,47.53,28.46,-61.02,202.41,0.435,0.624,53.52,-7.82,-18.46,82.41,0.927,0.828,77.35,-47.72,74.67,4.5
5,179.35,0.166,0.094,7.99,-1.84,-0.34,179.35,0.271,0.188,18.75,-5.49,-1.71,179.35,0.853,0.661,62.68,-34.61,-9.29,134.35,0.784,0.698,63.94,-57.97,43.37,329.35,0.883,0.86,48.64,73.99,-3.82,8.7
5,142.58,0.01,0.971,97.24,-1.09,0.45,142.58,0.031,0.973,96.96,-3.37,1.41,142.58,0.805,0.752,68.59,-59.32,37.57,112.58,0.755,0.541,50.56,-46.72,45.15,142.58,0.2,0.5,51.03,-12.64,5.62,1.17
5,276.07,0.154,0.109,8.47,2.37,-2.54,276.07,0.244,0.214,18.08,6.82,-7.21,276.07,0.853,0.755,36.33,65.4,-64.98,231.07,0.647,0.7,37.93,25.21,-54.43,126.07,0.823,0.825,74.17,-70.01,61.33,7.21
5,224.06,0.022,0.964,95.5,0.23,-2.03,224.06,0.048,0.904,88.58,0.51,-4.34,224.06,0.538,0.61,40.86,10.07,-36.09,269.06,0.763,0.557,26.95,45.4,-50.23,44.06,0.944,0.846,69.68,9.0,71.79,7.29
5,95.48,0.034,0.997,99.19,-3.22,3.57,95.48,0.021,0.965,96.54,-1.96,2.17,95.48,0.522,0.761,72.58,-37.05,44.49,140.48,0.505,0.784,73.3,-44.31,24.44,305.48,0.932,0.965,57.5,91.64,-48.69,4.7
5,194.43,0.25,0.123,10.47,-2.18,-2.21,194.43,0.226,0.156,14.41,-2.43,-2.45,194.43,0.662,0.891,72.5,-21.13,-27.53,149.43,0.597,0.785,72.9,-47.52,20.68,44.43,0.885,0.943,78.16,7.47,76.62,10.0
5,290.75,0.9,0.9,49.8,83.77,-63.97,254.15,0.189,0.209,18.27,3.57,-6.07,254.15,0.665,0.644,32.17,39.32,-55.17,224.15,0.712,0.56,30.85,16.59,-44.55,74.15,0.997,0.968,90.44,-44.21,87.41,3.23
5,125.59,0.046,0.96,95.43,-5.56,3.64,125.59,0.07,0.902,89.81,-8.01,5.27,125.59,0.536,0.856,78.63,-54.72,42.19,95.59,0.738,0.718,67.29,-47.06,57.39,335.59,0.907,0.947,52.46,78.58,10.19,4.4
5,312.47,0.9,0.9,52.87,83.1,-34.12,285.31,0.08,0.902,86.36,8.05,-7.3,285.31,0.834,0.71,38.19,65.31,-55.08,315.31,0.743,0.57,35.38,52.6,-20.98,135.31,0.985,0.802,72.02,-70.49,59.2,1.0
5,218.51,0.138,0.13,11.37,0.02,-2.27,218.51,0.293,0.147,11.35,0.23,-5.38,218.51,0.698,0.626,38.11,10.66,-42.97,263.51,0.669,0.572,29.96,39.05,-47.67,8.51,0.888,0.867,49.44,63.05,54.36,5.55
5,106.06,0.152,0.053,3.78,-0.79,0.71,106.06,0.157,0.175,17.61,-4.06,3.75,106.06,0.501,0.685,65.26,-38.14,38.02,76.06,0.496,0.597,59.87,-19.47,37.09,106.06,0.2,0.5,51.21,-12.32,11.52,7.72
5,122.81,0.037,0.977,97.12,-4.64,3.19,122.81,0.036,0.914,91.51,-4.25,2.92,122.81,0.755,0.892,79.87,-72.17,64.02,92.81,0.768,0.581,55.42,-39.15,50.25,332.81,0.976,0.988,54.17,82.77,9.31,5.01
5,180.66,0.188,0.084,6.74,-1.64,-0.61,180.66,0.244,0.149,14.23,-3.98,-1.4,180.66,0.6,0.707,67.24,-29.81,-9.76,150.66,0.521,0.615,58.84,-34.62,13.43,30.66,0.897,0.878,62.3,31.81,64.65,9.95
5,214.7,0.018,0.99,98.15,-0.17,-1.5,214.7,0.042,0.909,89.82,-0.34,-3.21,214.7,0.552,0.761,54.52,2.78,-36.97,169.7,0.713,0.559,53.41,-32.95,0.94,214.7,0.2,0.5,47.14,-0.63,-9.48,6.59
5,262.26,0.14,0.087,6.3,1.21,-1.79,262.26,0.2,0.193,16.52,4.11,-5.79,262.26,0.545,0.722,43.97,37.31,-47.77,232.26,0.712,0.73,35.6,32.66,-62.8,52.26,0.834,0.962,87.08,-7.43,81.13,8.94
5,294.4,0.027,0.996,97.92,3.32,-2.59,294.4,0.076,0.906,87.12,8.55,-6.61,294.4,0.683,0.783,49.87,66.29,-46.89,324.4,0.434,0.635,48.21,34.49,-10.71,84.4,0.845,0.92,85.12,-51.22,77.93,5.22
5,96.36,0.182,0.14,13.43,-3.39,3.75,96.36,0.279,0.189,18.76,-6.64,7.47,96.36,0.844,0.627,58.75,-46.95,56.1,66.36,0.575,0.623,62.95,-16.57,45.57,96.36,0.2,0.5,51.51,-10.74,11.99,6.39
5,206.02,0.1,0.4,41.03,-1.26,-3.28,206.02,0.1,0.4,41.03,-1.26,-3.28,206.02,0.1,0.4,41.03,-1.26,-3.28,176.02,0.1,0.4,42.33,-4.05,-0.95,356.02,0.1,0.4,39.96,4.24,1.11,1.0
5,47.42,0.1,0.4,42.28,-0.75,4.87,47.42,0.1,0.4,42.28,-0.75,4.87,47.42,0.1,0.4,42.28,-0.75,4.87,77.42,0.1,0.4,42.65,-3.21,5.37,227.42,0.1,0.4,39.95,0.94,-4.88,1.0
5,284.45,0.144,0.118,9.64,2.64,-2.42,284.45,0.261,0.176,14.28,6.89,-6.22,284.45,0.796,0.118,3.94,11.28,-11.03,239.45,0.644,0.615,29.81,31.54,-54.66,104.45,0.914,0.949,84.58,-75.02,79.06,5.19
5,165.36,0.264,0.143,13.45,-4.88,0.17,165.36,0.209,0.186,18.64,-4.86,0.14,165.36,0.861,0.63,59.0,-42.57,7.93,195.36,0.575,0.565,48.47,-13.46,-17.57,165.36,0.2,0.5,51.29,-10.55,0.34,6.21
5,278.02,0.115,0.133,11.65,2.15,-2.23,278.02,0.186,0.18,15.72,4.54,-4.66,278.02,0.536,0.701,46.09,42.4,-41.15,308.02,0.62,0.757,51.1,59.99,-31.82,128.02,0.892,0.845,75.58,-73.05,64.57,7.4
5,55.8,0.233,0.121,11.26,-1.29,4.67,55.8,0.136,0.209,21.89,-1.24,4.32,55.8,0.677,0.643,63.32,-9.79,52.75,25.8,0.445,0.671,56.93,12.53,24.32,235.8,0.971,0.947,31.95,71.49,-100.89,6.76
5,146.84,0.014,0.978,97.74,-1.53,0.53,146.84,0.024,0.907,91.24,-2.44,0.85,146.84,0.501,0.735,69.35,-39.85,17.89,176.84,0.471,0.775,74.17,-28.83,-6.12,146.84,0.2,0.5,51.08,-12.26,4.63,3.27
5,102.67,0.04,0.995,98.82,-4.12,3.99,102.67,0.078,0.919,91.39,-7.58,7.39,102.67,0.853,0.995,88.73,-73.74,80.03,57.67,0.605,0.742,73.51,-12.38,54.83,252.67,0.921,0.961,34.55,74.76,-98.48,5.3
5,49.78,0.185,0.105,9.21,-0.57,2.74,49.78,0.22,0.147,14.22,-0.87,4.82,49.78,0.66,0.105,8.1,-0.6,8.08,19.78,0.722,0.755,52.44,33.82,42.01,199.78,0.882,0.867,61.18,-10.28,-41.75,4.77
5,247.81,0.013,0.963,95.71,0.7,-1.48,247.81,0.08,0.915,86.56,4.29,-8.83,247.81,0.559,0.63,35.69,29.07,-47.32,217.81,0.444,0.566,43.68,2.48,-24.93,97.81,0.907,0.958,85.94,-69.94,80.21,4.68
5,18.75,0.103,0.13,11.83,0.86,1.12,18.75,0.195,0.133,11.39,1.73,2.23,18.75,0.594,0.88,64.44,31.31,37.33,48.75,0.639,0.743,68.63,-3.3,52.39,168.75,0.986,0.954,86.19,-58.46,8.19,8.1
5,292.0,0.139,0.071,4.97,1.32,-1.08,292.0,0.235,0.161,13.23,6.26,-4.95,292.0,0.873,0.627,35.45,63.24,-46.87,322.0,0.529,0.781,54.71,49.86,-16.41,112.0,0.831,0.873,78.33,-71.36,70.44,6.44
5,144.45,0.043,0.972,96.57,-4.61,1.8,144.45,0.031,0.955,95.38,-3.28,1.28,144.45,0.741,0.632,58.78,-48.65,27.71,174.45,0.651,0.583,56.05,-30.02,-3.56,354.45,0.927,0.814,43.98,67.58,44.96,4.93
5,293.24,0.1,0.4,40.14,5.72,-4.5,293.24,0.1,0.4,40.14,5.72,-4.5,293.24,0.1,0.4,40.14,5.72,-4.5,323.24,0.1,0.4,40.13,5.35,-2.08,113.24,0.1,0.4,42.15,-5.63,4.58,1.0
5,253.5,0.106,0.051,3.42,0.31,-0.56,253.5,0.115,0.174,16.02,1.79,-3.15,253.5,0.842,0.601,22.8,48.14,-64.13,223.5,0.483,0.607,43.24,7.75,-31.94,103.5,0.902,0.892,80.13,-70.37,75.12,5.49
5,300.56,0.1,0.4,40.25,6.15,-4.27,300.56,0.1,0.4,40.25,6.15,-4.27,300.56,0.1,0.4,40.25,6.15,-4.27,330.56,0.1,0.4,40.09,5.09,-1.37,150.56,0.1,0.4,42.2,-5.0,1.49,1.0
5,325.2,0.1,0.4,40.12,5.28,-1.89,325.2,0.1,0.4,40.12,5.28,-1.89,325.2,0.1,0.4,40.12,5.28,-1.89,280.2,0.1,0.4,39.93,4.86,-4.83,175.2,0.1,0.4,42.32,-4.08,-0.87,1.0
5,316.03,0.1,0.4,40.17,5.6,-2.78,316.03,0.1,0.4,40.17,5.6,-2.78,316.03,0.1,0.4,40.17,5.6,-2.78,286.03,0.1,0.4,40.03,5.24,-4.69,166.03,0.1,0.4,42.28,-4.42,0.01,1.0
5,110.03,0.219,0.104,8.81,-3.1,2.92,110.03,0.101,0.127,12.08,-2.09,1.79,110.03,0.616,0.104,7.98,-9.17,7.38,80.03,0.491,0.765,74.65,-26.04,44.31,260.03,0.849,0.982,40.48,73.8,-91.46,2.81
5,319.52,0.228,0.091,6.25,3.13,-1.37,319.52,0.159,0.158,13.99,4.0,-1.76,319.52,0.704,0.696,43.81,58.15,-19.3,289.52,0.781,0.693,40.1,63.58,-49.37,169.52,0.884,0.938,85.2,-55.06,4.68,8.09
5,71.61,0.03,0.953,95.56,-1.75,3.35,71.61,0.033,0.944,94.71,-1.91,3.66,71.61,0.674,0.825,80.01,-28.05,64.14,101.61,0.541,0.54,52.29,-31.78,34.22,281.61,0.839,0.907,46.83,77.49,-70.03,3.98
5,117.25,0.195,0.138,12.92,-4.69,3.61,117.25,0.108,0.2,20.63,-3.59,2.73,117.25,0.648,0.856,77.72,-63.09,56.92,147.25,0.496,0.572,55.07,-32.22,14.12,267.25,0.832,0.979,43.94,75.26,-85.29,8.28
5,223.74,0.002,0.959,96.29,0.02,-0.18,223.74,0.066,0.961,92.42,0.73,-6.25,223.74,0.64,0.713,42.83,16.0,-48.51,268.74,0.734,0.53,26.38,42.07,-46.89,13.74,0.842,0.85,51.86,53.27,51.95,8.83
5,218.4,0.035,0.951,93.67,-0.03,-3.01,218.4,0.003,0.972,97.38,-0.0,-0.25,218.4,0.529,0.868,60.67,6.79,-42.62,248.4,0.62,0.745,38.68,38.65,-59.91,68.4,0.972,0.94,89.61,-33.84,86.83,2.2
5,138.05,0.13,0.117,10.65,-2.52,1.25,138.05,0.157,0.179,17.89,-4.36,2.18,138.05,0.735,0.734,67.28,-56.81,38.2,93.05,0.767,0.799,74.26,-50.56,64.54,318.05,0.973,0.853,48.64,78.66,-21.57,8.5
5,232.58,0.008,0.997,99.15,0.22,-0.83,232.58,0.031,0.958,94.13,0.87,-3.27,232.58,0.508,0.662,42.19,17.35,-41.77,262.58,0.579,0.749,43.78,41.27,-52.07,52.58,0.986,0.897,80.9,-5.95,81.43,5.77
5,200.13,0.181,0.096,7.66,-0.94,-1.24,200.13,0.103,0.148,14.24,-0.84,-1.28,200.13,0.675,0.79,60.89,-12.41,-31.28,245.13,0.64,0.51,24.99,28.42,-46.08,350.13,0.848,0.985,54.47,76.33,36.18,9.89
5,155.68,0.225,0.057,4.09,-1.24,0.27,155.68,0.201,0.138,13.06,-3.94,0.86,155.68,0.73,0.057,3.59,-3.65,0.84,185.68,0.628,0.503,46.65,-19.94,-10.92,5.68,0.892,0.86,48.04,65.41,53.57,4.51
5,13.67,0.05,0.974,95.05,2.72,2.5,13.67,0.06,0.936,91.21,3.22,2.95,13.67,0.517,0.693,52.18,25.96,23.67,43.67,0.734,0.513,45.6,2.61,41.48,13.67,0.2,0.5,47.23,6.76,6.14,6.68
5,358.62,0.138,0.081,5.83,1.2,0.38,358.62,0.197,0.186,16.29,4.43,1.5,358.62,0.711,0.891,52.56,61.99,35.01,313.62,0.688,0.775,49.7,64.25,-27.92,148.62,0.938,0.832,75.01,-65.89,39.32,9.56
5,249.33,0.029,0.995,97.35,1.66,-3.34,249.33,0.01,0.943,94.2,0.54,-1.09,249.33,0.852,0.723,26.73,55.67,-76.35,219.33,0.706,0.521,31.05,10.08,-38.05,249.33,0.2,0.5,44.39,7.19,-13.6,7.02
5,241.67,0.132,0.099,7.45,0.91,-2.03,241.67,0.248,0.207,16.5,3.65,-8.38,241.67,0.751,0.801,33.02,50.76,-77.57,271.67,0.71,0.697,36.9,52.06,-55.42,61.67,0.955,0.853,83.9,-21.46,82.4,6.87
5,182.04,0.115,0.081,6.49,-0.93,-0.38,182.04,0.231,0.144,13.64,-3.55,-1.4,182.04,0.612,0.846,78.19,-33.35,-12.69,227.04,0.729,0.655,33.87,24.01,-54.36,32.04,0.946,0.858,60.8,31.32,65.72,10.0
5,147.94,0.226,0.12,10.76,-4.16,1.48,147.94,0.242,0.125,11.33,-4.62,1.65,147.94,0.844,0.737,67.46,-57.59,32.17,102.94,0.51,0.771,72.9,-40.98,43.05,357.94,0.977,0.876,46.81,72.13,57.19,6.26
5,234.94,0.1,0.4,39.57,1.72,-5.44,234.94,0.1,0.4,39.57,1.72,-5.44,234.94,0.1,0.4,39.57,1.72,-5.44,189.94,0.1,0.4,41.84,-2.89,-2.08,84.94,0.1,0.4,42.54,-3.73,5.2,1.0
5,40.7,0.038,0.988,97.94,-0.1,3.46,40.7,0.065,0.971,95.76,-0.13,5.85,40.7,0.605,0.988,84.09,6.16,57.09,85.7,0.773,0.784,73.89,-43.58,65.13,250.7,0.827,0.904,35.38,65.14,-88.74,5.38
5,146.39,0.019,0.99,98.68,-2.07,0.74,146.39,0.037,0.914,91.6,-3.69,1.33,146.39,0.607,0.753,69.97,-47.74,23.39,116.39,0.713,0.531,49.67,-45.78,42.19,326.39,0.943,0.988,55.19,84.42,-7.14,4.51
5,350.42,0.022,0.977,96.51,1.97,0.23,350.42,0.077,0.92,88.03,6.74,0.84,350.42,0.843,0.764,42.5,62.4,28.93,20.42,0.779,0.627,42.76,31.12,39.56,170.42,0.888,0.809,74.61,-48.46,2.73,5.85
5,250.52,0.1,0.4,39.47,2.93,-5.57,250.52,0.1,0.4,39.47,2.93,-5.57,250.52,0.1,0.4,39.47,2.93,-5.57,205.52,0.1,0.4,41.05,-1.31,-3.24,100.52,0.1,0.4,42.32,-4.78,4.86,1.0
5,158.48,0.042,0.996,98.83,-4.14,0.61,158.48,0.05,0.932,92.97,-4.73,0.7,158.48,0.602,0.895,82.39,-48.77,13.06,128.48,0.688,0.633,58.74,-51.04,40.07,8.48,0.865,0.963,55.3,67.23,57.42,4.71
5,68.94,0.019,0.974,97.56,-1.07,2.21,68.94,0.028,0.926,93.17,-1.51,3.13,68.94,0.886,0.792,76.98,-29.02,74.17,113.94,0.412,0.522,50.92,-28.2,24.41,248.94,0.86,0.819,30.2,62.06,-84.94,5.54
5,237.25,0.003,0.955,95.85,0.09,-0.29,237.25,0.07,0.942,89.59,2.74,-7.94,237.25,0.83,0.857,32.69,56.94,-86.45,192.25,0.513,0.785,68.75,-19.19,-18.33,57.25,0.868,0.992,93.93,-16.23,88.46,4.9
5,352.18,0.132,0.099,7.72,1.72,0.28,352.18,0.173,0.184,16.46,4.0,0.7,352.18,0.552,0.729,48.92,42.63,12.74,307.18,0.549,0.701,49.69,51.17,-28.24,142.18,0.967,0.86,76.96,-71.47,52.11,8.82
5,54.52,0.188,0.127,12.05,-1.02,3.87,54.52,0.153,0.121,11.32,-0.81,3.0,54.52,0.767,0.892,83.7,-10.9,74.26,9.52,0.662,0.633,41.94,36.0,28.14,234.52,0.849,0.906,35.31,57.13,-89.33,4.29
5,267.42,0.033,0.962,94.29,2.68,-3.47,267.42,0.008,0.946,94.69,0.62,-0.81,267.42,0.721,0.962,48.49,66.29,-75.28,312.42,0.607,0.606,41.16,48.2,-22.62,57.42,0.957,0.984,93.13,-16.26,90.61,4.27
5,51.36,0.1,0.4,42.48,-1.15,5.15,51.36,0.1,0.4,42.48,-1.15,5.15,51.36,0.1,0.4,42.48,-1.15,5.15,21.36,0.1,0.4,40.99,1.91,3.01,261.36,0.1,0.4,39.64,3.63,-5.3,1.0
5,244.36,0.135,0.122,9.88,1.26,-2.84,244.36,0.241,0.143,10.57,2.73,-5.9,244.36,0.608,0.796,41.38,38.26,-63.14,289.36,0.74,0.644,38.22,57.89,-45.08,34.36,0.831,0.971,72.96,24.23,69.02,7.52
5,324.33,0.235,0.113,8.25,4.36,-1.57,324.33,0.12,0.18,17.05,3.28,-1.22,324.33,0.548,0.624,43.41,42.44,-12.17,9.33,0.545,0.575,41.52,26.93,19.87,324.33,0.2,0.5,46.1,12.93,-4.6,3.94
5,117.15,0.119,0.148,14.42,-3.04,2.32,117.15,0.157,0.162,15.98,-4.36,3.35,117.15,0.76,0.607,56.14,-53.14,49.47,87.15,0.636,0.668,64.41,-33.95,49.11,297.15,0.812,0.832,50.84,78.96,-52.45,6.69
5,248.27,0.16,0.113,8.56,1.55,-3.1,248.27,0.13,0.167,14.97,1.75,-3.53,248.27,0.702,0.776,35.63,46.93,-69.48,293.27,0.668,0.791,50.44,65.2,-47.2,98.27,0.814,0.818,74.98,-58.15,67.49,6.83
5,174.69,0.027,0.965,96.43,-2.31,-0.49,174.69,0.015,0.907,91.48,-1.18,-0.25,174.69,0.786,0.659,62.33,-36.53,-3.81,204.69,0.475,0.696,57.17,-7.04,-23.37,24.69,0.911,0.905,59.5,43.97,63.72,4.06
5,238.94,0.233,0.079,4.77,0.92,-2.58,238.94,0.192,0.139,10.94,1.76,-4.58,238.94,0.584,0.607,32.59,26.42,-48.91,283.94,0.608,0.758,47.84,53.93,-46.69,58.94,0.856,0.825,81.1,-16.67,77.27,6.07
5,303.25,0.038,0.958,94.01,4.66,-3.13,303.25,0.067,0.916,88.62,7.91,-5.27,303.25,0.857,0.738,45.29,73.65,-42.33,273.25,0.642,0.761,43.78,51.64,-53.84,153.25,0.858,0.997,88.83,-70.09,33.0,5.46
5,92.55,0.1,0.4,42.44,-4.24,5.03,92.55,0.1,0.4,42.44,-4.24,5.03,92.55,0.1,0.4,42.44,-4.24,5.03,122.55,0.1,0.4,42.07,-6.0,4.19,302.55,0.1,0.4,40.24,6.08,-4.08,1.0
5,178.98,0.033,0.951,95.04,-2.7,-0.87,178.98,0.07,0.936,93.11,-5.52,-1.75,178.98,0.637,0.641,61.6,-29.72,-7.91,133.98,0.432,0.715,67.94,-37.49,23.41,358.98,0.936,0.884,47.57,71.91,56.01,6.84
5,318.15,0.047,0.993,96.38,5.38,-2.54,318.15,0.055,0.914,89.01,5.98,-2.82,318.15,0.609,0.664,44.56,50.44,-19.05,348.15,0.429,0.755,56.02,34.59,5.42,138.15,0.934,0.909,80.87,-75.41,58.52,5.78
5,259.62,0.9,0.9,34.99,71.43,-88.82,91.3,0.137,0.142,13.93,-2.4,2.92,91.3,0.698,0.888,82.41,-49.71,65.85,61.3,0.644,0.746,74.83,-16.32,59.18,241.3,0.848,0.957,34.71,68.29,-97.69,3.3
5,201.73,0.246,0.085,6.18,-0.89,-1.71,201.73,0.223,0.179,16.52,-1.84,-3.34,201.73,0.719,0.792,58.74,-9.94,-34.93,246.73,0.509,0.615,37.34,24.82,-42.45,21.73,0.845,0.9,59.1,44.38,58.46,10.0
5,297.63,0.266,0.079,5.01,3.06,-2.28,297.63,0.275,0.197,16.47,9.3,-6.61,297.63,0.667,0.825,54.01,69.62,-46.23,327.63,0.419,0.734,55.8,36.77,-9.47,297.63,0.2,0.5,46.34,14.6,-10.46,6.58
5,180.21,0.271,0.103,8.71,-2.58,-1.11,180.21,0.151,0.188,19.11,-3.09,-1.07,180.21,0.717,0.103,8.04,-7.05,-2.15,135.21,0.724,0.721,66.15,-56.44,40.05,30.21,0.926,0.87,60.72,33.94,64.98,4.73
5,224.03,0.241,0.08,5.13,0.3,-2.25,224.03,0.182,0.142,11.98,0.5,-3.57,224.03,0.873,0.746,34.21,33.01,-67.57,269.03,0.682,0.702,37.61,49.38,-54.99,44.03,0.944,0.935,76.29,9.9,77.51,6.64
5,243.05,0.183,0.123,9.33,1.71,-3.93,243.05,0.204,0.127,9.49,1.98,-4.52,243.05,0.577,0.123,4.6,4.81,-11.2,288.05,0.74,0.799,46.8,68.03,-54.32,63.05,0.998,0.842,82.51,-23.51,81.93,2.54
5,14.07,0.9,0.9,53.34,59.17,58.53,63.61,0.026,0.954,95.72,-1.21,2.95,63.61,0.575,0.787,78.34,-17.8,55.63,33.61,0.722,0.681,54.27,15.04,45.81,243.61,0.836,0.98,36.49,68.89,-98.02,1.55
5,115.39,0.037,0.999,99.01,-4.54,3.53,115.39,0.035,0.969,96.46,-4.17,3.24,115.39,0.726,0.647,59.8,-53.7,50.31,160.39,0.539,0.704,66.86,-36.23,7.56,295.39,0.888,0.98,57.12,91.78,-63.37,5.28
5,319.09,0.268,0.138,10.55,6.11,-2.66,319.09,0.284,0.13,9.55,6.18,-2.68,319.09,0.551,0.767,53.17,51.8,-19.31,289.09,0.58,0.6,40.07,44.79,-35.38,109.09,0.871,0.843,75.84,-69.47,70.38,7.48
5,185.25,0.01,0.966,96.76,-0.71,-0.36,185.25,0.047,0.906,90.59,-3.14,-1.62,185.25,0.559,0.622,57.92,-22.28,-11.57,215.25,0.725,0.742,46.03,9.12,-47.77,5.25,0.934,0.895,49.15,69.72,58.27,7.65
5,107.64,0.016,0.984,98.22,-1.74,1.53,107.64,0.003,0.958,96.25,-0.27,0.24,107.64,0.834,0.725,66.31,-59.65,61.28,137.64,0.708,0.668,61.87,-51.66,34.35,257.64,0.995,0.997,35.45,80.03,-102.12,4.78
5,269.75,0.293,0.057,3.23,1.28,-1.65,269.75,0.111,0.214,20.6,2.74,-3.35,269.75,0.712,0.057,1.83,2.89,-3.7,224.75,0.696,0.65,36.22,18.84,-49.66,59.75,0.949,0.862,84.95,-18.75,83.37,3.94
5,92.4,0.1,0.4,42.44,-4.23,5.04,92.4,0.1,0.4,42.44,-4.23,5.04,92.4,0.1,0.4,42.44,-4.23,5.04,47.4,0.1,0.4,42.28,-0.75,4.87,242.4,0.1,0.4,39.35,2.4,-5.76,1.0
5,199.51,0.038,0.977,96.5,-1.55,-2.22,199.51,0.067,0.903,88.95,-2.54,-3.66,199.51,0.647,0.671,53.27,-11.76,-25.88,169.51,0.633,0.517,49.92,-28.73,0.45,49.51,0.845,0.984,86.37,-2.56,81.14,3.96
5,63.87,0.005,0.978,98.05,-0.27,0.64,63.87,0.074,0.904,91.01,-3.33,8.21,63.87,0.669,0.812,80.26,-20.24,64.69,108.87,0.617,0.658,61.81,-45.53,44.7,63.87,0.2,0.5,52.61,-5.27,13.69,2.38
5,329.26,0.01,0.983,97.85,1.1,-0.33,329.26,0.006,0.948,95.03,0.64,-0.2,329.26,0.566,0.983,65.55,61.45,-11.51,284.26,0.796,0.613,33.36,56.33,-48.3,119.26,0.834,0.948,83.99,-79.37,74.85,1.0
5,46.15,0.185,0.075,5.72,-0.21,1.57,46.15,0.25,0.146,13.78,-0.56,5.17,46.15,0.853,0.868,74.34,3.22,71.63,1.15,0.406,0.524,40.28,22.17,10.11,226.15,0.878,0.943,41.25,45.65,-84.74,7.37
5,190.02,0.039,0.992,98.16,-2.42,-1.74,190.02,0.052,0.927,92.13,-3.01,-2.17,190.02,0.688,0.857,72.69,-26.26,-22.58,220.02,0.53,0.6,42.15,6.2,-32.59,40.02,0.95,0.926,71.92,17.93,74.47,2.92
5,11.1,0.276,0.051,3.11,0.75,0.55,11.1,0.289,0.169,13.8,4.41,3.4,11.1,0.637,0.877,59.01,43.27,35.96,41.1,0.672,0.618,53.94,4.78,43.25,191.1,0.844,0.886,71.51,-25.95,-28.37,9.96
5,73.23,0.129,0.136,13.26,-1.53,2.85,73.23,0.236,0.139,13.44,-2.78,5.33,73.23,0.608,0.84,81.42,-27.8,59.41,103.23,0.795,0.595,55.63,-47.35,51.24,253.23,0.821,0.944,37.96,67.68,-90.27,4.61
5,130.5,0.1,0.4,42.11,-5.72,3.42,130.5,0.1,0.4,42.11,-5.72,3.42,130.5,0.1,0.4,42.11,-5.72,3.42,100.5,0.1,0.4,42.32,-4.78,4.86,310.5,0.1,0.4,40.19,5.79,-3.31,1.0
5,141.26,0.02,0.956,95.7,-2.2,0.96,141.26,0.065,0.903,90.05,-6.75,2.99,141.26,0.711,0.956,85.8,-67.2,41.5,186.26,0.642,0.708,63.79,-25.76,-15.05,321.26,0.894,0.882,50.66,78.33,-18.23,4.32
5,303.28,0.011,0.993,98.69,1.43,-0.97,303.28,0.003,0.973,97.46,0.33,-0.22,303.28,0.547,0.794,56.29,57.58,-34.71,348.28,0.716,0.589,35.13,45.95,13.39,153.28,0.827,0.914,82.33,-64.29,29.22,1.74
5,49.09,0.139,0.056,4.05,-0.15,0.76,49.09,0.14,0.121,11.25,-0.46,2.55,49.09,0.751,0.695,63.63,-2.67,56.95,4.09,0.473,0.629,46.21,28.4,15.77,259.09,0.86,0.92,37.12,70.45,-88.16,6.96
5,340.19,0.9,0.9,49.63,74.37,18.35,192.79,0.031,0.952,94.79,-1.67,-1.45,192.79,0.518,0.616,54.72,-15.56,-15.54,237.79,0.438,0.654,43.65,17.61,-38.22,42.79,0.821,0.965,79.47,8.74,73.85,1.21
5,273.24,0.9,0.9,40.65,75.73,-79.29,144.06,0.064,0.935,92.95,-6.72,2.69,144.06,0.696,0.855,77.76,-59.42,33.51,174.06,0.793,0.62,58.83,-35.38,-2.93,324.06,0.977,0.915,51.23,80.75,-10.2,2.17
5,46.93,0.1,0.4,42.26,-0.7,4.84,46.93,0.1,0.4,42.26,-0.7,4.84,46.93,0.1,0.4,42.26,-0.7,4.84,76.93,0.1,0.4,42.66,-3.18,5.38,226.93,0.1,0.4,39.97,0.89,-4.84,1.0
5,233.22,0.242,0.068,4.05,0.54,-1.92,233.22,0.116,0.214,20.44,1.07,-3.66,233.22,0.604,0.856,47.54,29.55,-61.87,278.22,0.651,0.529,31.0,40.73,-39.0,23.22,0.946,0.865,55.18,46.84,62.08,7.65
5,183.51,0.029,0.968,96.54,-2.16,-0.99,183.51,0.038,0.929,92.93,-2.72,-1.23,183.51,0.756,0.87,77.99,-35.93,-16.37,213.51,0.458,0.771,59.7,-0.09,-30.3,3.51,0.925,0.946,51.58,73.62,60.07,4.61
5,168.65,0.9,0.9,81.96,-54.41,6.24,124.46,0.055,0.963,95.42,-6.74,4.51,124.46,0.831,0.874,78.09,-73.84,66.26,169.46,0.733,0.545,52.11,-32.98,1.29,274.46,0.953,0.917,40.69,78.61,-81.72,2.38
5,247.8,0.03,0.997,97.33,1.7,-3.56,247.8,0.019,0.907,90.35,0.97,-2.04,247.8,0.604,0.606,32.12,31.14,-49.45,217.8,0.606,0.546,36.63,5.78,-33.05,247.8,0.2,0.5,44.33,6.96,-13.69,7.53
5,221.58,0.038,0.972,95.27,0.22,-3.44,221.58,0.025,0.939,93.1,0.13,-2.2,221.58,0.629,0.852,52.71,15.02,-52.95,251.58,0.717,0.752,34.38,48.03,-67.95,41.58,0.937,0.983,77.58,15.17,78.72,2.57
5,75.43,0.023,0.995,99.35,-1.5,2.59,75.43,0.008,0.958,96.17,-0.53,0.92,75.43,0.775,0.629,61.66,-28.16,56.48,45.43,0.441,0.621,59.18,-1.27,30.46,75.43,0.2,0.5,52.21,-7.24,13.06,4.57
5,303.49,0.18,0.102,7.79,2.73,-1.97,303.49,0.18,0.15,12.95,4.82,-3.15,303.49,0.821,0.682,42.3,67.95,-39.01,258.49,0.758,0.649,29.2,47.44,-60.92,153.49,0.867,0.918,82.48,-65.88,30.87,7.47
5,81.95,0.205,0.131,12.42,-2.79,4.23,81.95,0.171,0.184,18.86,-3.13,4.72,81.95,0.598,0.131,11.65,-7.69,11.24,126.95,0.74,0.733,66.93,-60.33,50.02,291.95,0.962,0.907,50.02,86.09,-64.55,3.74
5,339.18,0.278,0.06,3.54,1.56,-0.15,339.18,0.249,0.201,16.96,6.87,-0.61,339.18,0.609,0.741,48.19,49.92,1.36,294.18,0.455,0.538,40.65,34.26,-25.01,159.18,0.941,0.982,87.79,-67.56,25.68,9.12
5,84.41,0.196,0.105,9.28,-2.33,3.02,84.41,0.226,0.146,14.15,-3.55,5.09,84.41,0.879,0.651,62.01,-39.99,60.61,114.41,0.461,0.503,48.78,-30.49,26.58,294.41,0.867,0.89,51.82,83.94,-59.16,9.95
5,46.76,0.243,0.057,4.03,-0.18,1.27,46.76,0.166,0.148,14.38,-0.47,3.5,46.76,0.722,0.819,72.72,-0.15,61.52,16.76,0.548,0.646,48.91,23.6,25.37,256.76,0.872,0.956,37.29,72.73,-93.04,7.26
5,342.22,0.036,0.953,93.45,3.44,-0.21,342.22,0.071,0.969,92.65,6.81,-0.37,342.22,0.677,0.776,47.78,55.95,7.3,312.22,0.454,0.596,45.22,36.59,-18.16,192.22,0.817,0.838,67.42,-23.34,-28.03,6.22
5,89.12,0.04,0.988,98.35,-3.4,4.3,89.12,0.031,0.976,97.45,-2.58,3.25,89.12,0.864,0.889,81.67,-55.74,75.68,119.12,0.598,0.723,66.84,-52.91,45.89,269.12,0.937,0.825,34.43,70.45,-78.69,3.58
5,100.97,0.246,0.074,5.61,-2.12,2.05,100.97,0.134,0.173,17.47,-3.21,3.24,100.97,0.616,0.789,73.62,-47.63,52.6,145.97,0.794,0.509,47.72,-42.33,23.7,310.97,0.8,0.825,50.36,74.91,-34.28,9.45
5,11.64,0.026,0.978,96.64,1.52,1.22,11.64,0.045,0.938,92.09,2.56,2.05,11.64,0.816,0.64,39.1,43.05,38.83,56.64,0.558,0.789,77.38,-11.52,53.12,161.64,0.881,0.975,87.56,-63.48,18.77,4.97
5,244.04,0.9,0.9,31.08,68.9,-95.43,342.34,0.284,0.152,11.59,6.09,-0.14,342.34,0.601,0.76,49.47,49.71,4.69,12.34,0.479,0.769,58.5,26.97,22.83,192.34,0.836,0.942,74.56,-25.14,-31.49,4.66
5,346.6,0.006,0.971,97.03,0.58,0.02,346.6,0.038,0.93,91.36,3.44,0.11,346.6,0.645,0.616,38.77,43.94,9.22,31.6,0.443,0.796,68.87,9.63,30.67,166.6,0.963,0.961,86.57,-60.42,11.86,5.61
5,353.66,0.1,0.4,39.97,4.31,0.88,353.66,0.1,0.4,39.97,4.31,0.88,353.66,0.1,0.4,39.97,4.31,0.88,23.66,0.1,0.4,41.1,1.67,3.18,173.66,0.1,0.4,42.32,-4.14,-0.73,1.0
5,7.1,0.127,0.12,10.16,1.55,0.92,7.1,0.124,0.143,12.91,1.77,1.05,7.1,0.64,0.827,54.03,45.9,32.41,37.1,0.516,0.673,59.43,5.86,34.01,217.1,0.937,0.801,39.73,26.32,-66.59,4.93
5,91.83,0.125,0.056,4.1,-0.6,0.7,91.83,0.161,0.136,13.05,-2.72,3.29,91.83,0.57,0.828,78.27,-40.19,52.23,121.83,0.759,0.719,65.6,-61.36,54.95,91.83,0.2,0.5,51.66,-9.99,12.22,7.13
5,313.66,0.1,0.4,40.18,5.68,-3.01,313.66,0.1,0.4,40.18,5.68,-3.01,313.66,0.1,0.4,40.18,5.68,-3.01,358.66,0.1,0.4,39.94,4.15,1.36,163.66,0.1,0.4,42.27,-4.51,0.23,1.0
5,331.72,0.9,0.9,50.36,76.37,1.55,327.32,0.0,0.926,93.44,0.04,-0.01,327.32,0.764,0.819,48.94,67.31,-10.62,297.32,0.533,0.701,50.15,50.65,-34.42,147.32,0.934,0.808,73.03,-65.0,40.16,1.0
5,5.02,0.9,0.9,49.91,68.75,56.12,257.81,0.299,0.13,8.64,4.16,-6.37,257.81,0.572,0.639,37.02,33.93,-46.55,212.81,0.717,0.526,34.16,3.62,-33.83,107.81,0.895,0.98,86.89,-78.39,80.18,1.72
5,314.48,0.9,0.9,52.55,82.26,-30.58,293.64,0.199,0.133,10.84,4.58,-3.55,293.64,0.854,0.795,46.22,76.11,-54.5,263.64,0.604,0.627,35.8,37.75,-46.6,113.64,0.922,0.836,74.89,-72.65,71.23,1.0
5,291.73,0.04,0.956,93.64,4.52,-3.69,291.73,0.072,0.954,91.39,8.23,-6.67,291.73,0.859,0.734,41.78,70.86,-52.8,246.73,0.677,0.521,24.22,31.69,-49.1,111.73,0.904,0.967,85.59,-79.99,79.34,5.13
5,298.27,0.258,0.076,4.79,2.78,-2.05,298.27,0.242,0.141,11.28,6.19,-4.39,298.27,0.516,0.076,3.69,4.95,-3.66,268.27,0.797,0.727,34.04,57.98,-64.76,148.27,0.902,0.895,80.28,-68.89,40.4,4.84
5,217.84,0.179,0.08,5.61,-0.01,-1.55,217.84,0.273,0.195,16.48,0.16,-6.29,217.84,0.843,0.748,39.98,19.74,-58.46,262.84,0.474,0.602,40.24,27.62,-35.73,37.84,0.888,0.813,63.28,17.51,64.48,7.55
5,63.76,0.186,0.063,4.74,-0.59,1.4,63.76,0.213,0.16,16.15,-2.19,5.64,63.76,0.614,0.651,65.81,-16.08,50.49,93.76,0.585,0.736,70.0,-38.65,48.37,63.76,0.2,0.5,52.61,-5.25,13.69,7.94
5,316.73,0.002,0.987,98.67,0.26,-0.13,316.73,0.07,0.908,87.68,7.57,-3.71,316.73,0.675,0.889,56.68,69.49,-26.73,271.73,0.741,0.665,34.0,52.05,-55.25,106.73,0.87,0.978,86.94,-76.52,79.23,3.52
5,163.21,0.203,0.126,11.66,-3.48,0.25,163.21,0.189,0.199,20.18,-4.76,0.34,163.21,0.747,0.634,59.65,-40.82,8.31,193.21,0.59,0.707,60.6,-18.19,-19.76,163.21,0.2,0.5,51.26,-10.75,0.84,6.94
5,81.66,0.029,0.971,97.09,-2.1,3.12,81.66,0.041,0.914,91.85,-2.85,4.25,81.66,0.765,0.856,80.6,-42.27,70.11,51.66,0.625,0.701,66.72,-6.16,50.63,261.66,0.919,0.818,31.72,67.47,-82.21,5.95
5,207.96,0.018,0.964,95.97,-0.41,-1.26,207.96,0.065,0.929,90.83,-1.39,-4.41,207.96,0.627,0.855,61.7,-3.44,-39.2,237.96,0.615,0.636,32.98,28.73,-52.81,357.96,0.801,0.848,47.76,64.98,40.59,7.43
5,188.39,0.169,0.15,14.31,-2.24,-1.44,188.39,0.254,0.196,19.06,-4.13,-2.67,188.39,0.882,0.866,72.14,-29.64,-24.72,143.39,0.628,0.728,67.63,-48.85,26.68,38.39,0.876,0.895,69.78,17.55,69.33,9.93
5,111.34,0.123,0.149,14.56,-2.96,2.49,111.34,0.162,0.133,12.55,-3.53,2.98,111.34,0.58,0.776,72.02,-50.78,47.93,66.34,0.506,0.649,65.63,-15.6,41.95,261.34,0.838,0.867,36.5,66.64,-81.44,4.72
5,263.05,0.9,0.9,36.25,72.33,-86.7,149.01,0.231,0.162,15.66,-5.44,1.85,149.01,0.572,0.807,74.9,-47.14,20.49,119.01,0.794,0.593,54.68,-53.97,50.04,329.01,0.957,0.935,51.87,80.26,-0.74,2.97
5,344.45,0.166,0.146,12.56,3.33,0.01,344.45,0.28,0.147,11.12,5.75,0.11,344.45,0.821,0.899,50.69,70.89,20.64,314.45,0.44,0.593,45.32,34.95,-16.3,344.45,0.2,0.5,45.84,11.35,0.16,2.45
5,159.7,0.134,0.137,13.21,-2.55,0.34,159.7,0.241,0.129,11.79,-4.29,0.63,159.7,0.76,0.137,11.5,-13.01,3.05,204.7,0.557,0.647,51.11,-6.67,-25.62,339.7,0.884,0.863,47.91,71.73,15.54,1.01
5,336.33,0.117,0.13,11.37,2.23,-0.37,336.33,0.28,0.214,17.76,8.34,-1.15,336.33,0.847,0.686,38.81,59.73,5.36,306.33,0.798,0.667,41.38,64.86,-34.63,186.33,0.804,0.974,83.18,-35.61,-22.56,6.58
5,101.03,0.1,0.4,42.32,-4.82,4.85,101.03,0.1,0.4,42.32,-4.82,4.85,101.03,0.1,0.4,42.32,-4.82,4.85,131.03,0.1,0.4,42.11,-5.7,3.37,311.03,0.1,0.4,40.19,5.77,-3.26,1.0
5,164.63,0.042,0.973,96.76,-3.93,0.09,164.63,0.034,0.913,91.61,-3.0,0.06,164.63,0.671,0.761,71.07,-43.24,6.51,119.63,0.679,0.659,60.86,-53.9,47.92,344.63,0.936,0.927,50.35,75.96,31.31,4.66
5,140.41,0.02,0.979,97.68,-2.27,1.02,140.41,0.012,0.914,92.13,-1.28,0.57,140.41,0.614,0.887,80.87,-57.39,33.91,110.41,0.751,0.676,62.4,-54.4,53.86,320.41,0.826,0.972,56.98,82.46,-22.64,4.24
5,134.51,0.019,0.955,95.57,-2.2,1.17,134.51,0.073,0.907,90.23,-7.96,4.31,134.51,0.759,0.724,66.24,-58.52,43.03,104.51,0.797,0.669,61.97,-52.83,56.23,284.51,0.919,0.954,48.74,84.86,-73.61,6.05
5,359.75,0.9,0.9,48.79,71.97,55.0,150.98,0.063,0.923,91.96,-6.26,1.79,150.98,0.532,0.746,70.2,-41.04,15.9,180.98,0.579,0.582,56.17,-24.78,-8.43,330.98,0.878,0.857,48.42,73.24,-1.09,1.0
5,124.02,0.112,0.077,6.06,-1.32,0.88,124.02,0.254,0.209,20.69,-8.72,6.13,124.02,0.589,0.739,68.33,-52.7,42.56,169.02,0.455,0.733,70.35,-29.59,-0.12,304.02,0.903,0.934,56.3,89.48,-49.96,8.02
5,265.25,0.03,0.983,96.3,2.39,-3.24,265.25,0.001,0.974,97.68,0.05,-0.07,265.25,0.527,0.71,44.77,36.62,-44.7,295.25,0.662,0.626,40.8,54.54,-38.03,115.25,0.951,0.965,85.1,-82.35,80.15,6.19
5,89.95,0.032,0.994,98.97,-2.75,3.41,89.95,0.033,0.973,97.1,-2.82,3.5,89.95,0.897,0.994,89.94,-63.35,83.56,59.95,0.558,0.794,79.52,-14.73,55.23,239.95,0.82,0.803,29.7,56.68,-83.44,3.05
5,64.8,0.201,0.135,13.14,-1.85,4.56,64.8,0.104,0.18,18.75,-1.26,3.03,64.8,0.611,0.859,84.36,-20.87,62.57,109.8,0.572,0.64,60.5,-42.35,40.62,214.8,0.844,0.807,45.44,15.56,-58.25,8.13
5,340.93,0.025,0.994,97.82,2.48,-0.22,340.93,0.029,0.93,92.01,2.67,-0.23,340.93,0.667,0.764,47.48,54.88,5.21,10.93,0.614,0.635,44.0,32.0,26.08,160.93,0.985,0.918,82.61,-63.71,22.66,5.25
5,70.9,0.1,0.4,42.75,-2.77,5.52,70.9,0.1,0.4,42.75,-2.77,5.52,70.9,0.1,0.4,42.75,-2.77,5.52,115.9,0.1,0.4,42.11,-5.81,4.52,220.9,0.1,0.4,40.27,0.27,-4.39,1.0
5,142.08,0.9,0.9,80.4,-72.25,50.2,340.98,0.017,0.905,90.49,1.56,-0.14,340.98,0.63,0.643,41.2,45.55,3.37,295.98,0.459,0.62,46.74,39.42,-27.79,190.98,0.802,0.962,77.85,-27.93,-29.05,2.14
5,210.77,0.163,0.059,3.98,-0.15,-0.73,210.77,0.145,0.139,12.47,-0.45,-2.17,210.77,0.671,0.797,54.43,1.34,-42.44,165.77,0.405,0.588,57.74,-23.21,1.41,0.77,0.921,0.993,53.57,77.87,61.87,10.0
5,125.95,0.226,0.128,11.69,-5.09,3.41,125.95,0.23,0.195,19.31,-7.38,4.98,125.95,0.862,0.859,76.79,-73.59,65.79,95.95,0.427,0.717,69.51,-29.66,34.76,275.95,0.901,0.943,43.95,79.7,-80.05,7.29
5,320.08,0.042,0.976,95.22,4.74,-2.11,320.08,0.055,0.971,93.92,6.19,-2.74,320.08,0.698,0.694,43.79,57.57,-18.61,350.08,0.68,0.718,43.84,51.41,16.43,110.08,0.973,0.945,83.68,-79.78,79.52,3.05
5,19.42,0.9,0.9,56.17,51.58,60.56,152.88,0.202,0.218,22.16,-5.95,1.62,152.88,0.613,0.744,69.45,-45.09,17.03,122.88,0.432,0.527,51.0,-31.19,23.94,332.88,0.858,0.832,47.17,70.5,1.29,1.0
5,75.56,0.9,0.9,84.79,-41.31,80.53,11.08,0.038,0.975,95.59,2.3,1.78,11.08,0.783,0.824,50.8,51.4,45.2,326.08,0.501,0.552,39.9,35.0,-9.4,221.08,0.872,0.843,41.03,30.74,-70.63,5.51
5,290.16,0.013,0.962,95.88,1.41,-1.19,290.16,0.047,0.906,88.75,5.04,-4.22,290.16,0.511,0.678,47.98,44.4,-34.62,320.16,0.468,0.576,42.96,35.1,-13.13,140.16,0.898,0.807,72.81,-67.12,48.45,5.87
5,45.49,0.295,0.073,5.35,-0.24,2.26,45.49,0.255,0.154,14.62,-0.52,5.46,45.49,0.557,0.857,77.48,-0.69,49.9,15.49,0.465,0.631,49.98,19.93,19.99,255.49,0.894,0.899,33.81,70.19,-90.68,6.83
5,347.26,0.025,0.981,96.66,2.36,0.11,347.26,0.029,0.926,91.62,2.52,0.11,347.26,0.509,0.75,52.2,41.14,6.83,317.26,0.451,0.643,48.5,37.58,-15.86,347.26,0.2,0.5,45.8,11.14,0.83,6.22
5,271.01,0.156,0.072,4.84,1.1,-1.35,271.01,0.204,0.136,10.7,3.56,-4.19,271.01,0.767,0.782,38.78,60.64,-65.03,316.01,0.738,0.604,37.58,54.63,-21.15,91.01,0.859,0.817,75.52,-53.77,70.4,7.3
5,30.19,0.05,0.956,94.35,0.97,3.66,30.19,0.006,0.97,97.17,0.11,0.43,30.19,0.621,0.795,63.36,17.36,42.78,60.19,0.614,0.753,75.64,-15.09,57.48,210.19,0.869,0.882,52.71,9.16,-57.42,4.72
5,280.79,0.233,0.081,5.19,2.26,-2.31,280.79,0.158,0.2,18.34,4.39,-4.29,280.79,0.813,0.706,36.76,62.25,-56.89,310.79,0.741,0.573,35.99,53.93,-25.54,280.79,0.2,0.5,45.63,11.98,-11.61,2.98
5,22.07,0.026,0.975,96.6,0.96,1.64,22.07,0.012,0.974,97.15,0.42,0.72,22.07,0.676,0.898,64.52,32.93,46.35,52.07,0.426,0.672,66.03,-5.75,34.16,202.07,0.891,0.848,57.57,-5.72,-44.77,3.78
5,285.64,0.9,0.9,46.98,81.18,-68.67,221.62,0.184,0.177,15.74,0.38,-4.14,221.62,0.76,0.705,38.39,19.64,-54.53,266.62,0.687,0.567,29.62,40.94,-47.44,11.62,0.801,0.985,59.81,59.98,54.23,1.0
5,117.02,0.9,0.9,80.01,-77.45,74.62,260.95,0.12,0.147,13.09,1.87,-2.76,260.95,0.833,0.894,37.78,67.84,-83.3,215.95,0.519,0.68,49.69,2.93,-32.61,110.95,0.864,0.916,81.67,-74.87,74.68,3.03
5,328.53,0.1,0.4,40.1,5.16,-1.57,328.53,0.1,0.4,40.1,5.16,-1.57,328.53,0.1,0.4,40.1,5.16,-1.57,358.53,0.1,0.4,39.95,4.15,1.35,178.53,0.1,0.4,42.34,-3.95,-1.19,1.0
5,298.51,0.022,0.979,96.73,2.77,-2.02,298.51,0.042,0.903,88.94,4.94,-3.59,298.51,0.746,0.848,53.76,77.24,-50.02,268.51,0.689,0.502,26.29,37.75,-42.48,88.51,0.833,0.825,76.61,-50.64,70.26,4.62
5,109.24,0.9,0.9,80.37,-74.29,75.07,151.52,0.141,0.135,12.85,-2.81,0.8,151.52,0.819,0.619,57.56,-47.92,22.8,106.52,0.556,0.594,56.76,-37.44,37.45,1.52,0.993,0.823,43.99,68.54,57.59,3.17
5,355.35,0.028,0.964,94.96,2.38,0.56,355.35,0.032,0.914,90.3,2.62,0.61,355.35,0.805,0.832,46.86,64.46,36.14,25.35,0.529,0.693,56.16,16.52,29.94,175.35,0.843,0.868,80.05,-46.01,-5.3,5.57
5,187.02,0.023,0.951,95.07,-1.48,-0.87,187.02,0.045,0.953,94.74,-2.92,-1.71,187.02,0.737,0.951,81.56,-33.23,-21.86,157.02,0.57,0.665,63.06,-37.46,10.66,7.02,0.922,0.879,48.94,66.81,56.91,2.06
5,247.45,0.175,0.076,4.99,0.85,-1.84,247.45,0.252,0.197,15.66,4.06,-8.0,247.45,0.682,0.784,36.92,45.36,-68.55,202.45,0.679,0.613,46.6,-7.93,-27.59,37.45,0.903,0.892,68.28,20.26,69.58,7.42
5,122.54,0.195,0.08,6.15,-2.37,1.63,122.54,0.203,0.137,12.73,-4.93,3.5,122.54,0.891,0.632,57.81,-59.29,55.07,92.54,0.419,0.512,51.18,-20.97,26.22,302.54,0.938,0.97,58.38,93.69,-54.33,9.04
5,40.63,0.9,0.9,71.51,14.49,71.97,179.33,0.029,0.907,91.22,-2.28,-0.75,179.33,0.521,0.676,65.3,-26.93,-7.69,224.33,0.708,0.685,37.87,19.91,-52.34,329.33,0.808,0.932,54.08,76.07,-6.94,1.0
5,110.01,0.204,0.088,7.13,-2.71,2.26,110.01,0.213,0.131,12.18,-4.52,3.93,110.01,0.899,0.728,66.19,-63.29,63.6,80.01,0.513,0.573,57.22,-21.4,36.51,320.01,0.967,0.891,50.52,80.46,-18.55,9.11
5,49.78,0.186,0.092,7.78,-0.5,2.46,49.78,0.183,0.186,18.88,-0.9,4.91,49.78,0.696,0.755,69.65,-4.11,57.74,4.78,0.781,0.655,38.51,48.3,34.92,199.78,0.862,0.822,58.75,-10.49,-39.28,10.0
5,207.2,0.29,0.136,10.95,-1.19,-3.95,207.2,0.146,0.142,12.94,-0.69,-2.06,207.2,0.58,0.877,65.39,-5.19,-36.47,237.2,0.725,0.723,32.01,40.28,-67.56,57.2,0.965,0.855,81.93,-14.23,81.35,8.39
5,270.6,0.021,0.976,96.38,1.82,-2.21,270.6,0.03,0.959,94.34,2.52,-3.05,270.6,0.814,0.829,39.11,66.24,-71.49,315.6,0.773,0.712,43.54,64.04,-24.62,60.6,0.894,0.866,85.38,-19.91,82.18,3.11
5,264.1,0.225,0.135,10.3,3.53,-4.78,264.1,0.26,0.124,8.66,3.82,-5.14,264.1,0.652,0.61,32.88,40.28,-48.84,294.1,0.595,0.711,47.97,54.87,-39.35,114.1,0.824,0.89,79.61,-73.16,71.0,4.32
5,207.51,0.1,0.4,40.95,-1.11,-3.39,207.51,0.1,0.4,40.95,-1.11,-3.39,207.51,0.1,0.4,40.95,-1.11,-3.39,237.51,0.1,0.4,39.44,1.99,-5.63,57.51,0.1,0.4,42.78,-1.77,5.59,1.0
5,224.6,0.028,0.97,95.57,0.34,-2.69,224.6,0.052,0.944,91.83,0.63,-4.83,224.6,0.6,0.719,44.64,15.11,-46.53,194.6,0.663,0.769,63.19,-18.68,-24.64,44.6,0.979,0.944,76.92,9.91,78.95,5.9
5,88.06,0.037,0.976,97.34,-3.06,3.95,88.06,0.021,0.962,96.34,-1.74,2.24,88.06,0.721,0.798,75.09,-44.04,62.52,58.06,0.717,0.608,61.16,-11.73,53.98,238.06,0.84,0.992,37.16,66.59,-98.63,4.08
5,227.86,0.184,0.101,7.42,0.56,-2.51,227.86,0.113,0.203,19.55,0.63,-3.15,227.86,0.814,0.101,2.87,2.29,-9.35,197.86,0.454,0.649,56.68,-11.4,-17.27,47.86,0.862,0.931,80.57,0.68,77.31,4.48
5,38.96,0.047,0.967,95.77,0.06,4.07,38.96,0.018,0.94,94.19,0.01,1.49,38.96,0.611,0.76,65.4,6.85,45.6,353.96,0.508,0.586,40.96,32.6,10.38,248.96,0.888,0.806,28.74,62.94,-85.49,7.51
5,98.61,0.01,0.962,96.43,-0.95,0.99,98.61,0.064,0.945,94.04,-6.0,6.29,98.61,0.502,0.962,89.36,-45.36,51.3,143.61,0.467,0.554,53.61,-30.62,14.96,248.61,0.892,0.998,35.91,74.87,-101.54,5.34
5,8.45,0.9,0.9,51.0,65.67,56.88,315.66,0.041,0.932,91.52,4.55,-2.32,315.66,0.565,0.81,55.74,56.28,-23.9,285.66,0.717,0.675,39.52,57.11,-47.69,135.66,0.911,0.959,84.9,-78.92,63.25,1.88
5,114.53,0.19,0.075,5.68,-1.98,1.54,114.53,0.258,0.183,17.95,-7.66,6.26,114.53,0.713,0.718,65.93,-57.19,53.91,144.53,0.507,0.77,72.21,-42.54,20.79,324.53,0.9,0.904,51.38,78.83,-12.25,9.61
5,44.13,0.046,0.973,96.56,-0.44,4.43,44.13,0.059,0.929,92.48,-0.52,5.41,44.13,0.508,0.63,58.61,0.04,34.87,359.13,0.451,0.624,45.63,29.58,12.54,194.13,0.939,0.94,70.7,-20.33,-37.12,4.02
5,278.95,0.9,0.9,43.46,78.08,-74.57,85.31,0.021,0.943,94.65,-1.64,2.24,85.31,0.833,0.721,68.17,-42.61,63.75,130.31,0.499,0.591,56.37,-37.34,25.85,295.31,0.961,0.951,54.62,91.22,-63.37,1.0
5,156.48,0.1,0.4,42.23,-4.78,0.92,156.48,0.1,0.4,42.23,-4.78,0.92,156.48,0.1,0.4,42.23,-4.78,0.92,126.48,0.1,0.4,42.09,-5.86,3.81,336.48,0.1,0.4,40.06,4.89,-0.8,1.0
5,351.54,0.032,0.964,94.68,2.85,0.41,351.54,0.08,0.971,92.19,7.19,1.08,351.54,0.705,0.848,50.59,60.19,22.79,321.54,0.435,0.754,56.78,40.38,-14.4,171.54,0.922,0.964,87.38,-55.09,1.78,4.11
5,168.22,0.215,0.094,7.9,-2.6,-0.1,168.22,0.234,0.183,18.2,-5.21,-0.16,168.22,0.507,0.762,72.45,-33.69,0.87,123.22,0.439,0.58,55.71,-34.14,26.17,168.22,0.2,0.5,51.32,-10.28,-0.32,6.43
5,275.62,0.199,0.138,11.11,3.76,-4.04,275.62,0.179,0.147,12.32,3.57,-3.85,275.62,0.639,0.814,47.48,55.45,-55.52,305.62,0.547,0.667,47.54,49.38,-28.31,95.62,0.899,0.957,86.2,-67.48,80.25,5.85
5,318.48,0.031,0.971,95.53,3.47,-1.63,318.48,0.015,0.975,96.9,1.64,-0.78,318.48,0.802,0.662,39.71,60.91,-19.83,288.48,0.762,0.602,34.9,55.63,-44.05,168.48,0.953,0.888,80.87,-55.03,7.49,3.18
5,132.86,0.036,0.959,95.54,-4.15,2.32,132.86,0.047,0.956,95.02,-5.42,3.04,132.86,0.638,0.808,73.96,-57.42,40.75,177.86,0.737,0.729,68.75,-36.24,-7.92,282.86,0.85,0.921,47.8,79.51,-70.37,3.35
5,40.46,0.017,0.994,98.99,-0.04,1.59,40.46,0.016,0.906,91.28,-0.04,1.37,40.46,0.815,0.851,69.33,11.31,65.08,355.46,0.472,0.721,51.5,35.51,12.19,190.46,0.904,0.966,77.13,-28.31,-30.79,1.98
5,18.01,0.114,0.13,11.79,0.99,1.23,18.01,0.262,0.145,11.99,2.65,3.19,18.01,0.746,0.733,49.45,36.5,41.66,63.01,0.477,0.515,53.33,-10.88,33.23,198.01,0.956,0.899,63.4,-11.71,-42.79,6.9
5,107.27,0.001,0.965,96.9,-0.06,0.06,107.27,0.046,0.93,92.9,-4.83,4.31,107.27,0.714,0.863,78.51,-61.86,63.26,62.27,0.725,0.699,70.28,-17.35,61.42,257.27,0.91,0.99,37.43,76.86,-97.73,5.81
5,33.93,0.032,0.964,95.82,0.37,2.52,33.93,0.061,0.943,93.02,0.73,4.79,33.93,0.552,0.758,64.09,10.41,38.37,78.93,0.675,0.588,57.93,-26.64,47.8,243.93,0.86,0.833,29.86,62.21,-87.69,7.07
5,214.79,0.004,0.985,98.45,-0.04,-0.36,214.79,0.004,0.905,91.33,-0.04,-0.32,214.79,0.622,0.869,58.38,5.53,-46.4,244.79,0.639,0.579,28.61,31.5,-51.09,214.79,0.2,0.5,47.13,-0.61,-9.5,4.96
5,135.09,0.049,0.952,94.63,-5.55,2.94,135.09,0.08,0.95,93.84,-8.99,4.81,135.09,0.723,0.618,57.36,-50.0,35.37,165.09,0.729,0.557,52.97,-35.46,5.36,135.09,0.2,0.5,50.95,-13.29,7.37,3.86
5,53.52,0.191,0.089,7.39,-0.66,2.47,53.52,0.243,0.127,11.88,-1.18,4.93,53.52,0.889,0.604,57.53,-6.63,58.91,8.52,0.788,0.715,43.14,48.69,39.48,233.52,0.83,0.959,38.96,56.07,-90.79,7.6
5,52.69,0.138,0.136,13.19,-0.71,2.93,52.69,0.151,0.158,15.81,-0.87,3.66,52.69,0.849,0.799,73.96,-7.07,71.06,97.69,0.43,0.699,67.71,-30.05,34.09,52.69,0.2,0.5,51.87,-2.85,12.67,3.54
5,261.03,0.1,0.4,39.63,3.61,-5.31,261.03,0.1,0.4,39.63,3.61,-5.31,261.03,0.1,0.4,39.63,3.61,-5.31,291.03,0.1,0.4,40.11,5.57,-4.56,111.03,0.1,0.4,42.18,-5.49,4.63,1.0
5,344.17,0.9,0.9,49.37,73.63,26.37,38.29,0.035,0.94,93.76,0.08,2.92,38.29,0.755,0.689,56.8,10.53,50.73,83.29,0.539,0.554,54.98,-23.44,36.82,248.29,0.914,0.917,32.02,71.14,-96.29,1.0
5,342.19,0.296,0.105,6.85,4.27,-0.12,342.19,0.29,0.138,10.1,5.72,-0.15,342.19,0.51,0.612,43.09,35.74,1.82,27.19,0.464,0.663,56.27,12.06,25.8,162.19,0.828,0.861,78.51,-55.6,14.47,7.41
5,68.05,0.023,0.986,98.56,-1.29,2.73,68.05,0.042,0.932,93.6,-2.21,4.71,68.05,0.629,0.986,94.71,-27.09,70.82,113.05,0.733,0.585,54.53,-48.96,46.92,218.05,0.892,0.978,49.36,29.88,-76.52,5.33
5,141.84,0.9,0.9,80.39,-72.35,50.57,336.03,0.184,0.164,14.27,4.32,-0.7,336.03,0.754,0.832,49.23,65.31,2.01,21.03,0.429,0.521,43.98,12.31,17.31,186.03,0.87,0.894,76.67,-34.11,-21.61,1.0
5,12.04,0.024,0.998,98.47,1.38,1.14,12.04,0.009,0.976,97.34,0.53,0.44,12.04,0.793,0.791,48.96,49.26,44.85,342.04,0.499,0.693,49.0,38.75,1.76,162.04,0.901,0.957,86.09,-62.84,18.46,3.41
5,192.25,0.176,0.084,6.53,-1.05,-0.93,192.25,0.224,0.209,20.42,-3.36,-2.89,192.25,0.698,0.847,70.11,-23.32,-25.15,162.25,0.749,0.547,51.88,-36.82,8.23,192.25,0.2,0.5,49.93,-6.18,-5.31,7.36
5,267.42,0.003,0.961,96.38,0.2,-0.27,267.42,0.022,0.944,93.5,1.75,-2.26,267.42,0.558,0.64,39.37,36.68,-42.86,237.42,0.568,0.521,29.04,20.93,-41.16,117.42,0.881,0.871,77.72,-75.16,72.1,5.31
5,292.98,0.9,0.9,51.06,84.95,-61.87,261.67,0.283,0.126,8.55,4.07,-5.75,261.67,0.522,0.656,41.14,32.61,-42.48,216.67,0.408,0.732,57.76,1.65,-27.58,81.67,0.846,0.898,83.73,-47.09,77.03,1.39
5,87.78,0.008,0.993,99.27,-0.63,0.82,87.78,0.037,0.932,93.49,-2.94,3.82,87.78,0.68,0.892,83.26,-45.71,65.32,57.78,0.744,0.706,69.93,-12.98,62.3,237.78,0.833,0.984,37.3,65.05,-97.24,5.44
5,330.57,0.9,0.9,50.47,76.69,-0.69,266.98,0.048,0.97,93.93,3.87,-5.05,266.98,0.519,0.716,45.79,37.01,-43.87,311.98,0.737,0.707,44.38,63.02,-28.56,56.98,0.933,0.857,82.0,-13.98,80.73,1.0
5,157.6,0.1,0.4,42.24,-4.74,0.81,157.6,0.1,0.4,42.24,-4.74,0.81,157.6,0.1,0.4,42.24,-4.74,0.81,187.6,0.1,0.4,41.96,-3.13,-1.9,337.6,0.1,0.4,40.05,4.85,-0.69,1.0
5,187.0,0.028,0.997,99.03,-1.92,-1.12,187.0,0.016,0.951,95.31,-1.03,-0.6,187.0,0.827,0.768,66.32,-28.96,-19.86,157.0,0.748,0.608,57.08,-42.42,14.4,337.0,0.824,0.811,46.31,67.0,6.5,7.27
5,254.24,0.039,0.973,94.64,2.51,-4.4,254.24,0.056,0.931,89.82,3.48,-6.07,254.24,0.564,0.719,41.45,35.36,-51.53,209.24,0.456,0.654,52.8,-3.33,-23.96,104.24,0.901,0.866,77.94,-69.21,73.31,5.71
5,166.45,0.183,0.076,5.84,-1.52,-0.01,166.45,0.102,0.147,14.57,-1.95,-0.02,166.45,0.544,0.076,5.33,-3.92,0.14,211.45,0.739,0.628,40.89,3.42,-38.9,16.45,0.98,0.905,52.86,61.12,63.16,5.28
5,74.43,0.14,0.101,8.88,-1.31,2.08,74.43,0.234,0.211,21.89,-4.05,7.52,74.43,0.701,0.89,85.03,-33.54,69.54,29.43,0.58,0.606,49.73,13.16,31.55,254.43,0.828,0.844,33.83,62.59,-82.5,6.05
5,179.59,0.143,0.077,6.09,-1.12,-0.38,179.59,0.134,0.192,19.68,-2.83,-0.93,179.59,0.808,0.739,69.54,-36.83,-10.29,149.59,0.712,0.578,54.36,-42.36,19.79,179.59,0.2,0.5,51.47,-9.17,-2.94,7.19
5,45.24,0.1,0.4,42.17,-0.53,4.72,45.24,0.1,0.4,42.17,-0.53,4.72,45.24,0.1,0.4,42.17,-0.53,4.72,90.24,0.1,0.4,42.47,-4.09,5.08,255.24,0.1,0.4,39.55,3.23,-5.45,1.0
5,247.67,0.04,0.965,93.89,2.17,-4.55,247.67,0.003,0.975,97.54,0.16,-0.33,247.67,0.638,0.632,31.79,34.71,-54.04,292.67,0.712,0.673,41.72,59.77,-43.69,37.67,0.854,0.849,66.38,17.14,65.15,6.59
5,230.41,0.288,0.05,2.85,0.31,-1.31,230.41,0.245,0.186,15.17,1.82,-6.67,230.41,0.793,0.05,1.41,0.79,-3.46,185.41,0.654,0.728,65.9,-27.43,-14.81,80.41,0.836,0.953,88.58,-47.45,80.56,5.02
5,167.35,0.1,0.4,42.28,-4.38,-0.12,167.35,0.1,0.4,42.28,-4.38,-0.12,167.35,0.1,0.4,42.28,-4.38,-0.12,137.35,0.1,0.4,42.14,-5.47,2.76,317.35,0.1,0.4,40.16,5.55,-2.65,1.0
5,7.2,0.1,0.4,40.29,3.36,2.01,7.2,0.1,0.4,40.29,3.36,2.01,7.2,0.1,0.4,40.29,3.36,2.01,37.2,0.1,0.4,41.77,0.29,4.14,217.2,0.1,0.4,40.46,-0.11,-4.12,1.0
5,284.28,0.037,0.981,95.89,3.9,-3.63,284.28,0.079,0.943,89.85,8.13,-7.51,284.28,0.545,0.848,56.25,53.56,-46.32,239.28,0.433,0.588,39.15,16.9,-35.4,104.28,0.939,0.919,82.1,-73.98,77.72,3.41
5,98.89,0.23,0.122,11.14,-3.94,4.18,98.89,0.273,0.168,16.34,-6.1,6.52,98.89,0.898,0.894,80.73,-66.78,75.65,143.89,0.59,0.661,62.14,-42.93,22.47,278.89,0.932,0.882,41.79,77.64,-74.69,7.28
5,42.6,0.299,0.129,11.34,-0.15,5.29,42.6,0.182,0.202,20.34,-0.21,4.69,42.6,0.772,0.837,70.58,6.71,63.16,72.6,0.739,0.61,60.49,-24.34,53.9,252.6,0.801,0.809,33.08,58.13,-78.62,6.42
5,20.06,0.215,0.136,11.63,1.84,2.59,20.06,0.196,0.128,10.84,1.58,2.23,20.06,0.724,0.7,48.84,31.54,39.73,350.06,0.56,0.61,40.95,37.74,9.4,200.06,0.933,0.996,67.87,-8.8,-49.28,6.01
5,327.89,0.009,0.964,96.29,0.91,-0.3,327.89,0.041,0.921,90.47,4.2,-1.35,327.89,0.584,0.78,52.18,52.79,-11.09,357.89,0.599,0.626,40.42,39.96,18.38,177.89,0.944,0.911,83.64,-46.74,-9.36,4.75
5,202.56,0.293,0.072,4.75,-0.71,-1.5,202.56,0.243,0.157,13.94,-1.69,-3.34,202.56,0.612,0.654,51.21,-8.56,-26.54,157.56,0.518,0.715,67.85,-36.55,9.53,352.56,0.998,0.96,51.28,77.95,55.24,9.26
5,14.97,0.001,0.969,97.17,0.06,0.06,14.97,0.012,0.945,94.5,0.59,0.6,14.97,0.867,0.717,43.93,46.41,47.16,344.97,0.764,0.689,40.13,55.1,13.68,164.97,0.806,0.866,79.17,-53.11,9.79,3.84
5,271.52,0.1,0.4,39.8,4.29,-5.05,271.52,0.1,0.4,39.8,4.29,-5.05,271.52,0.1,0.4,39.8,4.29,-5.05,226.52,0.1,0.4,39.99,0.85,-4.81,91.52,0.1,0.4,42.45,-4.17,5.05,1.0
5,321.65,0.1,0.4,40.13,5.4,-2.23,321.65,0.1,0.4,40.13,5.4,-2.23,321.65,0.1,0.4,40.13,5.4,-2.23,291.65,0.1,0.4,40.12,5.61,-4.54,141.65,0.1,0.4,42.16,-5.32,2.35,1.0
5,28.4,0.118,0.093,7.6,0.38,1.11,28.4,0.127,0.211,21.18,0.89,2.63,28.4,0.688,0.771,58.88,21.9,45.31,358.4,0.669,0.616,37.68,43.77,22.57,178.4,0.833,0.87,80.48,-43.24,-9.97,10.0
5,351.96,0.257,0.127,9.32,4.4,0.8,351.96,0.271,0.12,8.43,4.43,0.53,351.96,0.645,0.821,51.09,54.4,18.9,321.96,0.444,0.725,54.36,39.78,-13.85,171.96,0.867,0.914,83.44,-51.4,0.22,7.77
5,21.76,0.022,0.959,95.41,0.81,1.35,21.76,0.039,0.966,95.29,1.44,2.4,21.76,0.88,0.79,51.4,41.88,54.57,336.76,0.632,0.7,44.92,49.71,-0.81,171.76,0.982,0.974,88.11,-56.23,2.3,1.54
5,116.51,0.116,0.108,9.66,-2.26,1.74,116.51,0.29,0.169,16.09,-8.17,6.51,116.51,0.862,0.851,76.14,-72.94,70.08,86.51,0.759,0.784,73.85,-43.73,64.19,296.51,0.85,0.937,55.94,87.95,-59.21,9.59
5,63.42,0.221,0.098,8.49,-1.48,3.35,63.42,0.273,0.123,11.64,-2.18,5.79,63.42,0.758,0.829,81.62,-21.47,72.12,18.42,0.705,0.711,49.38,32.79,38.2,243.42,0.986,0.867,27.83,70.57,-95.99,5.73
5,217.48,0.25,0.144,11.59,0.03,-4.41,217.48,0.218,0.121,9.52,-0.01,-3.32,217.48,0.514,0.811,58.13,4.94,-38.41,247.48,0.757,0.696,29.13,46.99,-68.28,7.48,0.854,0.901,51.75,64.12,53.13,7.04
5,322.24,0.232,0.084,5.6,2.7,-1.07,322.24,0.279,0.149,11.5,6.67,-2.57,322.24,0.725,0.63,38.98,54.17,-15.04,352.24,0.797,0.503,28.14,43.42,19.29,112.24,0.912,0.953,84.39,-79.52,78.61,7.37
5,167.68,0.026,0.957,95.7,-2.29,-0.1,167.68,0.027,0.915,91.96,-2.36,-0.11,167.68,0.828,0.874,80.0,-52.21,6.28,197.68,0.503,0.511,44.4,-10.16,-15.57,347.68,0.922,0.941,51.08,76.11,36.86,5.15
5,245.24,0.25,0.1,6.4,1.83,-3.95,245.24,0.279,0.214,16.53,4.66,-9.58,245.24,0.823,0.1,2.08,4.47,-10.41,215.24,0.535,0.539,39.49,2.01,-27.36,95.24,0.841,0.888,80.99,-60.69,73.7,5.41
5,11.54,0.031,0.986,97.02,1.81,1.45,11.54,0.033,0.961,94.68,1.94,1.54,11.54,0.591,0.666,47.1,31.31,26.07,326.54,0.539,0.646,45.11,42.52,-10.59,221.54,0.966,0.877,38.4,41.24,-79.9,7.64
5,108.93,0.013,0.977,97.65,-1.49,1.29,108.93,0.049,0.939,93.63,-5.22,4.53,108.93,0.663,0.663,61.94,-48.46,48.01,63.93,0.489,0.578,59.3,-12.63,37.29,288.93,0.935,0.927,49.62,85.51,-68.13,6.44
5,177.16,0.005,0.959,96.26,-0.39,-0.11,177.16,0.008,0.949,95.34,-0.68,-0.19,177.16,0.538,0.826,78.13,-33.37,-7.15,222.16,0.796,0.705,36.54,22.77,-57.52,327.16,0.944,0.815,45.58,72.69,-5.16,3.89
5,11.47,0.9,0.9,52.17,62.39,57.7,301.44,0.187,0.14,11.79,4.77,-3.23,301.44,0.543,0.732,52.44,54.13,-33.92,331.44,0.416,0.504,38.93,26.32,-5.08,91.44,0.965,0.936,84.67,-64.77,80.88,1.01
5,133.25,0.114,0.139,13.47,-2.65,1.49,133.25,0.278,0.205,20.29,-8.9,5.23,133.25,0.838,0.744,67.57,-63.35,50.1,178.25,0.496,0.584,57.14,-23.49,-5.96,313.25,0.852,0.873,51.9,79.48,-32.34,8.89
5,300.21,0.028,0.981,96.6,3.51,-2.49,300.21,0.038,0.931,91.68,4.63,-3.27,300.21,0.866,0.981,60.18,93.71,-57.97,255.21,0.562,0.634,36.82,32.02,-46.06,90.21,0.892,0.804,74.36,-53.65,70.76,3.33
5,195.17,0.034,0.973,96.5,-1.72,-1.77,195.17,0.035,0.936,93.16,-1.7,-1.75,195.17,0.664,0.973,77.9,-21.59,-30.52,225.17,0.55,0.692,45.08,12.91,-41.74,45.17,0.97,0.975,79.89,8.75,81.19,1.1
5,226.94,0.015,0.951,94.68,0.25,-1.47,226.94,0.071,0.918,88.23,1.22,-6.78,226.94,0.872,0.815,35.37,41.16,-75.89,256.94,0.667,0.573,28.91,36.77,-49.63,226.94,0.2,0.5,45.63,2.46,-11.75,7.7
5,283.88,0.133,0.053,3.51,0.68,-0.65,283.88,0.226,0.218,18.96,7.06,-6.46,283.88,0.632,0.636,39.43,48.41,-41.91,253.88,0.756,0.793,34.82,54.17,-73.38,103.88,0.925,0.863,77.64,-69.65,73.77,6.16
5,104.97,0.157,0.074,5.69,-1.45,1.32,104.97,0.275,0.207,20.65,-8.0,7.68,104.97,0.752,0.742,68.38,-55.47,58.6,134.97,0.716,0.558,52.16,-45.88,32.28,284.97,0.866,0.972,51.1,84.69,-72.25,8.4
5,124.94,0.021,0.951,95.17,-2.51,1.66,124.94,0.029,0.922,92.42,-3.41,2.25,124.94,0.702,0.701,64.37,-56.89,47.66,169.94,0.507,0.79,74.91,-33.93,-0.56,124.94,0.2,0.5,50.84,-14.15,9.73,1.96
5,91.05,0.002,0.97,97.33,-0.17,0.21,91.05,0.075,0.901,90.13,-6.02,7.35,91.05,0.735,0.75,70.55,-45.02,59.91,136.05,0.485,0.581,55.72,-34.69,21.09,271.05,0.936,0.934,40.11,78.13,-85.1,5.46
5,129.72,0.263,0.111,9.51,-5.11,2.91,129.72,0.256,0.192,18.87,-7.93,5.0,129.72,0.699,0.612,56.89,-49.91,38.53,174.72,0.649,0.749,70.7,-36.38,-4.55,309.72,0.96,0.917,53.73,86.54,-39.02,9.59
5,333.19,0.041,0.955,93.42,4.18,-0.97,333.19,0.009,0.934,93.63,0.85,-0.2,333.19,0.539,0.786,53.97,48.21,-5.86,303.19,0.424,0.697,54.12,40.95,-25.36,183.19,0.863,0.935,82.79,-39.78,-17.99,3.28
5,265.85,0.04,0.964,93.94,3.19,-4.27,265.85,0.029,0.906,89.67,2.21,-2.96,265.85,0.785,0.601,27.6,48.39,-56.03,310.85,0.494,0.772,56.27,49.31,-25.06,55.85,0.883,0.86,81.4,-12.3,78.72,5.3
5,19.28,0.242,0.103,7.82,0.99,2.07,19.28,0.196,0.142,12.45,1.8,2.39,19.28,0.782,0.103,4.75,4.86,4.61,349.28,0.72,0.576,34.22,45.23,14.38,199.28,0.957,0.995,68.1,-9.61,-48.79,4.82
5,104.43,0.031,0.968,96.55,-3.19,2.99,104.43,0.027,0.903,90.9,-2.62,2.45,104.43,0.559,0.875,81.05,-50.01,51.83,74.43,0.567,0.605,60.45,-21.0,42.69,254.43,0.88,0.948,35.93,72.2,-94.22,4.89
5,253.73,0.045,0.972,94.08,2.87,-5.1,253.73,0.039,0.974,94.76,2.48,-4.4,253.73,0.708,0.746,35.01,47.8,-66.09,208.73,0.481,0.585,47.01,-3.36,-22.75,253.73,0.2,0.5,44.55,7.85,-13.33,5.98
5,228.16,0.276,0.139,10.16,1.34,-5.67,228.16,0.292,0.207,16.5,2.08,-8.42,228.16,0.501,0.714,47.64,13.94,-40.92,258.16,0.538,0.601,36.49,30.16,-41.64,48.16,0.873,0.981,84.53,0.42,81.2,8.77
5,47.24,0.03,0.982,97.81,-0.49,2.98,47.24,0.004,0.919,92.78,-0.07,0.4,47.24,0.818,0.615,55.14,0.33,53.9,92.24,0.683,0.576,55.46,-35.18,45.69,227.24,0.869,0.804,34.76,40.98,-75.2,8.39
5,321.57,0.277,0.104,7.07,4.65,-1.85,321.57,0.229,0.175,14.77,6.28,-2.51,321.57,0.52,0.104,5.26,7.59,-2.78,351.57,0.56,0.627,42.02,38.36,10.94,141.57,0.994,0.922,81.9,-76.35,57.77,4.48
5,142.35,0.264,0.107,9.03,-3.87,1.76,142.35,0.108,0.138,13.31,-2.35,1.01,142.35,0.846,0.769,69.86,-62.07,40.83,172.35,0.495,0.587,57.17,-25.47,-2.12,322.35,0.94,0.816,46.28,74.25,-14.13,7.84
5,172.72,0.249,0.071,5.25,-1.69,-0.25,172.72,0.159,0.155,15.22,-2.97,-0.44,172.72,0.799,0.854,78.8,-46.56,-1.66,127.72,0.735,0.546,50.85,-47.52,38.49,352.72,1.0,0.934,49.86,76.35,54.39,9.63
5,130.75,0.157,0.1,8.49,-2.09,1.38,130.75,0.191,0.154,14.91,-4.91,2.97,130.75,0.777,0.828,74.68,-67.09,53.59,85.75,0.537,0.546,54.09,-24.35,36.0,280.75,0.943,0.879,42.41,78.43,-73.22,7.82
5,216.07,0.1,0.4,40.52,-0.23,-4.03,216.07,0.1,0.4,40.52,-0.23,-4.03,216.07,0.1,0.4,40.52,-0.23,-4.03,186.07,0.1,0.4,42.04,-3.29,-1.79,36.07,0.1,0.4,41.71,0.4,4.06,1.0
5,175.41,0.9,0.9,82.56,-48.24,-5.2,250.57,0.121,0.125,10.53,1.33,-2.53,250.57,0.674,0.787,38.12,45.94,-67.06,220.57,0.722,0.54,31.04,12.46,-41.01,100.57,0.892,0.982,87.67,-73.12,80.97,2.78
5,90.84,0.021,0.954,95.63,-1.75,2.12,90.84,0.049,0.908,91.16,-3.93,4.79,90.84,0.834,0.844,77.93,-53.96,71.24,120.84,0.529,0.574,54.42,-40.16,33.06,270.84,0.847,0.828,37.93,67.97,-73.22,5.38
5,183.41,0.037,0.973,96.83,-2.78,-1.25,183.41,0.048,0.963,95.73,-3.54,-1.6,183.41,0.586,0.62,58.33,-24.33,-10.64,213.41,0.527,0.739,54.63,0.89,-33.56,3.41,0.891,0.903,49.78,69.71,55.21,5.17
5,60.17,0.24,0.128,12.32,-1.79,5.32,60.17,0.166,0.152,15.34,-1.47,4.27,60.17,0.723,0.858,84.95,-18.02,72.69,90.17,0.682,0.66,63.14,-37.75,51.19,60.17,0.2,0.5,52.74,-4.63,13.89,6.6
5,311.31,0.189,0.121,9.67,4.02,-2.23,311.31,0.274,0.124,9.08,5.97,-3.26,311.31,0.73,0.856,53.74,73.08,-33.88,281.31,0.422,0.679,50.32,33.56,-31.13,131.31,0.866,0.818,73.54,-69.73,58.06,7.45
5,23.91,0.009,0.966,96.59,0.27,0.55,23.91,0.026,0.953,94.73,0.82,1.64,23.91,0.749,0.748,53.32,29.95,45.69,68.91,0.464,0.631,63.8,-15.57,37.32,233.91,0.915,0.917,33.34,62.87,-94.1,6.72
5,136.15,0.242,0.052,3.62,-1.29,0.67,136.15,0.214,0.153,14.72,-5.28,2.82,136.15,0.504,0.657,62.28,-39.51,24.23,181.15,0.492,0.514,50.38,-19.91,-6.96,136.15,0.2,0.5,50.96,-13.2,7.12,8.2
5,165.55,0.138,0.072,5.59,-1.09,0.01,165.55,0.154,0.165,16.42,-3.26,0.05,165.55,0.761,0.857,78.67,-50.71,7.9,135.55,0.729,0.623,57.79,-50.46,35.5,15.55,0.979,0.802,46.67,56.47,57.36,9.3
5,115.83,0.004,0.995,99.45,-0.46,0.35,115.83,0.064,0.911,90.74,-7.31,5.66,115.83,0.811,0.788,71.22,-66.71,63.73,160.83,0.656,0.649,61.27,-39.23,9.04,295.83,0.94,0.91,52.79,88.1,-60.37,5.76
5,75.83,0.047,0.967,96.56,-3.05,5.26,75.83,0.026,0.974,97.41,-1.69,2.9,75.83,0.667,0.889,84.9,-33.7,66.56,45.83,0.699,0.761,67.72,0.65,55.92,255.83,0.978,0.851,29.66,70.29,-90.62,2.94
5,140.24,0.026,0.996,99.11,-2.89,1.31,140.24,0.07,0.911,90.64,-7.36,3.38,140.24,0.569,0.707,66.19,-45.18,25.96,185.24,0.444,0.672,63.51,-20.1,-10.28,350.24,0.879,0.861,47.24,69.73,35.07,7.04
5,199.83,0.248,0.072,4.97,-0.75,-1.21,199.83,0.174,0.156,14.6,-1.47,-2.22,199.83,0.884,0.733,52.23,-9.18,-36.64,244.83,0.687,0.729,33.65,42.31,-65.85,49.83,0.914,0.979,85.43,-1.95,83.67,9.73
5,193.97,0.9,0.9,68.8,-20.75,-34.55,190.27,0.194,0.166,15.95,-2.61,-1.93,190.27,0.893,0.718,58.98,-23.11,-23.91,235.27,0.731,0.753,34.11,39.55,-68.73,40.27,0.899,0.92,72.67,15.41,72.96,1.0
5,269.48,0.9,0.9,38.92,74.35,-82.19,257.33,0.242,0.162,12.64,3.98,-6.22,257.33,0.761,0.678,30.15,48.95,-63.71,227.33,0.682,0.53,28.79,17.71,-43.06,77.33,0.843,0.841,79.69,-39.68,74.01,2.26
5,315.01,0.223,0.069,4.39,1.9,-0.97,315.01,0.157,0.168,15.12,4.3,-2.17,315.01,0.882,0.674,39.58,65.36,-24.21,285.01,0.77,0.531,29.49,49.48,-41.81,105.01,0.891,0.814,73.71,-66.06,69.54,7.96
5,46.18,0.145,0.131,12.4,-0.35,2.72,46.18,0.276,0.127,11.45,-0.54,5.08,46.18,0.513,0.823,75.71,-1.73,44.95,16.18,0.548,0.555,42.11,21.26,22.15,46.18,0.2,0.5,51.08,-1.27,11.58,4.02
5,299.8,0.016,0.986,97.79,2.07,-1.48,299.8,0.008,0.953,95.37,0.93,-0.66,299.8,0.627,0.825,55.97,67.54,-43.13,269.8,0.705,0.792,41.56,56.5,-61.98,89.8,0.871,0.99,89.8,-61.78,82.43,1.7
5,83.19,0.202,0.139,13.4,-2.97,4.37,83.19,0.239,0.159,15.76,-3.94,5.83,83.19,0.649,0.737,70.83,-34.3,54.72,128.19,0.792,0.666,61.04,-57.77,48.13,263.19,0.921,0.829,32.68,68.61,-82.24,4.0
5,75.58,0.039,0.974,97.32,-2.51,4.33,75.58,0.018,0.916,92.33,-1.11,1.91,75.58,0.566,0.974,92.79,-31.72,62.38,45.58,0.701,0.524,47.71,0.51,41.38,285.58,0.804,0.966,52.89,81.7,-68.5,3.85
5,115.69,0.1,0.4,42.12,-5.8,4.53,115.69,0.1,0.4,42.12,-5.8,4.53,115.69,0.1,0.4,42.12,-5.8,4.53,145.69,0.1,0.4,42.18,-5.17,1.96,295.69,0.1,0.4,40.18,5.88,-4.44,1.0
5,232.48,0.1,0.4,39.69,1.47,-5.26,232.48,0.1,0.4,39.69,1.47,-5.26,232.48,0.1,0.4,39.69,1.47,-5.26,277.48,0.1,0.4,39.89,4.68,-4.9,22.48,0.1,0.4,41.04,1.79,3.09,1.0
5,129.87,0.033,0.982,97.6,-4.0,2.39,129.87,0.019,0.972,97.08,-2.2,1.31,129.87,0.845,0.753,68.19,-65.07,54.58,159.87,0.536,0.746,70.45,-37.95,8.32,339.87,0.934,0.839,45.92,71.17,19.01,4.68
5,125.53,0.253,0.06,4.2,-1.79,1.17,125.53,0.17,0.204,20.63,-5.71,3.83,125.53,0.527,0.883,80.9,-55.26,42.49,170.53,0.663,0.519,50.07,-29.37,-0.16,335.53,0.874,0.955,53.41,78.28,8.01,9.01
5,92.21,0.013,0.997,99.57,-1.14,1.34,92.21,0.051,0.912,91.47,-4.22,5.01,92.21,0.789,0.817,75.7,-51.77,67.01,62.21,0.598,0.517,53.32,-12.28,41.17,242.21,0.963,0.931,30.51,73.68,-100.91,6.4
5,332.91,0.043,0.976,95.14,4.38,-1.03,332.91,0.018,0.91,90.86,1.77,-0.43,332.91,0.645,0.677,43.29,50.08,-4.64,302.91,0.719,0.513,33.22,50.49,-29.92,182.91,0.978,0.93,82.12,-40.42,-18.31,5.34
5,188.17,0.21,0.06,4.22,-0.79,-0.52,188.17,0.126,0.188,18.96,-2.06,-1.31,188.17,0.77,0.06,3.43,-2.47,-1.73,233.17,0.6,0.612,34.44,21.87,-46.79,8.17,0.821,0.89,52.26,60.7,50.07,5.24
5,274.86,0.026,0.978,96.27,2.35,-2.62,274.86,0.033,0.937,92.2,2.93,-3.26,274.86,0.546,0.802,51.16,46.68,-47.85,244.86,0.434,0.791,52.26,24.21,-44.71,124.86,0.841,0.929,82.48,-77.71,69.81,5.25
5,210.68,0.014,0.996,98.89,-0.25,-1.07,210.68,0.024,0.936,93.16,-0.41,-1.77,210.68,0.718,0.63,42.12,1.89,-37.25,165.68,0.433,0.631,61.39,-26.07,1.8,60.68,0.877,0.92,90.08,-20.88,85.49,5.04
5,112.47,0.9,0.9,80.19,-75.82,74.85,272.13,0.246,0.146,11.18,4.68,-5.36,272.13,0.57,0.807,49.64,47.65,-51.09,317.13,0.544,0.684,48.02,47.14,-19.17,92.13,0.861,0.899,82.12,-59.19,75.7,1.64
5,285.18,0.025,0.965,95.29,2.6,-2.39,285.18,0.013,0.952,94.91,1.33,-1.22,285.18,0.872,0.646,33.85,61.96,-52.54,330.18,0.402,0.695,53.63,33.35,-7.21,285.18,0.2,0.5,45.81,12.66,-11.31,5.67
5,178.26,0.222,0.077,5.99,-1.71,-0.51,178.26,0.243,0.179,17.83,-4.82,-1.36,178.26,0.63,0.608,58.58,-28.62,-6.94,208.26,0.566,0.532,40.76,-3.02,-24.38,28.26,0.884,0.915,63.31,36.51,64.93,9.86
5,210.46,0.184,0.147,13.0,-0.6,-2.88,210.46,0.111,0.179,17.43,-0.46,-2.06,210.46,0.843,0.744,45.38,6.91,-49.13,240.46,0.649,0.699,33.55,36.39,-61.37,60.46,0.993,0.982,95.48,-22.04,92.92,8.16
5,20.93,0.046,0.961,94.45,1.8,2.8,20.93,0.08,0.914,88.85,3.04,4.67,20.93,0.809,0.667,44.91,33.71,43.57,335.93,0.413,0.784,59.23,36.57,-3.84,200.93,0.881,0.94,64.85,-8.61,-46.36,6.6
5,267.9,0.045,0.996,96.41,3.78,-4.84,267.9,0.03,0.914,90.31,2.37,-3.04,267.9,0.865,0.628,26.95,54.52,-61.25,222.9,0.478,0.617,44.34,7.25,-31.68,57.9,0.882,0.832,80.74,-15.21,78.04,5.87
5,161.33,0.288,0.124,11.07,-4.86,0.58,161.33,0.192,0.177,17.64,-4.43,0.49,161.33,0.777,0.124,9.95,-11.21,2.37,116.33,0.52,0.62,58.75,-40.86,35.49,11.33,0.843,0.808,48.28,54.02,48.95,3.61
5,196.12,0.9,0.9,66.62,-16.86,-37.94,221.27,0.07,0.929,89.62,0.39,-6.12,221.27,0.871,0.81,39.35,29.91,-68.53,266.27,0.756,0.676,32.52,51.64,-59.55,41.27,0.828,0.918,74.71,11.13,70.37,1.0
5,322.34,0.9,0.9,51.43,79.29,-16.32,230.94,0.171,0.171,14.96,1.16,-4.36,230.94,0.77,0.888,40.81,42.02,-77.57,275.94,0.587,0.758,46.81,48.38,-48.43,20.94,0.934,0.986,61.21,55.41,67.4,1.0
5,174.41,0.023,0.978,97.66,-1.98,-0.41,174.41,0.012,0.938,94.25,-1.0,-0.21,174.41,0.832,0.605,57.41,-35.24,-3.1,219.41,0.476,0.505,37.54,3.74,-25.12,324.41,0.946,0.96,53.91,83.31,-11.1,6.77
5,226.96,0.206,0.057,3.55,0.2,-1.13,226.96,0.294,0.209,16.74,1.9,-8.4,226.96,0.604,0.637,38.41,16.21,-44.1,256.96,0.547,0.714,42.5,34.95,-48.99,226.96,0.2,0.5,45.63,2.47,-11.75,2.46
5,288.82,0.049,0.967,93.93,5.48,-4.69,288.82,0.048,0.975,94.68,5.35,-4.58,288.82,0.567,0.967,63.75,64.35,-51.07,333.82,0.501,0.582,41.66,35.08,-4.37,108.82,0.963,0.807,72.6,-69.86,70.4,1.49
5,120.51,0.025,0.977,97.32,-3.2,2.28,120.51,0.021,0.973,97.09,-2.68,1.91,120.51,0.647,0.614,57.12,-49.41,42.9,90.51,0.718,0.504,48.86,-31.87,42.92,330.51,0.855,0.826,47.11,70.65,-2.93,6.75
5,158.39,0.024,0.988,98.5,-2.33,0.34,158.39,0.008,0.962,96.43,-0.82,0.12,158.39,0.775,0.822,75.33,-54.17,17.66,113.39,0.416,0.6,58.02,-31.67,27.7,8.39,0.907,0.992,55.79,71.41,62.08,2.01
5,263.28,0.049,0.964,93.22,3.76,-5.31,263.28,0.07,0.961,91.54,5.34,-7.51,263.28,0.645,0.82,44.27,50.36,-61.78,308.28,0.564,0.69,48.42,51.39,-27.48,53.28,0.98,0.904,82.21,-7.41,82.31,4.78
5,334.16,0.206,0.125,9.83,3.9,-0.76,334.16,0.188,0.195,17.42,5.18,-1.01,334.16,0.582,0.711,47.5,47.45,-4.24,289.16,0.414,0.767,57.98,39.56,-31.81,154.16,0.967,0.88,79.15,-66.2,33.25,8.4
5,147.79,0.273,0.124,11.12,-5.18,1.89,147.79,0.29,0.214,21.27,-8.68,3.24,147.79,0.653,0.734,68.12,-48.89,23.57,117.79,0.76,0.706,64.57,-60.04,55.76,147.79,0.2,0.5,51.09,-12.17,4.41,6.42
5,116.91,0.9,0.9,80.01,-77.42,74.63,5.12,0.132,0.194,18.37,2.61,1.36,5.12,0.673,0.672,42.55,42.63,28.43,320.12,0.524,0.783,55.2,50.01,-18.08,185.12,0.81,0.992,85.7,-38.06,-21.17,2.75
5,4.29,0.2,0.085,5.85,1.62,0.76,4.29,0.216,0.143,11.61,3.42,1.71,4.29,0.526,0.788,54.96,38.17,22.21,334.29,0.737,0.715,42.97,57.51,-1.25,214.29,0.868,0.912,50.61,18.02,-65.11,9.06
5,231.17,0.106,0.122,10.51,0.51,-2.02,231.17,0.281,0.2,15.77,2.43,-8.24,231.17,0.734,0.801,38.57,35.59,-68.55,186.17,0.495,0.661,61.55,-20.84,-11.65,21.17,0.857,0.928,60.12,47.2,60.37,6.65
5,126.59,0.113,0.112,10.15,-2.26,1.46,126.59,0.138,0.177,17.76,-4.08,2.66,126.59,0.796,0.835,75.1,-69.47,59.69,81.59,0.776,0.568,55.37,-30.8,51.24,306.59,0.964,0.952,56.32,90.65,-46.08,9.99
5,82.2,0.105,0.088,7.5,-0.97,1.39,82.2,0.128,0.191,19.78,-2.45,3.65,82.2,0.764,0.088,6.64,-5.71,7.43,127.2,0.518,0.517,49.5,-35.15,25.92,262.2,0.885,0.986,40.01,76.8,-92.89,2.15
5,36.7,0.199,0.12,10.48,0.28,2.97,36.7,0.154,0.15,14.26,0.25,2.79,36.7,0.837,0.603,47.99,13.42,48.63,81.7,0.576,0.739,71.63,-30.14,49.66,216.7,0.932,0.967,48.42,29.81,-76.46,7.13
5,315.43,0.192,0.078,5.27,2.07,-1.04,315.43,0.146,0.207,19.56,4.77,-2.39,315.43,0.568,0.728,50.24,51.97,-22.26,0.43,0.491,0.595,42.17,30.79,14.48,135.43,0.87,0.872,78.04,-72.13,56.31,9.42
5,349.55,0.049,0.979,94.87,4.49,0.45,349.55,0.0,0.972,97.53,0.01,0.0,349.55,0.728,0.71,42.02,53.82,18.23,34.55,0.758,0.582,46.62,13.2,42.67,349.55,0.2,0.5,45.78,10.96,1.38,7.71
5,116.59,0.032,0.994,98.73,-3.92,2.98,116.59,0.043,0.961,95.56,-5.11,3.89,116.59,0.805,0.799,72.16,-67.56,64.14,161.59,0.456,0.59,57.41,-26.96,4.37,326.59,0.809,0.849,49.68,71.57,-11.0,6.34
5,94.49,0.149,0.147,14.36,-2.81,3.21,94.49,0.102,0.208,21.71,-2.58,2.94,94.49,0.58,0.884,82.61,-45.01,55.55,64.49,0.419,0.684,69.32,-13.11,36.76,304.49,0.918,0.864,51.95,84.36,-46.38,8.78
5,111.17,0.021,0.967,96.68,-2.32,1.93,111.17,0.009,0.903,91.21,-1.0,0.83,111.17,0.79,0.794,72.05,-64.03,63.35,81.17,0.42,0.786,76.94,-23.82,38.82,321.17,0.895,0.96,55.02,83.67,-19.49,4.55
5,167.35,0.048,0.997,98.83,-4.41,-0.15,167.35,0.062,0.948,94.25,-5.54,-0.18,167.35,0.682,0.707,66.49,-39.83,3.43,197.35,0.709,0.758,59.64,-15.3,-28.67,17.35,0.846,0.809,51.1,46.83,51.72,6.29
5,275.8,0.003,0.991,99.0,0.32,-0.35,275.8,0.021,0.955,94.61,1.92,-2.1,275.8,0.869,0.702,33.16,62.34,-62.3,230.8,0.626,0.594,33.19,20.35,-45.93,125.8,0.918,0.949,83.83,-81.01,74.35,4.74
5,61.16,0.177,0.137,13.49,-1.48,4.14,61.16,0.173,0.215,22.71,-2.11,5.93,61.16,0.879,0.643,65.15,-16.41,64.74,91.16,0.639,0.717,68.3,-38.94,51.61,211.16,0.801,0.855,52.77,7.21,-53.37,8.94
5,281.53,0.1,0.4,39.95,4.95,-4.8,281.53,0.1,0.4,39.95,4.95,-4.8,281.53,0.1,0.4,39.95,4.95,-4.8,326.53,0.1,0.4,40.11,5.23,-1.76,101.53,0.1,0.4,42.31,-4.85,4.83,1.0
5,207.99,0.113,0.093,7.58,-0.34,-0.83,207.99,0.127,0.147,13.7,-0.58,-1.89,207.99,0.576,0.865,64.26,-4.25,-36.57,162.99,0.491,0.56,54.45,-27.16,3.8,207.99,0.2,0.5,47.97,-2.31,-8.24,6.3
5,215.33,0.187,0.148,12.9,-0.2,-3.25,215.33,0.171,0.181,16.72,-0.23,-3.53,215.33,0.625,0.897,59.66,6.56,-48.37,185.33,0.715,0.576,52.56,-23.92,-13.0,65.33,0.947,0.854,83.03,-26.69,81.18,9.27
5,53.02,0.191,0.138,13.33,-0.99,4.13,53.02,0.184,0.204,21.05,-1.32,5.56,53.02,0.736,0.138,12.13,-2.48,13.84,23.02,0.756,0.754,53.02,31.63,45.9,203.02,0.824,0.883,60.8,-6.26,-44.71,4.55
5,333.2,0.019,0.988,97.7,1.94,-0.46,333.2,0.042,0.956,93.43,4.28,-0.99,333.2,0.604,0.883,57.44,58.57,-5.74,288.2,0.678,0.524,32.12,45.58,-36.37,333.2,0.2,0.5,45.98,12.22,-2.51,5.75
5,118.79,0.262,0.063,4.47,-2.06,1.5,118.79,0.293,0.183,17.72,-9.09,7.01,118.79,0.855,0.728,65.99,-65.14,61.66,73.79,0.756,0.736,71.53,-29.78,63.24,328.79,0.823,0.86,49.76,72.24,-7.04,8.45
5,29.23,0.9,0.9,62.6,35.21,65.27,322.57,0.069,0.914,88.21,7.24,-2.92,322.57,0.749,0.607,37.04,53.68,-14.22,352.57,0.572,0.694,45.91,42.42,13.47,112.57,0.894,0.912,81.19,-76.47,75.43,2.2
5,141.28,0.1,0.4,42.16,-5.33,2.39,141.28,0.1,0.4,42.16,-5.33,2.39,141.28,0.1,0.4,42.16,-5.33,2.39,186.28,0.1,0.4,42.03,-3.26,-1.81,321.28,0.1,0.4,40.14,5.41,-2.27,1.0
5,207.03,0.123,0.092,7.35,-0.38,-1.14,207.03,0.153,0.127,11.16,-0.66,-1.96,207.03,0.717,0.867,59.85,-2.7,-43.82,177.03,0.537,0.62,60.13,-26.61,-5.63,27.03,0.989,0.945,61.52,46.18,69.25,10.0
5,149.65,0.039,0.977,97.17,-4.11,1.25,149.65,0.044,0.904,90.63,-4.29,1.31,149.65,0.659,0.681,63.63,-45.69,20.58,104.65,0.679,0.799,73.7,-54.48,57.38,359.65,0.868,0.909,49.71,71.47,52.43,6.26
5,1.27,0.047,0.968,94.11,3.74,1.47,1.27,0.032,0.914,90.36,2.42,0.95,1.27,0.651,0.968,59.58,59.88,34.78,31.27,0.684,0.756,59.49,17.89,45.99,211.27,0.804,0.843,51.91,7.44,-53.1,5.59
5,272.33,0.122,0.134,11.64,2.12,-2.45,272.33,0.211,0.189,16.14,5.0,-5.71,272.33,0.889,0.625,27.65,56.48,-59.66,227.33,0.713,0.605,31.7,21.77,-50.12,122.33,0.97,0.981,86.3,-84.48,80.63,6.33
5,162.73,0.12,0.057,4.2,-0.65,0.04,162.73,0.192,0.15,14.53,-3.83,0.31,162.73,0.745,0.613,57.79,-39.92,8.52,117.73,0.619,0.786,72.08,-57.34,50.92,12.73,0.945,0.962,55.13,67.02,63.87,10.0
5,188.85,0.011,0.967,96.78,-0.7,-0.47,188.85,0.039,0.925,92.36,-2.37,-1.57,188.85,0.634,0.701,61.87,-22.92,-17.05,218.85,0.748,0.63,36.31,13.37,-46.45,38.85,0.853,0.801,63.8,14.39,62.88,4.59
5,187.39,0.245,0.087,6.72,-1.78,-1.12,187.39,0.107,0.21,21.69,-1.98,-1.19,187.39,0.551,0.884,78.72,-26.98,-17.07,157.39,0.672,0.743,69.18,-46.12,14.27,337.39,0.85,0.979,54.97,78.52,10.43,9.84
5,332.16,0.9,0.9,50.31,76.25,2.41,183.62,0.069,0.942,93.43,-4.94,-2.25,183.62,0.711,0.888,79.72,-35.5,-16.21,153.62,0.534,0.588,56.43,-33.26,11.24,33.62,0.903,0.826,60.82,25.53,63.45,1.0
5,290.03,0.019,0.989,97.84,2.15,-1.81,290.03,0.028,0.913,90.59,3.01,-2.53,290.03,0.513,0.716,50.36,46.56,-36.37,260.03,0.742,0.749,35.01,52.76,-66.51,80.03,0.994,0.805,75.53,-45.8,74.68,5.24
5,110.52,0.18,0.12,10.91,-3.55,3.04,110.52,0.159,0.202,20.58,-4.89,4.19,110.52,0.528,0.837,77.69,-49.52,46.64,80.52,0.446,0.521,52.67,-17.77,29.52,320.52,0.855,0.893,51.95,78.24,-20.59,8.62
5,189.5,0.9,0.9,73.35,-28.54,-27.53,257.64,0.176,0.181,15.76,3.14,-4.94,257.64,0.749,0.745,33.84,52.16,-67.73,287.64,0.449,0.747,54.74,41.34,-34.02,107.64,0.945,0.854,76.57,-71.95,73.3,2.78
5,5.95,0.041,0.968,94.68,2.87,1.57,5.95,0.046,0.906,88.96,3.1,1.7,5.95,0.57,0.867,58.83,43.27,27.93,335.95,0.422,0.551,42.06,27.99,-2.95,215.95,0.874,0.86,46.1,20.89,-64.86,7.83
5,109.95,0.239,0.145,13.7,-5.51,4.82,109.95,0.115,0.123,11.49,-2.32,1.99,109.95,0.854,0.824,74.37,-68.08,68.45,139.95,0.762,0.511,47.89,-43.24,27.9,259.95,0.834,0.823,34.32,63.3,-78.66,6.47
5,78.58,0.133,0.074,5.81,-0.82,1.27,78.58,0.201,0.147,14.46,-2.82,4.65,78.58,0.879,0.739,70.57,-38.16,67.95,48.58,0.702,0.529,49.52,-2.16,43.21,228.58,0.931,0.856,33.55,51.67,-84.89,6.33
5,42.29,0.9,0.9,72.89,11.46,73.02,42.29,0.044,0.937,93.43,-0.24,3.97,42.29,0.894,0.767,63.08,9.74,64.31,87.29,0.459,0.691,67.62,-26.41,37.29,192.29,0.814,0.851,68.36,-23.51,-28.4,1.0
5,201.98,0.177,0.077,5.62,-0.55,-1.04,201.98,0.23,0.133,11.46,-1.47,-2.72,201.98,0.707,0.83,61.51,-10.07,-36.06,156.98,0.448,0.759,72.29,-34.08,8.69,51.98,0.812,0.804,74.1,-6.34,69.24,10.0
5,213.0,0.9,0.9,49.9,17.24,-64.51,45.74,0.017,0.925,92.98,-0.22,1.56,45.74,0.69,0.735,65.68,0.58,53.73,0.74,0.51,0.764,52.84,39.02,19.07,225.74,0.943,0.859,35.18,47.35,-82.57,1.0
5,354.58,0.263,0.066,3.98,1.56,0.35,354.58,0.101,0.124,10.87,1.61,0.36,354.58,0.598,0.634,41.12,40.8,15.41,309.58,0.415,0.629,49.11,35.56,-19.15,174.58,0.843,0.88,80.95,-47.16,-4.15,8.11
5,339.93,0.203,0.057,3.61,1.08,-0.1,339.93,0.263,0.207,17.32,7.44,-0.53,339.93,0.756,0.734,43.24,58.45,7.06,24.93,0.503,0.516,42.85,12.31,22.01,189.93,0.991,0.903,71.98,-26.81,-30.03,7.01
5,86.22,0.144,0.149,14.7,-2.4,3.26,86.22,0.161,0.133,12.73,-2.43,3.31,86.22,0.718,0.857,80.35,-44.78,66.33,41.22,0.488,0.592,54.55,1.88,30.61,266.22,0.943,0.946,38.17,77.5,-90.08,3.91
5,152.29,0.1,0.4,42.21,-4.93,1.33,152.29,0.1,0.4,42.21,-4.93,1.33,152.29,0.1,0.4,42.21,-4.93,1.33,197.29,0.1,0.4,41.47,-2.15,-2.63,332.29,0.1,0.4,40.08,5.03,-1.2,1.0
5,358.13,0.1,0.4,39.95,4.17,1.31,358.13,0.1,0.4,39.95,4.17,1.31,358.13,0.1,0.4,39.95,4.17,1.31,43.13,0.1,0.4,42.07,-0.31,4.57,208.13,0.1,0.4,40.92,-1.04,-3.44,1.0
5,236.42,0.187,0.129,10.01,1.41,-4.04,236.42,0.264,0.149,10.89,2.37,-6.48,236.42,0.636,0.881,45.03,37.66,-69.55,281.42,0.751,0.56,30.63,49.34,-44.47,26.42,0.96,0.954,62.39,45.95,68.83,6.1
5,266.29,0.044,0.982,95.24,3.53,-4.67,266.29,0.067,0.921,88.35,5.23,-6.89,266.29,0.539,0.785,48.77,41.27,-49.28,296.29,0.755,0.701,43.71,65.92,-44.71,116.29,0.813,0.981,86.77,-79.43,75.84,4.86
5,343.49,0.28,0.129,9.3,5.17,-0.01,343.49,0.181,0.176,15.58,4.32,-0.06,343.49,0.817,0.682,38.66,57.13,14.29,13.49,0.764,0.504,32.32,31.5,29.74,133.49,0.896,0.917,81.51,-76.48,62.87,6.96
5,29.26,0.001,0.981,98.32,0.02,0.08,29.26,0.05,0.979,96.24,1.1,3.71,29.26,0.659,0.7,54.91,18.04,40.5,344.26,0.413,0.572,43.73,27.07,1.71,239.26,0.961,0.885,28.87,70.22,-97.01,8.67
5,2.19,0.194,0.062,3.95,0.95,0.39,2.19,0.27,0.216,18.08,6.57,2.93,2.19,0.884,0.733,40.28,59.69,45.66,332.19,0.559,0.702,47.85,45.73,-6.24,212.19,0.889,0.813,46.33,13.34,-57.67,5.69
5,106.49,0.003,0.995,99.47,-0.37,0.33,106.49,0.055,0.91,90.94,-5.62,5.09,106.49,0.526,0.892,82.63,-49.54,49.42,136.49,0.438,0.621,59.65,-33.32,19.62,316.49,0.951,0.956,54.82,86.18,-27.07,4.35
5,308.37,0.244,0.138,10.9,5.95,-3.49,308.37,0.223,0.133,10.58,5.24,-3.09,308.37,0.546,0.614,43.8,45.46,-24.4,353.37,0.498,0.753,52.61,39.27,11.93,308.37,0.2,0.5,46.32,14.26,-8.35,1.4
5,265.43,0.19,0.082,5.5,1.52,-2.13,265.43,0.271,0.179,13.97,5.61,-7.3,265.43,0.707,0.823,41.76,56.5,-66.29,220.43,0.431,0.549,42.09,3.83,-24.79,55.43,0.876,0.954,89.03,-12.58,84.79,8.16
5,303.97,0.9,0.9,54.35,86.91,-48.62,32.7,0.272,0.212,20.08,1.42,6.26,32.7,0.831,0.7,52.97,20.6,52.33,62.7,0.531,0.541,55.74,-12.05,38.32,182.7,0.999,0.826,73.91,-37.34,-16.51,1.0
5,304.69,0.034,0.998,97.66,4.26,-2.78,304.69,0.041,0.973,95.11,5.03,-3.29,304.69,0.887,0.998,60.0,93.36,-51.21,349.69,0.636,0.769,48.42,51.34,14.6,124.69,0.891,0.976,86.02,-82.3,75.59,1.0
5,115.48,0.177,0.112,9.94,-3.51,2.77,115.48,0.132,0.206,21.15,-4.38,3.45,115.48,0.679,0.112,8.56,-11.06,8.56,145.48,0.723,0.699,64.65,-51.43,28.15,325.48,0.801,0.906,53.23,75.32,-13.54,4.34
5,212.14,0.014,0.959,95.66,-0.2,-1.05,212.14,0.062,0.976,94.68,-0.85,-4.8,212.14,0.54,0.647,48.27,-0.2,-29.97,167.14,0.683,0.622,59.05,-36.13,3.26,212.14,0.2,0.5,47.45,-1.27,-9.01,7.06
5,28.81,0.148,0.127,11.44,0.66,2.02,28.81,0.206,0.213,20.51,1.49,4.37,28.81,0.672,0.861,65.93,22.67,48.61,58.81,0.717,0.535,54.62,-11.3,49.04,208.81,0.866,0.977,59.53,7.03,-59.95,9.69
5,161.24,0.9,0.9,81.4,-60.48,18.83,94.84,0.073,0.973,96.45,-6.62,7.48,94.84,0.632,0.812,76.05,-45.38,55.9,49.84,0.742,0.792,72.31,-3.94,63.12,304.84,0.902,0.934,56.11,89.02,-48.52,1.0
5,10.86,0.292,0.072,4.42,1.4,0.99,10.86,0.11,0.149,13.88,1.43,1.09,10.86,0.815,0.826,49.89,53.77,47.57,55.86,0.483,0.687,68.31,-8.99,41.07,10.86,0.2,0.5,46.9,7.47,5.67,5.35
5,203.2,0.9,0.9,59.49,-3.29,-49.15,263.04,0.146,0.131,10.9,2.15,-3.02,263.04,0.756,0.757,35.55,55.31,-66.74,233.04,0.703,0.725,35.37,32.83,-62.38,113.04,0.881,0.881,78.69,-74.19,72.93,2.02
5,11.44,0.034,0.97,95.48,1.98,1.57,11.44,0.045,0.951,93.2,2.61,2.06,11.44,0.889,0.62,36.3,45.75,41.98,341.44,0.46,0.787,57.1,39.71,0.83,221.44,0.984,0.945,40.73,45.61,-85.92,8.4
5,8.63,0.253,0.108,7.86,2.08,1.71,8.63,0.225,0.125,9.82,2.81,1.85,8.63,0.584,0.622,43.31,31.67,23.0,38.63,0.422,0.521,48.62,2.45,22.91,8.63,0.2,0.5,46.64,8.03,5.3,1.74
5,221.93,0.009,0.959,95.8,0.06,-0.85,221.93,0.07,0.959,92.18,0.5,-6.37,221.93,0.764,0.722,38.93,20.8,-56.19,176.93,0.412,0.534,53.01,-19.15,-4.27,11.93,0.86,0.97,57.29,63.04,58.56,8.39
5,157.54,0.048,0.998,98.8,-4.85,0.8,157.54,0.062,0.975,96.52,-6.08,1.02,157.54,0.783,0.869,79.06,-57.38,19.96,127.54,0.431,0.642,61.43,-35.58,25.25,7.54,0.885,0.967,54.68,69.64,58.95,2.94
5,350.62,0.016,0.996,98.55,1.49,0.18,350.62,0.022,0.979,96.72,1.94,0.23,350.62,0.768,0.739,42.66,57.56,22.95,320.62,0.653,0.595,38.69,48.32,-15.8,350.62,0.2,0.5,45.76,10.89,1.63,5.28
5,218.87,0.121,0.135,12.1,0.03,-2.06,218.87,0.22,0.216,19.4,0.22,-5.63,218.87,0.768,0.653,36.87,14.86,-49.05,248.87,0.581,0.547,30.06,27.49,-43.61,38.87,0.956,0.947,72.27,20.85,75.15,6.94
5,242.42,0.03,0.965,94.54,1.41,-3.49,242.42,0.001,0.906,91.59,0.05,-0.12,242.42,0.657,0.646,30.84,35.2,-57.83,212.42,0.561,0.784,56.85,0.61,-36.62,32.42,0.846,0.869,64.17,25.97,62.81,6.81
5,0.49,0.189,0.078,5.2,1.44,0.53,0.49,0.121,0.128,11.01,1.87,0.71,0.49,0.639,0.784,48.95,50.35,27.84,30.49,0.666,0.704,55.7,17.04,41.82,210.49,0.878,0.903,53.23,10.56,-59.52,9.81
5,198.0,0.183,0.057,3.95,-0.43,-0.58,198.0,0.243,0.19,17.84,-2.59,-3.47,198.0,0.746,0.753,58.02,-14.21,-30.46,243.0,0.762,0.557,21.99,38.41,-58.44,198.0,0.2,0.5,49.21,-4.78,-6.38,7.12
5,290.05,0.1,0.4,40.09,5.51,-4.58,290.05,0.1,0.4,40.09,5.51,-4.58,290.05,0.1,0.4,40.09,5.51,-4.58,245.05,0.1,0.4,39.39,2.57,-5.7,140.05,0.1,0.4,42.15,-5.38,2.5,1.0
5,356.98,0.297,0.114,7.63,3.74,1.27,356.98,0.189,0.169,14.63,3.93,1.16,356.98,0.773,0.63,36.02,50.28,28.14,26.98,0.532,0.551,45.61,12.53,25.6,146.98,0.839,0.897,80.58,-67.44,39.03,7.22
5,167.62,0.023,0.963,96.27,-2.1,-0.09,167.62,0.068,0.928,92.42,-5.92,-0.22,167.62,0.592,0.653,62.29,-33.77,1.93,197.62,0.485,0.642,55.52,-11.92,-18.06,317.62,0.924,0.906,52.12,81.89,-24.57,6.31
5,32.61,0.006,0.952,95.54,0.08,0.43,32.61,0.008,0.917,92.34,0.11,0.62,32.61,0.888,0.8,58.67,25.83,60.81,62.61,0.485,0.612,62.66,-12.43,38.96,32.61,0.2,0.5,49.46,2.05,9.3,4.32
5,192.06,0.265,0.148,13.41,-2.97,-2.52,192.06,0.182,0.196,19.37,-2.65,-2.23,192.06,0.54,0.833,72.17,-20.9,-19.92,147.06,0.427,0.551,53.67,-27.4,11.59,42.06,0.922,0.824,66.72,11.64,68.67,9.6
5,318.5,0.263,0.112,7.98,4.32,-1.96,318.5,0.289,0.185,14.92,8.5,-3.72,318.5,0.586,0.112,5.36,9.55,-3.9,273.5,0.567,0.588,36.79,37.09,-38.91,108.5,0.956,0.868,77.62,-73.58,74.34,5.32
5,145.51,0.031,0.994,98.83,-3.41,1.27,145.51,0.017,0.979,97.74,-1.81,0.67,145.51,0.781,0.749,68.57,-56.93,32.61,190.51,0.438,0.615,56.76,-15.32,-12.2,355.51,0.918,0.869,47.0,70.76,48.51,4.65
5,118.06,0.185,0.117,10.46,-3.9,2.96,118.06,0.103,0.202,20.83,-3.49,2.62,118.06,0.852,0.857,76.66,-73.57,69.99,88.06,0.674,0.565,54.84,-31.67,44.94,328.06,0.88,0.892,50.61,76.42,-6.36,9.23
5,155.41,0.294,0.064,4.57,-1.91,0.44,155.41,0.217,0.14,13.22,-4.32,0.97,155.41,0.816,0.835,76.03,-58.22,23.57,110.41,0.68,0.696,64.57,-52.1,50.9,335.41,0.923,0.997,54.94,82.06,11.46,9.95
5,299.1,0.182,0.119,9.54,4.03,-2.85,299.1,0.14,0.217,20.78,5.16,-3.66,299.1,0.64,0.119,5.69,12.21,-8.63,329.1,0.665,0.64,40.67,49.9,-8.17,119.1,0.831,0.958,84.78,-79.84,75.3,5.01
5,236.21,0.271,0.075,4.35,0.85,-2.65,236.21,0.165,0.174,15.1,1.58,-4.59,236.21,0.585,0.843,46.51,31.5,-61.7,191.21,0.716,0.643,54.7,-20.1,-19.62,26.21,0.955,0.867,57.06,42.5,63.73,8.97
5,53.32,0.041,0.971,96.92,-1.17,4.42,53.32,0.061,0.976,97.13,-1.75,6.7,53.32,0.84,0.885,81.71,-8.67,77.03,8.32,0.514,0.774,55.97,33.08,23.09,263.32,0.974,0.973,37.22,79.11,-95.63,3.29
5,324.31,0.016,0.979,97.12,1.7,-0.65,324.31,0.04,0.939,92.13,4.23,-1.61,324.31,0.682,0.662,41.87,53.43,-13.38,354.31,0.73,0.764,44.91,56.44,26.19,144.31,0.937,0.988,87.42,-77.72,52.83,5.23
5,210.77,0.037,0.95,93.8,-0.61,-2.71,210.77,0.021,0.943,93.95,-0.35,-1.53,210.77,0.713,0.791,52.49,2.62,-44.64,255.77,0.508,0.8,49.63,34.58,-50.15,60.77,0.809,0.843,83.4,-19.21,76.82,1.81
5,44.2,0.028,0.964,96.15,-0.28,2.67,44.2,0.031,0.932,93.31,-0.3,2.89,44.2,0.571,0.6,55.23,0.52,37.68,14.2,0.629,0.734,51.43,33.71,32.06,224.2,0.909,0.94,41.3,44.42,-84.32,5.84
5,299.6,0.192,0.109,8.33,3.97,-2.78,299.6,0.153,0.185,17.07,4.96,-3.48,299.6,0.894,0.615,37.6,66.04,-41.43,254.6,0.57,0.505,28.82,26.73,-38.9,299.6,0.2,0.5,46.43,14.91,-10.32,3.32
5,299.83,0.031,0.996,97.7,3.95,-2.81,299.83,0.019,0.91,90.91,2.21,-1.58,299.83,0.502,0.752,55.3,51.95,-33.8,254.83,0.417,0.626,43.72,22.06,-33.82,89.83,0.958,0.894,81.5,-60.47,78.26,4.2
5,81.48,0.194,0.092,7.87,-1.86,2.69,81.48,0.158,0.137,13.33,-2.24,3.4,81.48,0.805,0.897,83.89,-45.28,75.07,51.48,0.713,0.63,59.68,-5.32,51.78,231.48,0.844,0.827,34.15,47.32,-79.69,7.17
5,163.42,0.142,0.07,5.35,-1.08,0.06,163.42,0.272,0.188,18.55,-6.43,0.51,163.42,0.718,0.72,67.26,-43.94,8.45,208.42,0.55,0.582,44.83,-3.19,-25.59,163.42,0.2,0.5,51.27,-10.74,0.79,7.37
5,205.33,0.201,0.134,11.6,-1.03,-2.59,205.33,0.216,0.152,13.52,-1.21,-3.11,205.33,0.706,0.81,57.74,-5.3,-39.03,175.33,0.454,0.522,51.61,-20.82,-3.58,355.33,0.86,0.925,50.86,72.52,45.07,6.9
5,302.43,0.04,0.951,93.22,4.94,-3.36,302.43,0.015,0.952,94.89,1.82,-1.25,302.43,0.65,0.895,59.45,73.26,-44.15,347.43,0.587,0.575,37.88,38.05,7.55,92.43,0.973,0.864,78.68,-62.1,76.09,2.84
5,355.98,0.039,0.954,93.31,3.31,0.84,355.98,0.07,0.951,91.05,5.95,1.53,355.98,0.856,0.703,38.65,58.35,36.1,325.98,0.659,0.621,39.82,49.1,-11.13,205.98,0.983,0.966,57.91,7.26,-60.94,7.07
5,221.8,0.009,0.96,95.86,0.05,-0.86,221.8,0.052,0.904,88.49,0.32,-4.53,221.8,0.625,0.96,59.01,16.8,-58.21,251.8,0.477,0.661,42.44,26.02,-41.2,41.8,0.851,0.818,67.23,9.89,65.64,4.93
5,92.43,0.12,0.111,10.06,-1.72,2.05,92.43,0.236,0.184,18.5,-5.19,6.27,92.43,0.844,0.746,69.41,-50.68,64.83,122.43,0.61,0.534,50.38,-42.12,34.94,302.43,0.86,0.927,56.68,88.41,-51.82,10.0
5,317.28,0.029,0.989,97.15,3.37,-1.65,317.28,0.02,0.954,94.72,2.22,-1.09,317.28,0.861,0.716,42.06,67.12,-22.21,272.28,0.76,0.586,29.33,48.22,-50.72,137.28,0.916,0.826,74.2,-69.91,54.3,4.05
5,181.34,0.1,0.4,42.28,-3.76,-1.44,181.34,0.1,0.4,42.28,-3.76,-1.44,181.34,0.1,0.4,42.28,-3.76,-1.44,136.34,0.1,0.4,42.13,-5.51,2.86,331.34,0.1,0.4,40.08,5.07,-1.29,1.0
5,341.25,0.036,0.994,97.09,3.52,-0.28,341.25,0.051,0.931,90.66,4.77,-0.37,341.25,0.67,0.623,38.73,46.7,4.6,11.25,0.51,0.642,48.0,25.87,20.8,191.25,0.96,0.93,72.86,-25.31,-32.41,5.42
5,295.44,0.19,0.11,8.41,3.79,-2.85,295.44,0.279,0.207,17.26,9.6,-7.09,295.44,0.856,0.681,40.34,68.4,-47.12,250.44,0.44,0.721,48.19,24.83,-41.01,85.44,0.997,0.904,82.88,-57.34,80.36,7.91
5,56.04,0.032,0.987,98.51,-1.11,3.6,56.04,0.069,0.975,97.13,-2.34,7.8,56.04,0.581,0.693,68.41,-10.07,49.23,26.04,0.416,0.644,55.63,10.94,21.92,236.04,0.915,0.948,33.46,67.83,-98.39,7.45
5,62.62,0.1,0.4,42.87,-2.2,5.71,62.62,0.1,0.4,42.87,-2.2,5.71,62.62,0.1,0.4,42.87,-2.2,5.71,17.62,0.1,0.4,40.8,2.29,2.75,272.62,0.1,0.4,39.81,4.36,-5.02,1.0
5,209.86,0.114,0.055,3.82,-0.11,-0.45,209.86,0.112,0.214,21.32,-0.58,-2.38,209.86,0.84,0.853,52.38,6.74,-53.83,239.86,0.403,0.662,45.48,17.33,-36.49,359.86,0.853,0.921,50.59,71.6,51.91,8.11
5,38.7,0.272,0.066,4.6,0.08,1.57,38.7,0.197,0.142,13.17,0.16,3.53,38.7,0.741,0.768,63.31,10.63,54.73,68.7,0.421,0.601,61.23,-13.74,32.7,248.7,0.859,0.953,35.47,69.96,-95.72,7.8
5,80.2,0.126,0.094,8.02,-0.56,1.59,80.2,0.278,0.145,14.04,-3.96,6.34,80.2,0.65,0.854,81.34,-35.97,62.2,125.2,0.469,0.705,66.49,-41.91,31.53,290.2,0.846,0.997,55.83,88.44,-67.99,9.72
5,54.29,0.042,0.997,99.21,-1.31,4.71,54.29,0.011,0.939,94.48,-0.33,1.17,54.29,0.604,0.826,79.1,-9.83,57.64,24.29,0.481,0.738,60.52,16.24,27.84,264.29,0.836,0.959,41.68,73.16,-86.23,5.96
5,146.42,0.1,0.4,42.18,-5.15,1.89,146.42,0.1,0.4,42.18,-5.15,1.89,146.42,0.1,0.4,42.18,-5.15,1.89,176.42,0.1,0.4,42.33,-4.03,-0.99,296.42,0.1,0.4,40.19,5.93,-4.42,1.0
5,264.37,0.006,0.961,96.13,0.46,-0.64,264.37,0.026,0.917,90.87,1.94,-2.68,264.37,0.657,0.768,41.18,49.11,-59.11,309.37,0.469,0.578,43.51,37.4,-19.97,114.37,0.847,0.918,81.72,-75.95,73.8,5.68
5,2.03,0.001,0.978,97.98,0.12,0.05,2.03,0.061,0.929,89.9,4.68,1.95,2.03,0.718,0.755,45.17,52.79,33.45,317.03,0.7,0.553,35.05,48.87,-18.53,182.03,0.822,0.962,86.32,-42.02,-16.29,5.54
5,301.32,0.175,0.137,11.65,4.38,-2.98,301.32,0.143,0.153,13.72,3.9,-2.67,301.32,0.56,0.786,55.51,58.94,-36.9,331.32,0.617,0.63,41.27,45.89,-6.25,301.32,0.2,0.5,46.42,14.86,-9.99,3.91
5,258.37,0.031,0.959,94.13,2.1,-3.33,258.37,0.03,0.937,92.29,2.03,-3.22,258.37,0.668,0.959,48.67,56.93,-74.67,288.37,0.646,0.562,35.45,46.38,-36.95,48.37,0.824,0.926,81.04,-0.91,75.5,3.28
5,250.21,0.022,0.985,96.97,1.26,-2.48,250.21,0.042,0.978,94.86,2.46,-4.79,250.21,0.565,0.78,44.1,36.23,-56.28,295.21,0.565,0.786,54.17,57.45,-40.45,250.21,0.2,0.5,44.42,7.32,-13.54,7.58
5,155.05,0.024,0.987,98.38,-2.4,0.5,155.05,0.061,0.913,91.07,-5.81,1.24,155.05,0.737,0.987,88.78,-62.86,24.11,200.05,0.593,0.679,54.83,-11.26,-24.58,335.05,0.918,0.86,47.59,73.25,8.79,5.16
5,184.57,0.129,0.105,9.22,-1.44,-0.7,184.57,0.129,0.181,18.31,-2.28,-1.11,184.57,0.873,0.105,7.35,-6.99,-3.59,154.57,0.46,0.738,70.25,-34.78,10.54,34.57,0.82,0.989,74.64,23.72,69.54,4.86
5,152.62,0.028,0.961,95.95,-2.81,0.71,152.62,0.055,0.977,96.81,-5.62,1.44,152.62,0.683,0.757,70.05,-49.62,20.18,182.62,0.629,0.637,59.88,-26.59,-10.76,2.62,0.957,0.909,49.03,72.82,60.04,5.87
5,186.0,0.145,0.091,7.55,-1.28,-0.71,186.0,0.275,0.173,16.52,-4.33,-2.34,186.0,0.634,0.662,60.25,-24.54,-13.93,231.0,0.517,0.535,34.38,13.6,-34.87,6.0,0.843,0.867,49.58,63.03,50.14,8.71
5,281.2,0.007,0.993,98.88,0.71,-0.7,281.2,0.032,0.958,94.2,3.18,-3.13,281.2,0.713,0.849,47.98,65.94,-59.67,326.2,0.685,0.765,47.98,59.59,-12.58,101.2,0.834,0.993,88.81,-71.47,79.23,5.55
5,196.74,0.01,0.988,98.55,-0.49,-0.56,196.74,0.064,0.944,92.86,-2.89,-3.37,196.74,0.695,0.634,51.05,-14.08,-23.89,166.74,0.507,0.524,51.18,-25.4,1.48,346.74,0.991,0.957,51.34,78.18,42.3,8.98
5,148.13,0.243,0.099,8.12,-2.98,1.02,148.13,0.185,0.163,15.95,-4.42,1.54,148.13,0.849,0.719,65.86,-56.51,31.45,103.13,0.404,0.766,73.47,-33.08,33.92,358.13,0.972,0.829,44.35,69.12,54.6,8.32
5,292.72,0.257,0.139,10.73,6.11,-4.77,292.72,0.211,0.217,19.36,7.27,-5.69,292.72,0.898,0.635,35.88,64.87,-47.43,262.72,0.498,0.752,48.45,34.98,-44.96,142.72,0.923,0.811,73.14,-67.03,46.47,6.49
5,232.42,0.036,0.996,97.02,1.04,-3.91,232.42,0.02,0.949,94.09,0.55,-2.1,232.42,0.66,0.604,31.5,24.46,-50.2,277.42,0.653,0.74,43.2,53.21,-51.6,52.42,0.976,0.958,85.76,-6.01,85.35,5.19
5,200.9,0.111,0.067,4.92,-0.31,-0.51,200.9,0.157,0.148,13.77,-1.2,-1.98,200.9,0.769,0.606,44.98,-8.68,-29.05,170.9,0.483,0.533,52.3,-23.54,-1.14,50.9,0.906,0.843,75.7,-3.81,75.01,8.4
5,217.2,0.002,0.956,96.02,-0.01,-0.13,217.2,0.025,0.935,92.93,-0.09,-2.05,217.2,0.548,0.956,65.98,6.61,-46.59,247.2,0.757,0.603,24.88,41.61,-60.9,37.2,0.89,0.995,75.52,22.2,75.2,2.51
5,349.56,0.044,0.997,96.77,4.09,0.4,349.56,0.009,0.969,96.7,0.81,0.08,349.56,0.552,0.79,52.91,45.97,10.95,304.56,0.683,0.519,34.12,48.71,-27.93,169.56,0.81,0.859,78.9,-49.52,3.07,3.93
5,184.14,0.1,0.4,42.14,-3.48,-1.64,184.14,0.1,0.4,42.14,-3.48,-1.64,184.14,0.1,0.4,42.14,-3.48,-1.64,229.14,0.1,0.4,39.86,1.12,-5.01,334.14,0.1,0.4,40.07,4.97,-1.02,1.0
5,6.18,0.29,0.087,5.5,2.25,1.18,6.18,0.102,0.189,18.33,1.89,1.05,6.18,0.892,0.087,2.63,5.54,2.82,336.18,0.798,0.721,41.73,60.26,3.38,186.18,0.969,0.883,74.85,-33.32,-22.9,4.58
5,274.88,0.048,0.964,93.51,4.4,-4.87,274.88,0.02,0.945,93.81,1.77,-1.97,274.88,0.825,0.824,40.14,68.26,-68.99,319.88,0.67,0.665,42.72,54.04,-18.07,64.88,0.887,0.851,83.01,-25.34,79.55,5.37
5,129.62,0.021,0.955,95.54,-2.46,1.47,129.62,0.003,0.954,95.85,-0.4,0.24,129.62,0.715,0.733,67.13,-58.4,45.78,84.62,0.582,0.664,64.66,-29.81,45.59,339.62,0.928,0.991,54.17,80.76,21.22,2.77
5,295.51,0.9,0.9,52.51,86.32,-59.47,328.25,0.012,0.953,95.06,1.24,-0.4,328.25,0.56,0.877,59.24,55.85,-11.68,283.25,0.8,0.674,36.3,60.4,-52.78,118.25,0.874,0.941,83.32,-79.83,76.26,1.21
5,55.44,0.035,0.999,99.5,-1.21,4.05,55.44,0.019,0.962,96.43,-0.62,2.07,55.44,0.535,0.999,94.91,-12.23,60.96,10.44,0.67,0.621,41.27,35.08,28.54,235.44,0.977,0.989,33.47,73.94,-104.31,4.67
5,352.49,0.014,0.985,97.73,1.2,0.19,352.49,0.02,0.929,92.36,1.72,0.28,352.49,0.577,0.857,55.91,50.67,16.31,322.49,0.681,0.568,36.11,47.65,-13.68,202.49,0.872,0.82,55.9,-5.51,-43.4,6.21
5,128.19,0.134,0.061,4.44,-1.0,0.62,128.19,0.281,0.22,21.8,-9.84,6.46,128.19,0.566,0.616,58.03,-43.31,32.17,83.19,0.421,0.606,60.5,-20.18,31.2,278.19,0.86,0.84,41.25,72.35,-69.52,6.68
5,203.6,0.267,0.052,3.33,-0.36,-0.81,203.6,0.26,0.215,19.81,-2.15,-4.79,203.6,0.513,0.614,50.23,-7.31,-22.02,173.6,0.437,0.631,61.63,-23.99,-3.02,353.6,0.904,0.866,47.06,70.41,43.8,7.38
5,328.11,0.2,0.086,5.94,2.36,-0.71,328.11,0.134,0.207,19.64,4.02,-1.24,328.11,0.658,0.877,55.51,63.94,-11.56,358.11,0.667,0.555,33.93,40.14,20.19,118.11,0.805,0.853,76.46,-71.66,67.43,10.0
5,337.61,0.101,0.139,12.57,2.0,-0.29,337.61,0.113,0.215,20.9,3.29,-0.46,337.61,0.613,0.715,46.45,49.08,-0.26,307.61,0.679,0.662,43.37,57.85,-30.62,127.61,0.989,0.922,81.63,-80.22,74.34,7.69
5,108.14,0.187,0.058,4.2,-1.18,1.02,108.14,0.12,0.167,16.78,-3.07,2.72,108.14,0.712,0.679,63.06,-51.54,52.04,153.14,0.456,0.661,63.53,-32.03,10.48,318.14,0.841,0.909,53.43,79.7,-25.18,10.0
5,142.44,0.1,0.4,42.16,-5.29,2.27,142.44,0.1,0.4,42.16,-5.29,2.27,142.44,0.1,0.4,42.16,-5.29,2.27,97.44,0.1,0.4,42.37,-4.57,4.92,292.44,0.1,0.4,40.13,5.67,-4.52,1.0
5,40.18,0.009,0.975,97.57,-0.02,0.84,40.18,0.068,0.919,91.1,-0.05,5.82,40.18,0.874,0.886,70.65,14.2,69.89,85.18,0.572,0.592,58.13,-27.09,40.81,190.18,0.815,0.914,74.88,-28.11,-27.06,2.03
5,113.94,0.048,0.958,95.2,-5.6,4.46,113.94,0.059,0.929,92.4,-6.72,5.36,113.94,0.733,0.63,58.35,-52.24,49.68,158.94,0.73,0.651,61.05,-43.2,12.7,323.94,0.908,0.844,47.99,75.12,-12.54,7.58
5,333.54,0.1,0.4,40.07,4.99,-1.08,333.54,0.1,0.4,40.07,4.99,-1.08,333.54,0.1,0.4,40.07,4.99,-1.08,288.54,0.1,0.4,40.07,5.41,-4.62,123.54,0.1,0.4,42.07,-5.96,4.1,1.0
5,257.79,0.122,0.077,5.46,0.78,-1.28,257.79,0.109,0.163,15.02,1.75,-2.78,257.79,0.831,0.607,24.36,48.9,-62.45,227.79,0.573,0.694,42.89,16.79,-45.54,77.79,0.939,0.995,92.05,-49.1,87.38,5.59
5,121.85,0.1,0.4,42.07,-6.02,4.26,121.85,0.1,0.4,42.07,-6.02,4.26,121.85,0.1,0.4,42.07,-6.02,4.26,166.85,0.1,0.4,42.28,-4.39,-0.07,331.85,0.1,0.4,40.08,5.05,-1.24,1.0
5,124.87,0.002,0.959,96.36,-0.22,0.15,124.87,0.06,0.926,92.11,-7.02,4.67,124.87,0.767,0.815,73.55,-67.35,58.4,169.87,0.499,0.705,67.63,-30.66,-0.52,334.87,0.948,0.992,54.42,82.2,12.01,4.38
5,49.55,0.021,0.993,98.98,-0.45,2.2,49.55,0.075,0.948,94.19,-1.48,7.57,49.55,0.557,0.87,80.69,-5.02,53.03,19.55,0.709,0.519,36.68,24.37,30.05,199.55,0.889,0.958,67.17,-11.16,-45.16,2.23
5,316.46,0.181,0.079,5.44,2.0,-0.98,316.46,0.147,0.173,15.88,4.09,-1.99,316.46,0.546,0.765,53.42,51.91,-21.6,286.46,0.425,0.696,52.07,36.49,-30.78,316.46,0.2,0.5,46.21,13.57,-6.45,5.64
5,317.72,0.147,0.076,5.37,1.53,-0.72,317.72,0.241,0.138,10.82,5.51,-2.53,317.72,0.686,0.606,38.76,51.62,-19.07,347.72,0.522,0.638,44.21,36.9,6.61,317.72,0.2,0.5,46.19,13.47,-6.16,3.7
5,172.67,0.044,0.978,97.26,-3.87,-0.61,172.67,0.055,0.927,92.57,-4.55,-0.71,172.67,0.729,0.734,68.94,-39.55,-1.96,127.67,0.532,0.671,63.08,-44.23,32.71,22.67,0.859,0.865,57.13,42.41,57.95,4.49
5,13.92,0.137,0.139,12.52,1.51,1.41,13.92,0.288,0.198,16.95,4.56,4.19,13.92,0.868,0.692,41.92,46.3,45.5,343.92,0.733,0.513,30.28,42.53,8.06,193.92,0.962,0.997,74.43,-21.08,-39.17,6.91
5,194.38,0.01,0.972,97.16,-0.51,-0.5,194.38,0.04,0.972,96.22,-2.06,-2.01,194.38,0.604,0.86,71.52,-20.08,-24.74,149.38,0.441,0.539,52.59,-27.21,10.54,344.38,0.807,0.999,56.51,76.38,21.47,2.13
5,146.19,0.044,0.952,94.81,-4.57,1.66,146.19,0.072,0.952,94.29,-7.51,2.76,146.19,0.795,0.601,55.88,-48.16,27.05,101.19,0.591,0.756,71.01,-44.6,48.88,296.19,0.804,0.924,55.87,84.65,-57.41,5.76
5,290.15,0.009,0.991,98.59,1.02,-0.86,290.15,0.075,0.927,88.88,8.22,-6.85,290.15,0.712,0.797,48.35,67.15,-51.52,260.15,0.573,0.634,37.08,34.6,-45.64,140.15,0.974,0.975,86.16,-79.88,61.54,5.83
5,118.93,0.012,0.994,99.23,-1.46,1.07,118.93,0.004,0.914,92.28,-0.52,0.38,118.93,0.719,0.744,67.89,-61.13,55.6,163.93,0.692,0.623,58.99,-38.03,6.48,328.93,0.932,0.873,48.76,75.95,-2.36,7.19
5,203.58,0.239,0.127,10.56,-1.3,-2.81,203.58,0.279,0.155,13.38,-1.76,-3.9,203.58,0.881,0.791,52.87,-3.24,-44.07,158.58,0.415,0.542,53.28,-23.87,5.09,353.58,0.814,0.945,52.91,71.96,38.11,8.97
5,336.05,0.011,0.992,98.55,1.11,-0.21,336.05,0.055,0.97,93.74,5.54,-0.98,336.05,0.819,0.992,56.47,78.41,6.0,306.05,0.482,0.706,52.42,45.98,-26.47,126.05,0.822,0.987,87.18,-80.42,70.7,4.44
5,140.88,0.048,0.967,96.02,-5.28,2.36,140.88,0.062,0.968,95.87,-6.86,3.08,140.88,0.674,0.713,66.0,-51.52,31.06,110.88,0.483,0.613,58.77,-35.82,33.07,140.88,0.2,0.5,51.01,-12.79,6.02,1.97
5,282.42,0.219,0.139,11.07,4.59,-4.33,282.42,0.134,0.162,14.71,3.17,-3.02,282.42,0.833,0.606,31.45,56.62,-50.3,237.42,0.61,0.588,30.85,25.95,-48.76,132.42,0.805,0.813,73.37,-66.85,52.74,6.0
5,236.8,0.1,0.4,39.48,1.92,-5.58,236.8,0.1,0.4,39.48,1.92,-5.58,236.8,0.1,0.4,39.48,1.92,-5.58,266.8,0.1,0.4,39.72,3.98,-5.17,26.8,0.1,0.4,41.26,1.35,3.4,1.0
5,250.08,0.102,0.112,9.22,1.0,-1.93,250.08,0.119,0.198,18.56,1.92,-3.69,250.08,0.897,0.112,1.94,6.18,-12.94,220.08,0.496,0.649,46.82,5.78,-32.59,70.08,0.971,0.833,80.08,-33.17,78.76,5.11
5,256.41,0.019,0.996,98.25,1.27,-2.13,256.41,0.008,0.93,93.23,0.48,-0.81,256.41,0.784,0.668,28.53,49.58,-64.89,301.41,0.602,0.51,35.47,44.21,-27.53,46.41,0.911,0.933,78.81,4.4,78.2,5.33
5,178.18,0.289,0.125,11.29,-4.18,-1.17,178.18,0.246,0.125,11.39,-3.59,-1.01,178.18,0.72,0.74,69.83,-36.05,-8.34,223.18,0.787,0.792,40.74,26.36,-63.67,28.18,0.989,0.999,65.72,46.12,72.81,8.47
5,137.29,0.9,0.9,80.24,-74.22,57.16,200.98,0.023,0.944,94.16,-0.83,-1.33,200.98,0.533,0.875,70.52,-12.37,-28.19,155.98,0.452,0.791,74.91,-35.81,9.86,20.98,0.892,0.85,54.33,46.42,58.13,1.0
5,244.27,0.217,0.105,7.21,1.72,-3.7,244.27,0.272,0.13,8.78,2.86,-6.13,244.27,0.639,0.761,37.77,39.48,-63.88,214.27,0.691,0.769,49.59,6.65,-46.0,94.27,0.88,0.838,76.71,-58.78,72.01,7.36
5,102.81,0.9,0.9,80.84,-70.28,75.65,12.1,0.248,0.152,12.58,3.28,2.69,12.1,0.694,0.844,55.35,44.89,39.64,42.1,0.491,0.637,58.69,1.4,33.1,162.1,0.97,0.829,75.47,-57.7,18.3,1.0
5,113.29,0.196,0.147,14.03,-4.77,3.92,113.29,0.234,0.135,12.53,-5.31,4.39,113.29,0.553,0.661,62.27,-43.9,40.05,83.29,0.789,0.608,58.69,-34.22,54.32,113.29,0.2,0.5,50.99,-13.49,11.19,4.66
5,295.77,0.295,0.056,3.26,1.79,-1.38,295.77,0.131,0.131,11.34,3.02,-2.27,295.77,0.773,0.782,47.99,72.58,-49.71,325.77,0.421,0.782,59.17,39.31,-11.36,85.77,0.914,0.823,76.41,-50.82,73.35,9.62
5,136.14,0.034,0.961,95.83,-3.86,1.98,136.14,0.034,0.945,94.36,-3.77,1.93,136.14,0.855,0.698,63.7,-60.01,45.4,166.14,0.8,0.66,61.88,-42.14,6.25,136.14,0.2,0.5,50.96,-13.2,7.12,1.33
5,173.86,0.015,0.992,99.03,-1.31,-0.25,173.86,0.048,0.936,93.5,-4.01,-0.75,173.86,0.663,0.749,70.59,-37.34,-3.62,128.86,0.419,0.762,72.0,-39.58,27.34,323.86,0.912,0.804,45.72,72.51,-12.21,6.59
5,270.66,0.022,0.981,96.7,1.95,-2.36,270.66,0.055,0.941,91.01,4.65,-5.6,270.66,0.69,0.794,42.57,55.92,-60.58,315.66,0.553,0.556,39.08,40.73,-17.51,60.66,0.944,0.929,90.79,-21.28,88.07,5.36
5,348.56,0.1,0.4,40.0,4.48,0.38,348.56,0.1,0.4,40.0,4.48,0.38,348.56,0.1,0.4,40.0,4.48,0.38,303.56,0.1,0.4,40.23,6.04,-3.98,198.56,0.1,0.4,41.4,-2.02,-2.72,1.0
5,113.49,0.9,0.9,80.15,-76.24,74.79,193.86,0.06,0.961,94.63,-3.07,-2.9,193.86,0.899,0.87,66.82,-20.46,-33.43,163.86,0.515,0.792,74.72,-36.93,4.77,343.86,0.826,0.924,52.04,72.77,20.41,1.71
5,251.09,0.003,0.977,97.75,0.15,-0.3,251.09,0.024,0.923,91.39,1.37,-2.63,251.09,0.656,0.6,29.83,35.53,-52.33,206.09,0.516,0.738,58.44,-6.14,-27.56,71.09,0.89,0.873,83.46,-34.23,79.47,5.05
5,340.87,0.015,0.961,95.64,1.39,-0.13,340.87,0.01,0.976,97.18,1.0,-0.09,340.87,0.785,0.822,47.53,65.2,10.88,25.87,0.633,0.727,56.01,21.24,38.18,130.87,0.912,0.849,75.96,-73.23,63.04,4.69
5,337.3,0.1,0.139,12.68,2.01,-0.3,337.3,0.162,0.151,13.17,3.51,-0.5,337.3,0.591,0.695,45.97,46.57,-0.99,22.3,0.715,0.594,42.87,24.82,35.21,127.3,0.82,0.829,74.48,-69.85,60.15,5.45
5,343.5,0.05,0.99,95.85,4.78,-0.15,343.5,0.015,0.917,91.69,1.35,-0.05,343.5,0.636,0.695,44.17,48.42,6.57,28.5,0.5,0.562,47.71,10.67,24.93,133.5,0.837,0.982,86.89,-78.51,62.33,5.01
5,53.56,0.231,0.129,12.1,-1.15,4.75,53.56,0.21,0.188,19.17,-1.44,5.96,53.56,0.875,0.129,10.86,-2.72,14.17,23.56,0.797,0.704,48.9,31.31,46.11,263.56,0.816,0.855,37.69,65.32,-77.77,1.19
5,118.12,0.264,0.068,4.94,-2.37,1.74,118.12,0.193,0.121,10.97,-4.21,3.2,118.12,0.693,0.617,57.22,-51.24,46.32,148.12,0.55,0.585,55.83,-35.56,15.62,328.12,0.817,0.918,53.25,76.0,-8.67,9.83
5,139.93,0.027,0.995,98.93,-3.01,1.37,139.93,0.021,0.919,92.4,-2.18,1.0,139.93,0.605,0.701,65.41,-47.22,27.94,94.93,0.628,0.737,69.71,-41.85,51.43,139.93,0.2,0.5,51.0,-12.87,6.24,3.81
5,294.96,0.039,0.996,97.18,4.78,-3.69,294.96,0.061,0.904,87.91,6.84,-5.26,294.96,0.835,0.881,52.19,82.39,-57.35,324.96,0.705,0.763,47.41,61.06,-13.96,114.96,0.993,0.916,81.19,-79.83,77.82,4.24
5,214.15,0.27,0.051,3.13,-0.09,-0.98,214.15,0.107,0.18,17.43,-0.24,-2.14,214.15,0.656,0.867,57.18,5.86,-48.03,244.15,0.509,0.587,35.4,23.04,-41.32,4.15,0.855,0.982,54.98,72.06,56.11,10.0
5,91.53,0.013,0.974,97.54,-1.12,1.34,91.53,0.052,0.91,91.22,-4.28,5.15,91.53,0.57,0.674,64.95,-33.91,44.31,121.53,0.777,0.564,52.16,-51.41,46.26,91.53,0.2,0.5,51.67,-9.94,12.23,3.66
5,168.74,0.18,0.064,4.7,-1.09,-0.06,168.74,0.238,0.219,22.26,-6.12,-0.25,168.74,0.658,0.787,73.58,-41.6,1.91,123.74,0.441,0.726,68.6,-40.99,31.27,348.74,0.806,0.996,56.09,75.28,29.73,8.39
5,47.17,0.035,0.973,96.93,-0.56,3.49,47.17,0.042,0.912,91.39,-0.64,4.03,47.17,0.556,0.775,71.54,-2.31,46.81,17.17,0.565,0.68,50.99,25.19,27.65,227.17,0.974,0.814,31.21,50.73,-82.66,6.26
5,183.89,0.263,0.125,11.23,-3.38,-1.55,183.89,0.283,0.203,20.05,-5.41,-2.47,183.89,0.602,0.699,64.84,-26.77,-12.3,213.89,0.719,0.577,36.86,5.33,-37.52,33.89,0.864,0.914,67.87,25.43,67.2,10.0
5,23.98,0.026,0.967,96.01,0.83,1.67,23.98,0.054,0.976,95.57,1.78,3.53,23.98,0.694,0.74,54.28,26.72,41.75,338.98,0.666,0.736,45.93,53.57,2.63,23.98,0.2,0.5,48.44,4.19,7.85,4.52
5,245.82,0.253,0.134,9.47,2.8,-5.8,245.82,0.158,0.213,19.21,2.52,-5.35,245.82,0.721,0.809,35.64,49.58,-74.44,290.82,0.549,0.582,40.23,42.2,-32.39,35.82,0.825,0.851,65.84,19.05,62.7,7.11
5,162.34,0.204,0.102,8.63,-2.23,0.25,162.34,0.238,0.125,11.36,-4.05,0.38,162.34,0.784,0.102,7.58,-8.91,1.53,192.34,0.632,0.766,65.04,-20.84,-21.51,12.34,0.905,0.952,55.31,64.48,60.97,4.94
5,336.29,0.011,0.955,95.36,1.04,-0.19,336.29,0.027,0.96,94.67,2.71,-0.48,336.29,0.75,0.725,43.06,58.33,1.82,6.29,0.416,0.511,40.07,19.55,11.79,186.29,0.918,0.872,74.27,-33.03,-22.22,3.47
5,223.09,0.014,0.996,98.73,0.12,-1.36,223.09,0.062,0.919,89.13,0.57,-5.61,223.09,0.88,0.707,32.75,30.3,-64.06,193.09,0.495,0.775,67.97,-17.88,-18.2,73.09,0.885,0.906,85.91,-37.87,81.17,5.52
5,253.04,0.004,0.956,95.78,0.26,-0.48,253.04,0.057,0.906,87.55,3.4,-6.12,253.04,0.867,0.822,31.05,63.45,-84.03,283.04,0.659,0.605,36.49,47.86,-42.01,103.04,0.872,0.957,85.51,-72.69,78.34,4.67
5,35.85,0.9,0.9,67.63,23.24,69.04,347.02,0.204,0.14,11.42,3.91,0.24,347.02,0.718,0.83,49.39,60.76,16.62,302.02,0.704,0.695,45.5,63.58,-38.41,137.02,0.92,0.866,77.47,-72.73,57.01,1.0
5,127.7,0.9,0.9,80.02,-77.0,68.69,303.38,0.077,0.93,89.29,9.23,-6.13,303.38,0.504,0.685,50.38,47.47,-28.82,273.38,0.664,0.673,37.87,48.28,-50.15,123.38,0.919,0.838,74.9,-74.0,69.2,1.0
5,143.58,0.038,0.954,95.1,-4.01,1.62,143.58,0.007,0.952,95.62,-0.76,0.3,143.58,0.695,0.837,76.31,-58.58,33.44,113.58,0.408,0.785,74.38,-38.81,33.86,323.58,0.9,0.996,56.57,85.28,-14.94,3.56
5,265.29,0.035,0.967,94.58,2.73,-3.69,265.29,0.008,0.946,94.63,0.64,-0.87,265.29,0.731,0.886,43.63,61.76,-72.36,235.29,0.46,0.746,49.09,18.88,-43.25,85.29,0.835,0.918,84.87,-51.72,77.18,6.56
5,5.63,0.113,0.06,4.15,0.49,0.26,5.63,0.184,0.201,18.34,3.74,2.03,5.63,0.855,0.06,1.82,3.14,1.63,320.63,0.568,0.678,46.64,47.74,-16.46,185.63,0.882,0.905,77.81,-35.07,-21.38,4.2
5,55.01,0.225,0.057,4.2,-0.4,1.37,55.01,0.138,0.154,15.41,-0.93,3.36,55.01,0.531,0.658,65.03,-8.47,42.98,100.01,0.669,0.704,66.09,-45.85,51.71,235.01,0.877,0.935,34.93,62.13,-94.03,7.17
5,167.5,0.1,0.4,42.29,-4.37,-0.14,167.5,0.1,0.4,42.29,-4.37,-0.14,167.5,0.1,0.4,42.29,-4.37,-0.14,212.5,0.1,0.4,40.7,-0.59,-3.77,17.5,0.1,0.4,40.8,2.3,2.74,1.0
5,64.75,0.017,0.997,99.56,-0.88,2.06,64.75,0.012,0.951,95.55,-0.57,1.34,64.75,0.737,0.636,64.04,-18.4,57.14,109.75,0.652,0.633,59.29,-46.47,45.45,64.75,0.2,0.5,52.58,-5.42,13.64,4.53
5,101.38,0.001,0.977,97.96,-0.1,0.1,101.38,0.077,0.931,92.56,-7.39,7.37,101.38,0.668,0.891,81.67,-56.3,62.19,56.38,0.594,0.658,65.31,-10.06,48.3,281.38,0.995,0.938,44.66,83.41,-78.02,5.19
5,133.17,0.265,0.066,4.7,-2.1,1.19,133.17,0.169,0.192,19.4,-5.15,2.94,133.17,0.506,0.687,64.77,-41.9,27.53,103.17,0.727,0.533,50.51,-40.79,44.0,343.17,0.921,0.837,45.77,70.24,24.39,6.84
5,25.71,0.193,0.068,4.71,0.43,0.93,25.71,0.128,0.133,12.13,0.74,1.69,25.71,0.681,0.755,56.54,24.42,42.53,340.71,0.67,0.719,44.69,52.45,4.7,175.71,0.892,0.843,77.89,-45.5,-5.5,9.53
5,10.37,0.183,0.093,6.92,1.49,1.04,10.37,0.193,0.19,17.28,3.25,2.39,10.37,0.624,0.695,47.47,35.59,28.42,325.37,0.503,0.546,39.41,34.98,-9.81,220.37,0.87,0.941,46.45,32.13,-75.98,7.91
5,212.55,0.112,0.147,13.74,-0.29,-1.83,212.55,0.193,0.213,19.87,-0.59,-4.31,212.55,0.504,0.674,51.35,-0.34,-29.23,182.55,0.468,0.727,69.1,-24.24,-9.72,62.55,0.968,0.966,93.49,-25.11,90.59,7.52
5,5.55,0.005,0.955,95.66,0.37,0.2,5.55,0.057,0.906,88.29,3.87,2.06,5.55,0.699,0.742,46.21,47.49,32.92,50.55,0.405,0.605,59.63,-4.3,29.29,185.55,0.825,0.963,82.91,-36.67,-21.54,5.17
5,22.01,0.9,0.9,57.73,47.5,61.69,211.09,0.008,0.925,93.01,-0.12,-0.55,211.09,0.85,0.704,42.32,7.8,-48.07,181.09,0.701,0.738,69.11,-33.2,-11.36,61.09,0.986,0.973,94.52,-22.92,91.92,1.92
5,165.94,0.242,0.059,4.21,-1.28,0.01,165.94,0.229,0.182,18.05,-5.18,0.1,165.94,0.593,0.763,71.74,-39.1,3.9,120.94,0.587,0.766,70.58,-54.9,46.43,165.94,0.2,0.5,51.3,-10.5,0.2,7.94
5,252.67,0.002,0.998,99.66,0.12,-0.22,252.67,0.004,0.971,97.12,0.23,-0.42,252.67,0.858,0.757,28.64,58.79,-78.33,222.67,0.432,0.547,41.26,5.24,-25.81,72.67,0.972,0.91,86.02,-39.37,83.46,3.34
5,158.94,0.026,0.976,97.37,-2.53,0.34,158.94,0.043,0.941,93.97,-4.08,0.56,158.94,0.504,0.601,57.91,-30.59,6.97,128.94,0.528,0.673,63.25,-43.77,31.59,8.94,0.841,0.979,57.0,65.98,56.29,6.24
5,167.81,0.01,0.997,99.56,-0.97,-0.05,167.81,0.071,0.92,91.59,-6.09,-0.25,167.81,0.538,0.732,69.59,-34.36,1.45,197.81,0.701,0.628,49.82,-12.85,-24.81,347.81,0.885,0.978,53.57,77.52,34.8,5.11
5,300.58,0.9,0.9,55.0,88.55,-54.2,297.77,0.024,0.976,96.4,2.94,-2.17,297.77,0.561,0.625,44.17,48.45,-32.54,342.77,0.445,0.77,56.58,37.47,1.65,87.77,0.966,0.946,86.04,-61.14,82.23,1.0
5,180.05,0.184,0.067,5.03,-1.1,-0.39,180.05,0.172,0.139,13.38,-2.73,-0.93,180.05,0.582,0.656,63.19,-28.04,-8.6,135.05,0.697,0.574,53.68,-46.05,32.02,0.05,0.979,0.927,49.55,75.28,62.13,8.65
5,205.32,0.037,0.977,96.33,-1.05,-2.47,205.32,0.028,0.978,96.82,-0.82,-1.91,205.32,0.782,0.977,65.95,-3.72,-49.68,250.32,0.405,0.565,39.76,18.26,-30.86,355.32,0.837,0.815,45.25,64.78,38.24,4.82
5,15.46,0.186,0.062,4.17,0.61,0.6,15.46,0.186,0.163,14.71,2.27,2.32,15.46,0.699,0.868,58.24,42.12,42.87,60.46,0.474,0.561,58.04,-10.37,35.81,195.46,0.936,0.964,70.93,-18.12,-40.08,9.92
5,157.69,0.255,0.122,10.94,-4.41,0.82,157.69,0.125,0.125,11.72,-2.23,0.38,157.69,0.851,0.624,58.15,-46.26,16.84,187.69,0.724,0.788,68.44,-27.78,-19.35,337.69,0.916,0.997,54.83,81.41,16.06,7.2
5,51.54,0.9,0.9,80.9,-5.16,79.15,213.57,0.248,0.164,13.99,-0.44,-4.55,213.57,0.855,0.843,48.01,14.51,-59.32,183.57,0.631,0.796,72.91,-30.8,-13.77,3.57,0.898,0.98,53.82,74.58,59.77,2.4
5,255.54,0.034,0.979,95.62,2.24,-3.8,255.54,0.058,0.934,89.94,3.7,-6.25,255.54,0.838,0.809,32.27,61.43,-79.98,225.54,0.583,0.582,36.57,12.67,-38.59,255.54,0.2,0.5,44.62,8.12,-13.22,7.82
5,14.5,0.265,0.111,8.12,2.45,1.96,14.5,0.205,0.214,19.84,3.3,3.16,14.5,0.569,0.111,6.03,4.99,3.83,59.5,0.708,0.789,78.47,-15.97,66.64,224.5,0.99,0.988,39.64,55.45,-93.87,2.0
5,295.28,0.017,0.955,94.97,1.97,-1.52,295.28,0.063,0.936,90.56,7.33,-5.6,295.28,0.697,0.656,41.87,58.86,-40.9,340.28,0.634,0.589,37.7,42.84,2.49,145.28,0.868,0.919,82.2,-70.77,44.15,5.28
5,109.47,0.0,0.992,99.26,-0.05,0.04,109.47,0.007,0.95,95.48,-0.76,0.65,109.47,0.702,0.758,69.71,-56.41,56.02,64.47,0.642,0.795,78.7,-19.97,61.43,319.47,0.81,0.808,48.05,71.11,-21.41,6.84
5,213.67,0.01,0.963,96.2,-0.12,-0.82,213.67,0.035,0.91,90.26,-0.36,-2.6,213.67,0.531,0.804,58.8,1.36,-36.43,258.67,0.622,0.74,40.23,42.57,-56.55,33.67,0.845,0.923,68.77,25.09,66.59,4.55
5,227.5,0.211,0.063,3.96,0.26,-1.4,227.5,0.157,0.169,15.12,0.76,-3.76,227.5,0.753,0.655,32.54,26.24,-56.44,182.5,0.683,0.512,48.57,-23.59,-9.46,47.5,0.898,0.868,74.87,1.88,74.25,7.23
5,309.11,0.046,0.968,94.3,5.49,-3.27,309.11,0.058,0.935,90.82,6.7,-3.98,309.11,0.762,0.702,43.9,64.91,-32.13,279.11,0.755,0.575,30.74,49.69,-46.64,99.11,0.892,0.855,77.53,-64.4,72.86,5.53
5,61.01,0.024,0.999,99.72,-1.08,2.86,61.01,0.03,0.93,93.59,-1.28,3.4,61.01,0.578,0.634,64.69,-13.32,47.39,31.01,0.417,0.8,69.7,9.33,28.6,211.01,0.812,0.97,59.11,8.57,-59.66,5.32
5,122.56,0.162,0.141,13.38,-4.05,2.85,122.56,0.217,0.141,13.25,-5.43,3.87,122.56,0.856,0.898,79.91,-76.59,70.78,92.56,0.618,0.655,62.8,-36.08,46.37,332.56,0.905,0.983,54.71,81.6,3.96,7.17
5,257.64,0.9,0.9,34.32,70.97,-89.94,201.79,0.234,0.219,20.67,-2.26,-4.18,201.79,0.865,0.815,56.4,-6.92,-41.94,231.79,0.484,0.598,39.68,14.13,-36.19,351.79,0.871,0.847,46.57,68.44,36.64,1.0
5,243.78,0.047,0.982,94.64,2.39,-5.62,243.78,0.06,0.96,91.79,3.0,-7.01,243.78,0.632,0.604,30.12,31.86,-52.56,273.78,0.61,0.51,30.43,35.62,-37.01,63.78,0.977,0.872,85.0,-25.12,83.54,5.43
5,64.91,0.003,0.969,97.23,-0.16,0.36,64.91,0.069,0.918,92.21,-3.22,7.65,64.91,0.562,0.873,85.75,-20.1,58.89,19.91,0.573,0.736,55.73,24.7,31.49,244.91,0.862,0.875,31.57,64.96,-90.94,5.35
5,125.19,0.02,0.968,96.71,-2.43,1.59,125.19,0.066,0.936,92.86,-7.82,5.18,125.19,0.709,0.968,86.25,-73.74,62.18,80.19,0.656,0.732,70.74,-32.05,55.45,335.19,0.83,0.922,52.49,74.77,4.54,4.39
5,215.35,0.009,0.964,96.35,-0.07,-0.75,215.35,0.033,0.928,91.9,-0.24,-2.63,215.35,0.71,0.78,48.79,9.06,-48.86,185.35,0.47,0.67,62.96,-20.84,-10.8,35.35,0.994,0.931,67.28,29.43,72.74,6.24
5,146.55,0.2,0.103,8.81,-3.27,1.22,146.55,0.232,0.124,11.24,-4.44,1.68,146.55,0.789,0.103,7.6,-10.32,4.62,191.55,0.641,0.604,52.4,-18.15,-17.36,296.55,0.87,0.936,55.58,88.61,-59.6,2.29
5,318.16,0.24,0.084,5.53,2.84,-1.3,318.16,0.187,0.134,11.1,4.15,-1.9,318.16,0.567,0.649,44.89,46.65,-18.01,3.16,0.488,0.645,46.48,30.65,16.42,108.16,0.822,0.928,83.05,-72.19,73.78,8.33
5,127.78,0.297,0.068,4.86,-2.55,1.61,127.78,0.218,0.129,11.79,-4.89,3.16,127.78,0.794,0.898,80.27,-73.14,61.84,97.78,0.75,0.703,65.71,-48.4,56.84,337.78,0.967,0.987,53.73,81.38,20.18,9.81
5,90.73,0.9,0.9,82.18,-59.5,77.32,6.17,0.202,0.138,11.39,2.94,1.65,6.17,0.886,0.774,43.55,59.5,48.75,321.17,0.556,0.752,51.89,50.84,-17.15,156.17,0.968,0.844,76.33,-62.78,28.71,1.83
5,23.99,0.28,0.081,5.58,0.98,1.7,23.99,0.218,0.188,17.44,2.0,3.78,23.99,0.556,0.733,57.78,19.79,32.42,353.99,0.606,0.6,38.65,39.61,14.52,23.99,0.2,0.5,48.44,4.19,7.86,6.43
5,113.49,0.026,0.962,96.11,-2.97,2.37,113.49,0.069,0.925,91.91,-7.75,6.25,113.49,0.598,0.826,75.83,-55.89,51.67,143.49,0.707,0.727,67.07,-53.08,30.51,263.49,0.957,0.867,33.38,72.11,-86.63,6.1
5,230.62,0.183,0.08,5.36,0.46,-1.91,230.62,0.29,0.132,9.11,1.66,-5.91,230.62,0.639,0.87,47.67,29.06,-63.67,260.62,0.734,0.703,33.3,49.79,-62.41,80.62,0.843,0.997,92.1,-49.73,83.73,8.79
5,275.42,0.9,0.9,41.69,76.59,-77.53,176.41,0.016,0.973,97.36,-1.37,-0.35,176.41,0.843,0.66,62.37,-36.5,-5.68,146.41,0.75,0.533,50.04,-42.21,22.61,356.41,0.816,0.976,54.41,73.56,44.64,1.0
5,42.06,0.181,0.054,3.83,-0.04,0.83,42.06,0.237,0.151,14.15,-0.12,4.73,42.06,0.724,0.88,74.34,6.59,62.09,87.06,0.538,0.728,70.39,-31.56,45.33,42.06,0.2,0.5,50.59,-0.26,10.88,7.61
5,96.81,0.9,0.9,81.43,-65.42,76.38,224.93,0.01,0.974,97.05,0.12,-0.96,224.93,0.569,0.772,49.18,14.86,-46.99,269.93,0.616,0.672,39.08,43.48,-48.15,44.93,0.934,0.878,72.95,7.39,74.18,1.59
5,347.93,0.032,0.989,96.9,2.95,0.18,347.93,0.043,0.95,92.81,3.84,0.24,347.93,0.895,0.732,40.0,62.17,27.74,17.93,0.758,0.557,37.55,29.67,33.75,347.93,0.2,0.5,45.8,11.09,0.99,7.62
5,251.49,0.008,0.955,95.49,0.45,-0.85,251.49,0.043,0.944,91.89,2.52,-4.75,251.49,0.543,0.889,51.73,38.92,-59.76,281.49,0.671,0.662,39.1,51.59,-46.53,251.49,0.2,0.5,44.47,7.51,-13.47,6.32
5,155.08,0.167,0.116,10.44,-2.84,0.63,155.08,0.285,0.145,13.53,-5.81,1.4,155.08,0.842,0.876,79.28,-61.65,26.12,125.08,0.62,0.532,50.12,-41.97,33.57,5.08,0.882,0.898,50.18,67.75,54.63,8.63
5,186.0,0.222,0.122,10.94,-2.65,-1.43,186.0,0.105,0.177,17.93,-1.76,-0.95,186.0,0.854,0.605,53.62,-25.45,-15.72,141.0,0.559,0.793,73.6,-48.58,27.26,186.0,0.2,0.5,50.72,-7.69,-4.15,5.95
5,309.39,0.274,0.097,6.5,4.39,-2.57,309.39,0.203,0.204,18.25,6.8,-3.91,309.39,0.795,0.68,41.85,64.7,-31.44,354.39,0.694,0.781,46.95,55.25,24.32,129.39,0.979,0.991,87.15,-84.3,76.71,7.25
5,339.46,0.044,0.976,94.98,4.37,-0.5,339.46,0.043,0.925,90.63,4.04,-0.46,339.46,0.682,0.814,50.09,59.06,4.15,294.46,0.67,0.563,36.37,50.28,-35.6,159.46,0.858,0.837,76.29,-57.21,19.14,5.76
5,81.2,0.1,0.4,42.6,-3.47,5.29,81.2,0.1,0.4,42.6,-3.47,5.29,81.2,0.1,0.4,42.6,-3.47,5.29,126.2,0.1,0.4,42.09,-5.87,3.84,231.2,0.1,0.4,39.76,1.33,-5.16,1.0
5,130.59,0.103,0.102,8.94,-1.87,1.11,130.59,0.167,0.12,10.93,-3.47,2.09,130.59,0.623,0.684,63.5,-50.05,36.68,85.59,0.485,0.645,63.44,-25.33,37.34,280.59,0.978,0.859,40.72,77.55,-73.18,5.34
5,186.87,0.262,0.093,7.37,-2.17,-1.33,186.87,0.24,0.163,15.59,-3.54,-2.04,186.87,0.667,0.828,72.93,-28.95,-18.15,231.87,0.626,0.766,42.2,26.75,-57.38,36.87,0.872,0.846,65.25,19.13,65.31,10.0
5,113.6,0.011,0.98,97.97,-1.27,1.01,113.6,0.005,0.957,96.1,-0.62,0.49,113.6,0.781,0.706,64.68,-59.22,57.17,68.6,0.587,0.759,75.0,-21.4,53.99,293.6,0.842,0.883,51.47,82.1,-58.83,4.69
5,318.15,0.9,0.9,52.0,80.82,-24.0,102.44,0.055,0.959,95.32,-5.54,5.4,102.44,0.517,0.803,75.54,-42.52,45.1,147.44,0.526,0.729,68.63,-41.13,18.36,312.44,0.839,0.883,52.81,80.04,-33.95,1.0
5,335.17,0.237,0.053,3.25,1.14,-0.2,335.17,0.264,0.14,10.68,5.5,-0.92,335.17,0.732,0.74,44.51,58.56,-0.22,290.17,0.598,0.526,34.83,41.74,-32.29,185.17,0.815,0.989,85.41,-37.96,-21.27,8.45
5,203.25,0.004,0.974,97.56,-0.12,-0.24,203.25,0.072,0.915,89.61,-2.2,-4.34,203.25,0.632,0.719,54.99,-8.32,-30.15,233.25,0.403,0.627,45.12,12.15,-31.86,23.25,0.87,0.838,55.51,41.05,57.33,6.33
5,24.95,0.013,0.977,97.45,0.39,0.86,24.95,0.059,0.948,93.0,1.8,3.89,24.95,0.657,0.635,48.34,20.88,35.15,54.95,0.668,0.597,58.79,-8.46,48.76,204.95,0.903,0.948,60.51,0.5,-54.26,7.73
5,23.65,0.012,0.979,97.57,0.41,0.81,23.65,0.001,0.92,92.85,0.05,0.09,23.65,0.592,0.675,52.37,20.35,32.27,68.65,0.451,0.651,65.74,-15.47,37.3,173.65,0.877,0.985,89.41,-53.1,-2.57,3.75
5,174.73,0.14,0.062,4.64,-0.79,-0.16,174.73,0.169,0.134,12.7,-2.74,-0.54,174.73,0.899,0.062,3.88,-4.25,-0.79,144.73,0.652,0.626,58.69,-44.04,23.34,324.73,0.83,0.957,55.49,80.1,-14.59,5.32
5,303.28,0.9,0.9,54.48,87.24,-49.76,257.63,0.222,0.159,12.65,3.57,-5.57,257.63,0.701,0.831,40.33,53.13,-69.82,302.63,0.776,0.682,43.18,66.32,-39.14,77.63,0.955,0.886,83.0,-45.06,80.27,1.36
5,75.06,0.008,0.952,95.68,-0.51,0.89,75.06,0.045,0.944,94.55,-2.78,4.88,75.06,0.582,0.809,78.55,-27.53,55.13,120.06,0.533,0.637,59.89,-44.07,36.82,225.06,0.998,0.875,34.29,51.85,-86.44,5.52
5,61.24,0.163,0.139,13.71,-1.39,3.86,61.24,0.212,0.178,18.38,-2.19,6.22,61.24,0.691,0.765,76.43,-17.18,63.88,91.24,0.559,0.727,69.74,-35.29,46.34,271.24,0.913,0.809,35.22,69.42,-74.96,5.87
5,268.83,0.213,0.058,3.57,0.98,-1.27,268.83,0.137,0.142,12.31,2.37,-2.95,268.83,0.603,0.77,45.03,46.99,-53.07,298.83,0.783,0.731,45.96,70.8,-45.44,118.83,0.834,0.997,87.85,-82.36,77.87,8.58
5,11.57,0.1,0.4,40.5,2.91,2.32,11.57,0.1,0.4,40.5,2.91,2.32,11.57,0.1,0.4,40.5,2.91,2.32,56.57,0.1,0.4,42.74,-1.67,5.53,161.57,0.1,0.4,42.26,-4.59,0.43,1.0
5,258.11,0.9,0.9,34.48,71.08,-89.68,146.18,0.055,0.972,96.39,-5.82,2.13,146.18,0.592,0.626,59.13,-40.49,19.68,191.18,0.748,0.624,52.81,-19.87,-19.76,296.18,0.861,0.939,55.66,88.26,-59.86,1.8
5,23.72,0.023,0.983,97.49,0.78,1.53,23.72,0.061,0.936,91.79,2.0,3.88,23.72,0.752,0.762,54.04,30.8,46.44,68.72,0.756,0.642,63.86,-22.3,57.73,173.72,0.806,0.89,81.85,-47.48,-3.12,4.14
5,86.31,0.1,0.4,42.52,-3.82,5.17,86.31,0.1,0.4,42.52,-3.82,5.17,86.31,0.1,0.4,42.52,-3.82,5.17,41.31,0.1,0.4,41.98,-0.13,4.43,236.31,0.1,0.4,39.5,1.87,-5.54,1.0
5,27.48,0.9,0.9,61.36,38.28,64.35,27.67,0.194,0.158,14.61,1.18,3.13,27.67,0.548,0.673,55.05,14.82,31.5,357.67,0.622,0.538,34.09,36.69,16.99,237.67,0.919,0.869,29.67,65.45,-93.19,1.47
5,176.86,0.161,0.106,9.32,-2.1,-0.53,176.86,0.234,0.123,11.18,-3.42,-0.85,176.86,0.686,0.617,59.13,-31.21,-5.92,206.86,0.465,0.744,60.2,-5.59,-25.56,326.86,0.977,0.814,45.27,73.07,-4.3,7.01
5,200.93,0.189,0.057,3.88,-0.38,-0.64,200.93,0.197,0.167,15.52,-1.63,-2.74,200.93,0.605,0.876,68.49,-12.61,-31.64,170.93,0.668,0.768,72.03,-39.97,-0.44,20.93,0.864,0.835,54.13,44.06,55.76,9.94
5,68.87,0.1,0.4,42.78,-2.63,5.57,68.87,0.1,0.4,42.78,-2.63,5.57,68.87,0.1,0.4,42.78,-2.63,5.57,23.87,0.1,0.4,41.11,1.65,3.19,278.87,0.1,0.4,39.91,4.77,-4.87,1.0
5,96.96,0.041,0.986,98.01,-3.89,4.2,96.96,0.079,0.957,94.88,-7.28,7.89,96.96,0.667,0.81,75.39,-48.95,58.15,51.96,0.491,0.511,50.67,-4.88,31.32,306.96,0.988,0.823,48.59,81.27,-40.61,6.02
5,154.88,0.02,0.972,97.07,-2.04,0.43,154.88,0.077,0.955,94.44,-7.63,1.68,154.88,0.626,0.82,75.85,-48.6,16.8,109.88,0.597,0.59,55.86,-41.09,39.57,334.88,0.95,0.876,48.13,74.77,10.68,5.28
5,187.68,0.9,0.9,75.2,-31.59,-24.69,283.0,0.06,0.924,89.48,5.96,-5.65,283.0,0.881,0.814,41.65,73.4,-64.99,238.0,0.508,0.73,44.14,24.23,-48.9,133.0,0.816,0.824,74.21,-67.77,53.28,1.0
5,152.53,0.202,0.071,5.36,-1.68,0.46,152.53,0.21,0.218,22.13,-6.21,1.74,152.53,0.529,0.685,64.99,-37.66,13.49,122.53,0.729,0.735,67.1,-60.95,53.48,152.53,0.2,0.5,51.14,-11.75,3.31,5.54
5,229.28,0.204,0.093,6.46,0.61,-2.77,229.28,0.138,0.169,15.31,0.78,-3.38,229.28,0.66,0.839,45.57,27.92,-62.58,259.28,0.471,0.664,43.9,28.41,-39.24,49.28,0.987,0.858,74.71,0.38,76.61,8.85
5,309.85,0.12,0.074,5.33,1.26,-0.74,309.85,0.181,0.207,18.91,6.13,-3.5,309.85,0.876,0.898,53.49,83.4,-38.63,354.85,0.586,0.791,51.36,47.84,18.33,99.85,0.87,0.966,86.58,-70.53,79.24,9.75
5,189.03,0.028,0.969,96.55,-1.73,-1.16,189.03,0.08,0.978,95.9,-4.97,-3.34,189.03,0.885,0.894,73.54,-29.27,-26.36,159.03,0.575,0.505,48.8,-29.69,7.19,9.03,0.883,0.957,54.72,67.35,58.71,4.32
5,290.89,0.013,0.99,98.27,1.5,-1.25,290.89,0.022,0.903,90.04,2.32,-1.93,290.89,0.707,0.659,40.47,57.73,-43.7,320.89,0.644,0.79,51.25,59.88,-19.23,80.89,0.957,0.836,78.16,-47.17,76.07,6.5
5,46.21,0.025,0.983,97.96,-0.36,2.47,46.21,0.067,0.975,96.43,-0.9,6.63,46.21,0.627,0.647,59.36,-0.69,44.75,16.21,0.647,0.57,40.53,26.47,27.72,256.21,0.882,0.879,33.67,68.46,-87.99,7.82
5,174.96,0.181,0.115,10.39,-2.58,-0.52,174.96,0.171,0.216,22.28,-4.16,-0.84,174.96,0.874,0.854,78.79,-46.35,-4.46,219.96,0.558,0.662,45.17,7.59,-37.11,324.96,0.948,0.939,52.69,81.78,-9.71,9.57
5,350.75,0.1,0.4,39.98,4.41,0.59,350.75,0.1,0.4,39.98,4.41,0.59,350.75,0.1,0.4,39.98,4.41,0.59,305.75,0.1,0.4,40.22,5.96,-3.77,170.75,0.1,0.4,42.3,-4.25,-0.45,1.0
5,57.73,0.027,0.967,96.9,-1.04,3.15,57.73,0.035,0.927,93.24,-1.28,3.86,57.73,0.634,0.763,75.3,-12.99,58.47,102.73,0.465,0.504,49.44,-26.64,27.75,57.73,0.2,0.5,52.47,-4.06,13.52,1.88
5,146.71,0.197,0.117,10.48,-3.58,1.33,146.71,0.174,0.141,13.49,-3.73,1.38,146.71,0.854,0.894,80.29,-68.0,40.16,101.71,0.658,0.551,52.54,-38.05,41.65,326.71,0.855,0.867,49.78,74.47,-9.57,8.08
5,11.93,0.013,0.973,96.92,0.77,0.63,11.93,0.006,0.956,95.82,0.35,0.28,11.93,0.657,0.682,46.15,35.65,30.8,56.93,0.457,0.797,78.7,-10.63,44.45,11.93,0.2,0.5,47.03,7.2,5.85,5.34
5,4.37,0.024,0.982,96.88,1.81,0.88,4.37,0.073,0.931,89.39,5.31,2.61,4.37,0.806,0.779,45.01,57.34,42.39,49.37,0.65,0.654,61.25,-3.58,48.33,4.37,0.2,0.5,46.15,9.1,4.59,7.86
5,1.45,0.02,0.959,95.1,1.58,0.62,1.45,0.05,0.954,92.72,3.96,1.58,1.45,0.695,0.612,37.1,43.75,26.23,31.45,0.559,0.627,52.64,11.14,32.14,151.45,0.966,0.84,75.77,-65.52,36.47,5.43
5,332.08,0.243,0.108,7.77,3.4,-0.66,332.08,0.281,0.203,16.71,8.21,-1.78,332.08,0.787,0.61,35.71,53.27,-2.73,287.08,0.759,0.545,31.13,50.77,-41.28,152.08,0.858,0.962,85.96,-68.92,34.02,6.04
5,200.45,0.9,0.9,62.25,-8.69,-44.8,282.78,0.123,0.17,15.74,3.04,-2.88,282.78,0.818,0.796,42.2,69.52,-61.38,237.78,0.5,0.72,44.13,23.16,-47.41,72.78,0.836,0.906,86.16,-36.19,79.26,1.0
5,200.11,0.001,0.955,96.0,-0.04,-0.06,200.11,0.028,0.903,90.41,-1.03,-1.54,200.11,0.66,0.639,50.24,-10.71,-25.85,155.11,0.529,0.706,66.88,-37.65,11.69,350.11,0.889,0.818,44.8,67.35,34.16,9.54
5,221.42,0.296,0.11,7.49,0.44,-4.13,221.42,0.245,0.165,13.61,0.52,-5.2,221.42,0.524,0.839,57.5,9.75,-43.49,176.42,0.783,0.77,72.02,-39.9,-6.47,11.42,0.972,0.832,46.85,62.35,57.83,8.75
5,298.56,0.1,0.4,40.23,6.07,-4.36,298.56,0.1,0.4,40.23,6.07,-4.36,298.56,0.1,0.4,40.23,6.07,-4.36,253.56,0.1,0.4,39.52,3.12,-5.49,88.56,0.1,0.4,42.49,-3.97,5.12,1.0
5,135.73,0.045,0.989,98.04,-5.27,2.74,135.73,0.06,0.978,96.69,-6.89,3.6,135.73,0.646,0.783,71.91,-55.65,37.37,90.73,0.735,0.516,49.9,-33.21,44.51,285.73,0.815,0.931,50.73,80.0,-66.92,3.91
5,29.68,0.037,0.977,96.63,0.76,2.73,29.68,0.076,0.915,89.74,1.55,5.39,29.68,0.742,0.663,50.56,20.01,43.95,59.68,0.438,0.557,57.67,-9.37,32.92,179.68,0.836,0.866,80.27,-42.02,-11.86,4.92
5,68.64,0.028,0.97,97.15,-1.52,3.16,68.64,0.031,0.965,96.62,-1.7,3.56,68.64,0.663,0.608,61.04,-19.58,50.09,98.64,0.57,0.767,72.34,-42.25,48.21,278.64,0.938,0.873,41.12,77.04,-74.5,5.86
5,166.98,0.9,0.9,81.83,-55.84,9.08,131.31,0.212,0.199,19.86,-6.7,4.04,131.31,0.847,0.632,57.98,-56.54,46.15,176.31,0.758,0.717,67.61,-37.3,-6.04,341.31,0.938,0.906,49.39,75.21,23.8,2.45
5,82.45,0.178,0.077,6.08,-1.25,1.78,82.45,0.297,0.205,20.89,-5.92,9.02,82.45,0.872,0.837,78.31,-46.32,73.73,37.45,0.437,0.579,53.12,3.62,25.5,232.45,0.83,0.909,37.62,51.73,-85.93,6.17
5,214.68,0.183,0.08,5.66,-0.13,-1.5,214.68,0.11,0.194,19.03,-0.22,-2.36,214.68,0.798,0.08,3.03,-0.04,-5.44,244.68,0.682,0.726,33.73,41.71,-65.25,4.68,0.898,0.861,47.75,66.6,53.93,4.44
5,330.74,0.045,0.996,96.7,4.76,-1.3,330.74,0.073,0.942,90.34,7.41,-1.99,330.74,0.588,0.996,65.21,63.77,-9.66,300.74,0.772,0.677,43.18,66.43,-40.96,120.74,0.903,0.864,77.06,-75.79,71.93,2.6
5,314.61,0.214,0.138,11.16,4.99,-2.52,314.61,0.139,0.137,11.94,3.2,-1.65,314.61,0.73,0.138,6.07,15.22,-6.8,344.61,0.42,0.65,49.11,30.47,2.25,104.61,0.988,0.88,78.71,-73.24,75.94,1.68
5,40.04,0.106,0.116,10.53,-0.01,1.62,40.04,0.222,0.191,18.65,0.1,5.25,40.04,0.764,0.634,53.36,7.99,48.87,355.04,0.451,0.589,43.23,28.74,9.26,40.04,0.2,0.5,50.34,0.23,10.54,6.23
5,213.9,0.04,0.963,94.65,-0.41,-3.17,213.9,0.017,0.963,95.82,-0.18,-1.33,213.9,0.774,0.804,48.69,10.09,-52.6,258.9,0.795,0.715,30.84,53.92,-68.28,33.9,0.854,0.871,65.16,23.91,64.18,4.35
5,166.36,0.1,0.4,42.28,-4.41,-0.03,166.36,0.1,0.4,42.28,-4.41,-0.03,166.36,0.1,0.4,42.28,-4.41,-0.03,121.36,0.1,0.4,42.06,-6.04,4.31,346.36,0.1,0.4,40.01,4.56,0.17,1.0
5,40.58,0.024,0.96,95.82,-0.06,2.16,40.58,0.069,0.92,91.22,-0.11,5.95,40.58,0.753,0.65,55.04,7.28,49.53,70.58,0.701,0.638,63.44,-22.68,54.06,220.58,0.841,0.883,44.79,28.38,-70.37,9.07
5,70.27,0.129,0.053,3.87,-0.37,0.72,70.27,0.147,0.197,20.59,-2.21,4.53,70.27,0.596,0.819,80.05,-24.38,57.81,115.27,0.417,0.791,74.65,-40.52,34.62,70.27,0.2,0.5,52.39,-6.36,13.34,6.56
5,109.84,0.9,0.9,80.33,-74.6,75.02,258.23,0.203,0.134,10.43,2.85,-4.41,258.23,0.749,0.739,33.74,51.99,-67.02,228.23,0.647,0.706,39.73,21.79,-52.39,48.23,0.93,0.905,78.05,1.33,78.08,3.67
5,1.21,0.1,0.4,40.0,3.98,1.58,1.21,0.1,0.4,40.0,3.98,1.58,1.21,0.1,0.4,40.0,3.98,1.58,46.21,0.1,0.4,42.22,-0.63,4.79,211.21,0.1,0.4,40.76,-0.73,-3.67,1.0
5,104.75,0.217,0.111,9.69,-3.71,3.24,104.75,0.124,0.175,17.7,-3.16,2.97,104.75,0.505,0.75,70.99,-40.66,41.43,149.75,0.448,0.623,60.08,-30.89,11.86,104.75,0.2,0.5,51.25,-12.11,11.59,6.83
5,25.65,0.9,0.9,60.1,41.44,63.42,337.68,0.063,0.948,91.33,6.19,-0.9,337.68,0.706,0.61,37.22,48.5,1.67,7.68,0.703,0.609,38.59,38.85,28.88,127.68,0.937,0.941,83.25,-80.6,73.19,1.24
5,308.55,0.1,0.4,40.21,5.86,-3.5,308.55,0.1,0.4,40.21,5.86,-3.5,308.55,0.1,0.4,40.21,5.86,-3.5,278.55,0.1,0.4,39.91,4.75,-4.87,128.55,0.1,0.4,42.1,-5.79,3.61,1.0
5,64.71,0.208,0.12,11.36,-1.74,4.3,64.71,0.236,0.181,18.63,-2.74,6.91,64.71,0.558,0.851,83.87,-19.46,57.46,109.71,0.438,0.511,49.97,-27.96,25.92,244.71,0.883,0.924,32.62,69.35,-96.29,5.44
5,327.41,0.042,0.983,95.82,4.5,-1.48,327.41,0.021,0.909,90.66,2.15,-0.71,327.41,0.506,0.632,45.25,39.22,-9.49,297.41,0.754,0.7,44.07,66.29,-43.93,117.41,0.979,0.89,79.02,-78.31,75.79,5.49
5,133.6,0.119,0.073,5.6,-1.19,0.66,133.6,0.28,0.218,21.65,-9.39,5.48,133.6,0.759,0.073,4.63,-6.07,3.45,88.6,0.625,0.783,74.33,-39.12,54.74,313.6,0.82,0.937,56.06,82.51,-33.56,3.94
5,250.62,0.9,0.9,32.35,69.67,-93.29,232.54,0.027,0.927,91.7,0.74,-2.78,232.54,0.884,0.84,32.29,53.51,-84.58,277.54,0.514,0.781,52.03,44.15,-43.32,52.54,0.831,0.842,77.56,-7.23,73.16,3.55
5,99.51,0.028,0.973,97.07,-2.77,2.84,99.51,0.035,0.909,91.33,-3.21,3.3,99.51,0.556,0.846,79.13,-45.35,50.89,129.51,0.525,0.675,63.48,-43.48,30.99,279.51,0.811,0.922,47.47,76.0,-71.08,5.18
5,261.56,0.036,0.969,94.68,2.62,-3.86,261.56,0.073,0.922,87.98,5.22,-7.63,261.56,0.582,0.709,41.18,39.28,-50.39,216.56,0.717,0.672,41.32,9.69,-44.9,81.56,0.963,0.963,88.51,-53.84,84.62,4.74
5,263.07,0.1,0.4,39.67,3.74,-5.26,263.07,0.1,0.4,39.67,3.74,-5.26,263.07,0.1,0.4,39.67,3.74,-5.26,293.07,0.1,0.4,40.14,5.71,-4.5,113.07,0.1,0.4,42.15,-5.62,4.59,1.0
5,16.37,0.029,0.986,97.26,1.44,1.6,16.37,0.062,0.912,89.21,2.89,3.19,16.37,0.678,0.653,45.42,31.18,32.98,346.37,0.564,0.576,38.68,36.79,6.03,226.37,0.846,0.858,38.85,39.53,-76.47,9.83
5,337.12,0.02,0.972,96.25,1.94,-0.32,337.12,0.064,0.907,87.87,6.03,-0.94,337.12,0.573,0.892,59.06,55.41,-1.57,307.12,0.77,0.762,47.67,70.38,-36.89,127.12,0.981,0.975,85.81,-83.65,77.73,2.93
5,192.57,0.192,0.141,12.97,-2.06,-1.8,192.57,0.134,0.121,10.96,-1.28,-1.11,192.57,0.529,0.141,11.09,-5.04,-4.72,222.57,0.719,0.614,34.47,16.41,-47.1,12.57,0.836,0.95,57.2,59.51,55.96,2.4
5,336.19,0.1,0.4,40.06,4.9,-0.82,336.19,0.1,0.4,40.06,4.9,-0.82,336.19,0.1,0.4,40.06,4.9,-0.82,306.19,0.1,0.4,40.22,5.95,-3.73,156.19,0.1,0.4,42.23,-4.79,0.95,1.0
5,207.27,0.9,0.9,55.45,5.01,-55.59,176.45,0.225,0.145,13.84,-3.81,-0.9,176.45,0.597,0.887,82.81,-38.38,-7.09,221.45,0.702,0.737,42.72,16.78,-52.27,356.45,0.917,0.866,46.81,70.47,49.8,1.0
5,13.59,0.158,0.091,6.95,1.12,0.97,13.59,0.21,0.15,12.86,2.57,2.32,13.59,0.615,0.091,4.44,3.82,2.79,58.59,0.532,0.61,62.11,-10.65,42.13,223.59,0.865,0.978,45.55,40.1,-82.68,3.52
5,11.3,0.019,0.959,95.32,1.08,0.85,11.3,0.02,0.97,96.24,1.19,0.93,11.3,0.674,0.682,45.42,37.32,31.58,41.3,0.445,0.585,54.61,1.35,27.64,161.3,0.909,0.848,77.09,-57.91,18.09,4.34
5,62.31,0.007,0.964,96.78,-0.32,0.81,62.31,0.016,0.976,97.74,-0.76,1.93,62.31,0.534,0.964,94.19,-18.76,61.52,17.31,0.615,0.518,37.99,22.14,24.48,212.31,0.943,0.885,48.18,18.44,-65.16,2.71
5,159.49,0.038,0.963,95.99,-3.69,0.47,159.49,0.025,0.948,94.91,-2.36,0.29,159.49,0.595,0.775,72.5,-42.69,10.4,129.49,0.773,0.653,60.08,-55.9,45.16,159.49,0.2,0.5,51.22,-11.1,1.7,1.0
5,127.05,0.148,0.146,14.06,-3.71,2.4,127.05,0.249,0.177,17.18,-7.32,4.85,127.05,0.622,0.666,61.94,-49.86,38.86,157.05,0.698,0.66,61.84,-43.21,13.95,337.05,0.815,0.902,51.58,72.42,6.94,8.62
5,337.6,0.102,0.107,8.89,1.62,-0.23,337.6,0.243,0.195,16.46,6.61,-0.8,337.6,0.862,0.601,33.56,54.13,6.83,22.6,0.49,0.718,58.09,17.67,27.01,157.6,0.995,0.844,76.39,-62.44,27.32,6.47
5,308.51,0.222,0.117,8.89,4.67,-2.74,308.51,0.158,0.166,14.93,4.46,-2.65,308.51,0.665,0.671,44.21,57.33,-29.7,338.51,0.717,0.798,48.11,60.53,4.03,158.51,0.964,0.821,74.61,-59.79,24.02,7.72
5,158.81,0.262,0.101,8.34,-3.05,0.35,158.81,0.241,0.195,19.42,-6.13,1.03,158.81,0.601,0.863,79.76,-47.2,12.3,128.81,0.784,0.52,48.41,-47.3,38.54,158.81,0.2,0.5,51.21,-11.17,1.85,6.59
5,202.33,0.008,0.987,98.51,-0.28,-0.5,202.33,0.003,0.921,92.86,-0.1,-0.18,202.33,0.778,0.987,69.46,-9.29,-45.52,247.33,0.706,0.727,32.99,44.52,-66.6,352.33,0.868,0.98,53.74,76.49,42.43,5.45
5,8.4,0.1,0.4,40.35,3.24,2.09,8.4,0.1,0.4,40.35,3.24,2.09,8.4,0.1,0.4,40.35,3.24,2.09,338.4,0.1,0.4,40.05,4.83,-0.61,188.4,0.1,0.4,41.92,-3.05,-1.96,1.0
5,30.57,0.031,0.994,98.33,0.59,2.37,30.57,0.028,0.944,94.07,0.51,2.06,30.57,0.757,0.724,55.07,21.04,48.57,60.57,0.428,0.667,68.12,-11.11,37.33,180.57,0.829,0.978,89.0,-44.86,-14.37,3.73
5,301.3,0.1,0.4,40.25,6.12,-4.2,301.3,0.1,0.4,40.25,6.12,-4.2,301.3,0.1,0.4,40.25,6.12,-4.2,256.3,0.1,0.4,39.56,3.3,-5.43,151.3,0.1,0.4,42.2,-4.97,1.42,1.0
5,16.12,0.027,0.951,94.3,1.3,1.42,16.12,0.062,0.926,90.41,2.98,3.23,16.12,0.689,0.84,57.15,39.45,41.31,61.12,0.69,0.71,71.51,-16.1,60.15,166.12,0.846,0.868,79.26,-53.59,8.98,3.59
5,169.04,0.019,0.996,99.32,-1.74,-0.13,169.04,0.02,0.925,93.01,-1.72,-0.13,169.04,0.885,0.996,89.86,-58.16,5.83,214.04,0.494,0.613,46.67,0.68,-27.43,19.04,0.906,0.978,60.33,56.2,64.84,2.84
5,334.89,0.045,0.953,92.94,4.52,-0.9,334.89,0.016,0.938,93.49,1.61,-0.33,334.89,0.673,0.792,49.38,58.22,-2.12,289.89,0.569,0.789,52.89,55.35,-43.08,124.89,0.838,0.979,86.44,-80.82,72.57,3.86
5,280.04,0.9,0.9,44.02,78.56,-73.63,47.92,0.132,0.174,17.54,-0.52,3.22,47.92,0.887,0.647,57.58,0.48,59.04,17.92,0.626,0.589,43.03,24.68,28.14,257.92,0.888,0.86,33.22,68.0,-85.99,1.0
5,219.09,0.019,0.971,96.32,0.0,-1.7,219.09,0.067,0.938,90.74,0.07,-5.69,219.09,0.895,0.732,36.24,25.06,-62.07,174.09,0.615,0.59,56.87,-29.38,-3.32,39.09,0.844,0.965,76.0,16.13,72.51,6.16
5,207.13,0.023,0.978,97.03,-0.56,-1.57,207.13,0.013,0.968,96.64,-0.31,-0.87,207.13,0.864,0.735,46.84,2.1,-45.43,177.13,0.754,0.706,66.68,-36.2,-6.92,27.13,0.862,0.982,67.31,39.42,66.85,5.05
5,98.74,0.049,0.984,97.69,-4.82,5.03,98.74,0.072,0.962,95.39,-6.88,7.21,98.74,0.716,0.645,60.76,-44.22,51.08,68.74,0.706,0.734,72.33,-23.76,61.11,308.74,0.854,0.824,49.69,77.84,-37.87,8.1
5,27.21,0.047,0.964,95.02,1.21,3.27,27.21,0.055,0.927,91.43,1.39,3.73,27.21,0.887,0.63,43.89,28.16,48.01,342.21,0.756,0.533,31.08,45.07,7.4,177.21,0.929,0.826,76.54,-43.88,-7.65,5.59
5,64.63,0.1,0.4,42.84,-2.34,5.66,64.63,0.1,0.4,42.84,-2.34,5.66,64.63,0.1,0.4,42.84,-2.34,5.66,19.63,0.1,0.4,40.9,2.08,2.89,244.63,0.1,0.4,39.39,2.55,-5.71,1.0
5,254.26,0.1,0.4,39.53,3.17,-5.48,254.26,0.1,0.4,39.53,3.17,-5.48,254.26,0.1,0.4,39.53,3.17,-5.48,284.26,0.1,0.4,40.0,5.13,-4.73,104.26,0.1,0.4,42.27,-5.03,4.78,1.0
5,84.92,0.003,1.0,99.95,-0.21,0.28,84.92,0.059,0.907,90.99,-4.3,5.97,84.92,0.508,0.816,78.46,-31.49,47.4,114.92,0.653,0.707,65.32,-53.43,49.31,294.92,0.92,0.837,48.38,81.84,-57.17,5.25
5,203.25,0.113,0.138,12.82,-0.71,-1.42,203.25,0.265,0.155,13.44,-1.71,-3.66,203.25,0.727,0.88,63.29,-8.27,-40.24,248.25,0.716,0.551,24.34,36.18,-53.72,23.25,0.906,0.835,54.39,43.14,58.97,7.9
5,250.51,0.029,0.982,96.12,1.74,-3.37,250.51,0.064,0.978,93.13,3.85,-7.4,250.51,0.818,0.812,31.99,59.05,-80.96,220.51,0.528,0.559,39.18,6.15,-30.93,70.51,0.954,0.846,81.12,-33.87,79.27,5.23
5,85.05,0.282,0.1,8.5,-2.53,3.98,85.05,0.231,0.162,16.0,-4.0,5.66,85.05,0.752,0.1,7.91,-7.37,8.87,130.05,0.465,0.765,71.79,-43.24,29.76,295.05,0.859,0.83,48.86,79.58,-55.31,3.86
5,13.03,0.149,0.069,4.86,0.65,0.55,13.03,0.2,0.163,14.39,2.69,2.35,13.03,0.792,0.673,42.24,42.01,39.45,58.03,0.78,0.739,72.91,-13.88,66.8,223.03,0.992,0.955,39.46,50.59,-89.44,5.76
5,282.14,0.022,0.993,97.88,2.31,-2.24,282.14,0.056,0.902,87.74,5.42,-5.23,282.14,0.618,0.767,47.52,54.35,-48.58,237.14,0.771,0.694,28.56,42.73,-68.93,72.14,0.86,0.978,92.22,-38.22,85.4,4.55
5,263.44,0.038,0.987,96.12,2.91,-4.1,263.44,0.028,0.942,92.9,2.05,-2.9,263.44,0.644,0.605,32.76,39.23,-48.17,293.44,0.405,0.625,48.74,34.29,-25.54,83.44,0.951,0.802,74.87,-48.45,73.09,5.77
5,111.96,0.283,0.091,7.21,-3.91,3.15,111.96,0.154,0.13,12.18,-3.32,2.77,111.96,0.817,0.848,76.3,-69.1,68.13,81.96,0.743,0.612,59.47,-31.93,52.67,261.96,0.989,0.876,32.35,73.1,-89.65,5.95
5,211.71,0.038,0.971,95.5,-0.57,-2.89,211.71,0.034,0.907,90.14,-0.48,-2.43,211.71,0.581,0.646,47.06,0.05,-31.85,241.71,0.766,0.571,22.35,39.29,-60.18,61.71,0.815,0.92,89.88,-21.83,82.28,4.76
5,188.41,0.037,0.978,97.05,-2.36,-1.52,188.41,0.02,0.928,93.14,-1.21,-0.78,188.41,0.755,0.777,66.69,-26.95,-20.52,158.41,0.524,0.685,65.22,-35.32,8.66,8.41,0.832,0.825,48.35,57.54,47.98,6.88
5,342.35,0.029,0.99,97.16,2.82,-0.17,342.35,0.034,0.936,92.17,3.19,-0.19,342.35,0.852,0.869,48.58,70.59,18.37,297.35,0.546,0.58,41.41,44.39,-30.13,162.35,0.98,0.864,78.39,-59.6,18.83,5.48
5,218.85,0.175,0.101,7.72,0.05,-2.02,218.85,0.23,0.216,19.19,0.24,-5.87,218.85,0.806,0.722,39.25,18.49,-55.62,263.85,0.668,0.577,30.33,39.41,-47.86,38.85,0.882,0.816,64.33,15.66,65.0,7.79
5,104.72,0.036,0.99,98.44,-3.8,3.55,104.72,0.021,0.924,92.88,-2.09,1.94,104.72,0.764,0.99,88.68,-70.27,74.57,149.72,0.77,0.566,53.04,-43.81,21.33,284.72,0.879,0.851,44.42,76.69,-65.79,5.23
5,33.55,0.047,0.991,97.66,0.6,3.79,33.55,0.069,0.973,95.3,0.9,5.48,33.55,0.663,0.854,68.38,15.99,50.7,3.55,0.644,0.651,41.6,41.05,25.2,213.55,0.815,0.998,58.13,14.27,-65.05,2.37
5,53.9,0.039,0.979,97.7,-1.18,4.32,53.9,0.03,0.927,93.14,-0.89,3.22,53.9,0.842,0.862,80.26,-9.41,75.96,8.9,0.468,0.719,54.23,27.54,19.46,53.9,0.2,0.5,52.01,-3.14,12.87,2.63
5,60.73,0.103,0.134,13.23,-0.86,2.38,60.73,0.216,0.209,21.96,-2.49,7.25,60.73,0.694,0.878,86.6,-18.63,71.65,15.73,0.716,0.512,34.64,27.72,28.52,240.73,0.8,0.876,33.55,59.31,-87.8,6.16
5,108.81,0.106,0.067,5.05,-0.87,0.75,108.81,0.179,0.152,14.71,-4.24,3.74,108.81,0.539,0.73,68.61,-44.24,42.73,153.81,0.669,0.554,52.53,-37.73,14.1,258.81,0.977,0.86,30.95,71.27,-89.8,5.92
5,165.85,0.113,0.141,13.69,-2.08,0.01,165.85,0.209,0.212,21.61,-5.41,0.1,165.85,0.729,0.621,58.71,-38.25,5.13,120.85,0.752,0.632,58.2,-55.36,49.87,315.85,0.894,0.892,51.96,81.01,-28.04,9.1
5,259.09,0.122,0.068,4.65,0.64,-1.02,259.09,0.257,0.204,16.4,5.33,-7.96,259.09,0.718,0.766,36.73,51.58,-66.22,289.09,0.609,0.666,43.39,50.88,-40.08,49.09,0.822,0.992,86.89,-2.2,80.14,6.55
5,228.35,0.04,0.992,96.49,0.83,-4.17,228.35,0.046,0.901,88.29,0.88,-4.42,228.35,0.889,0.742,30.48,41.83,-72.99,273.35,0.725,0.508,26.44,41.68,-43.17,78.35,0.848,0.865,81.56,-41.97,75.68,5.67
5,19.66,0.198,0.059,3.94,0.5,0.66,19.66,0.132,0.158,14.9,1.27,1.76,19.66,0.562,0.059,3.05,1.3,1.65,49.66,0.69,0.522,49.47,-3.17,42.61,199.66,0.801,0.902,65.7,-12.73,-39.67,3.88
5,37.56,0.0,0.973,97.58,0.0,0.01,37.56,0.012,0.959,96.02,0.04,1.05,37.56,0.868,0.973,74.76,20.09,73.14,7.56,0.52,0.597,43.37,27.62,18.55,187.56,0.991,0.833,69.35,-29.46,-24.34,1.38
5,2.37,0.011,0.98,97.53,0.87,0.37,2.37,0.008,0.937,93.96,0.58,0.24,2.37,0.674,0.856,52.6,54.87,33.71,47.37,0.546,0.614,57.97,-2.21,38.17,182.37,0.996,0.931,82.7,-41.39,-17.5,4.51
5,19.0,0.009,0.981,97.92,0.39,0.52,19.0,0.051,0.962,94.19,2.21,2.96,19.0,0.661,0.817,58.02,33.29,40.01,334.0,0.493,0.625,44.9,36.6,-4.48,169.0,0.91,0.92,83.63,-55.26,5.95,3.56
5,173.99,0.9,0.9,82.43,-49.58,-2.82,168.59,0.151,0.155,15.32,-2.96,-0.15,168.59,0.586,0.772,72.68,-37.81,1.26,123.59,0.42,0.785,73.88,-41.79,31.72,18.59,0.956,0.851,51.45,53.89,59.98,1.0
5,257.57,0.9,0.9,34.3,70.95,-89.98,51.12,0.159,0.165,16.55,-0.83,3.89,51.12,0.591,0.708,67.37,-5.71,48.28,21.12,0.438,0.619,51.56,14.56,20.52,201.12,0.965,0.815,54.61,-4.8,-44.8,3.88
5,351.57,0.047,0.968,94.03,4.22,0.62,351.57,0.011,0.926,92.73,0.96,0.13,351.57,0.512,0.606,42.3,34.13,9.0,21.57,0.601,0.682,51.75,22.94,32.03,141.57,0.834,0.937,83.62,-72.32,48.42,5.05
5,8.92,0.251,0.065,4.03,1.08,0.68,8.92,0.274,0.184,15.41,4.81,3.24,8.92,0.592,0.647,44.86,32.93,24.32,53.92,0.558,0.738,71.52,-8.46,48.77,8.92,0.2,0.5,46.68,7.96,5.35,5.14
5,152.37,0.224,0.084,6.64,-2.47,0.69,152.37,0.106,0.16,15.95,-2.42,0.64,152.37,0.872,0.788,71.76,-59.28,29.02,107.37,0.688,0.525,49.74,-40.65,41.17,332.37,0.849,0.859,48.9,72.14,0.09,9.75
5,132.97,0.1,0.4,42.12,-5.63,3.19,132.97,0.1,0.4,42.12,-5.63,3.19,132.97,0.1,0.4,42.12,-5.63,3.19,102.97,0.1,0.4,42.29,-4.95,4.8,282.97,0.1,0.4,39.98,5.04,-4.76,1.0
5,107.16,0.9,0.9,80.5,-73.13,75.23,219.09,0.217,0.17,14.72,0.19,-4.55,219.09,0.578,0.819,54.75,8.98,-44.98,264.09,0.597,0.775,44.57,44.61,-54.62,69.09,0.985,0.891,85.22,-33.7,83.38,1.0
5,304.54,0.171,0.073,5.0,1.79,-1.17,304.54,0.225,0.212,18.78,8.07,-5.11,304.54,0.573,0.841,58.36,62.34,-36.36,274.54,0.419,0.737,53.5,32.96,-34.65,94.54,0.875,0.939,85.02,-64.4,78.5,8.33
5,330.11,0.025,0.977,96.38,2.62,-0.75,330.11,0.067,0.943,90.78,6.83,-1.92,330.11,0.707,0.977,59.46,72.78,-8.72,15.11,0.437,0.523,42.42,16.04,15.75,150.11,0.905,0.968,86.23,-72.21,40.09,2.1
5,65.87,0.04,0.981,97.97,-2.07,4.72,65.87,0.015,0.938,94.38,-0.77,1.74,65.87,0.773,0.79,77.68,-23.55,69.72,95.87,0.789,0.545,51.84,-39.87,48.34,275.87,0.901,0.812,37.74,70.96,-71.26,5.89
5,271.57,0.1,0.4,39.8,4.3,-5.05,271.57,0.1,0.4,39.8,4.3,-5.05,271.57,0.1,0.4,39.8,4.3,-5.05,316.57,0.1,0.4,40.16,5.58,-2.73,61.57,0.1,0.4,42.89,-2.13,5.73,1.0
5,346.93,0.18,0.086,6.05,1.87,0.1,346.93,0.241,0.138,10.68,4.57,0.3,346.93,0.645,0.687,43.21,47.97,10.58,316.93,0.545,0.684,48.02,47.27,-19.37,196.93,0.972,0.903,64.52,-13.47,-41.62,8.07
5,120.95,0.129,0.064,4.78,-1.12,0.79,120.95,0.134,0.125,11.57,-3.03,2.18,120.95,0.861,0.762,68.8,-67.86,63.54,165.95,0.427,0.695,67.21,-27.79,1.73,270.95,0.977,0.993,41.65,82.63,-91.12,7.64
5,62.66,0.028,0.997,99.56,-1.32,3.31,62.66,0.041,0.967,96.77,-1.92,4.85,62.66,0.803,0.755,75.17,-19.68,69.68,92.66,0.405,0.6,59.38,-23.13,28.81,272.66,0.963,0.841,36.12,73.15,-78.24,6.04
5,154.34,0.116,0.062,4.63,-0.77,0.18,154.34,0.255,0.127,11.51,-4.68,1.17,154.34,0.863,0.684,63.18,-51.87,22.93,109.34,0.629,0.752,69.68,-51.67,50.63,334.34,0.826,0.918,52.44,74.59,2.76,9.9
5,111.56,0.248,0.052,3.66,-1.34,1.09,111.56,0.281,0.127,11.41,-5.88,5.03,111.56,0.651,0.624,58.47,-46.78,44.72,141.56,0.723,0.699,64.49,-52.87,32.32,111.56,0.2,0.5,51.04,-13.21,11.27,7.56
5,200.63,0.9,0.9,62.07,-8.34,-45.08,151.69,0.242,0.155,14.84,-5.38,1.59,151.69,0.541,0.716,67.54,-39.99,15.08,181.69,0.507,0.629,60.56,-23.55,-8.67,1.69,0.927,0.963,52.08,75.75,60.85,1.0
5,241.32,0.045,0.951,92.13,2.07,-5.26,241.32,0.068,0.942,89.55,3.15,-7.92,241.32,0.749,0.627,25.51,41.12,-63.73,211.32,0.556,0.701,51.9,-0.71,-32.26,91.32,0.901,0.962,87.18,-63.43,81.36,5.37
5,102.1,0.033,0.994,98.81,-3.37,3.29,102.1,0.078,0.927,92.18,-7.54,7.42,102.1,0.819,0.855,77.69,-63.46,69.65,147.1,0.732,0.711,65.7,-51.89,27.17,312.1,0.917,0.921,53.95,85.13,-35.22,5.77
5,310.53,0.014,0.958,95.4,1.67,-0.97,310.53,0.036,0.928,91.51,4.11,-2.38,310.53,0.773,0.89,54.79,78.23,-36.67,340.53,0.751,0.524,30.72,44.5,5.33,160.53,0.914,0.806,73.62,-56.39,18.7,4.31
5,175.76,0.1,0.4,42.33,-4.06,-0.93,175.76,0.1,0.4,42.33,-4.06,-0.93,175.76,0.1,0.4,42.33,-4.06,-0.93,220.76,0.1,0.4,40.28,0.26,-4.38,325.76,0.1,0.4,40.11,5.26,-1.84,1.0
5,286.36,0.224,0.081,5.34,2.39,-2.19,286.36,0.133,0.124,10.5,2.61,-2.32,286.36,0.567,0.736,48.75,50.47,-41.95,256.36,0.478,0.634,41.29,26.76,-38.95,286.36,0.2,0.5,45.86,12.85,-11.23,5.69
5,338.2,0.004,0.967,96.87,0.38,-0.06,338.2,0.077,0.907,87.0,7.21,-0.96,338.2,0.757,0.892,52.34,68.64,5.9,23.2,0.509,0.756,60.62,18.83,29.73,188.2,0.84,0.978,81.23,-32.86,-26.1,5.04
5,251.34,0.217,0.095,6.29,1.67,-3.02,251.34,0.145,0.151,13.02,1.92,-3.56,251.34,0.78,0.667,27.56,47.96,-66.44,206.34,0.698,0.642,46.01,-3.64,-32.9,71.34,0.812,0.822,79.27,-31.27,72.67,5.74
5,87.93,0.045,0.955,95.38,-3.63,4.7,87.93,0.052,0.963,96.01,-4.24,5.51,87.93,0.642,0.886,83.07,-43.58,62.01,117.93,0.65,0.743,68.27,-56.84,50.89,237.93,0.859,0.856,31.12,60.47,-88.97,3.35
5,88.57,0.044,0.955,95.41,-3.56,4.55,88.57,0.003,0.907,91.71,-0.2,0.26,88.57,0.838,0.795,74.1,-49.49,68.52,58.57,0.664,0.711,71.02,-13.4,57.9,298.57,0.912,0.908,54.6,88.92,-57.1,4.34
5,137.21,0.287,0.122,10.7,-5.73,3.03,137.21,0.286,0.2,19.64,-8.71,4.64,137.21,0.744,0.635,58.78,-51.34,35.19,92.21,0.652,0.701,66.71,-39.62,51.42,287.21,0.819,0.942,51.95,81.7,-66.47,9.21
5,236.52,0.251,0.069,4.03,0.69,-2.13,236.52,0.167,0.131,10.51,1.26,-3.64,236.52,0.741,0.84,36.83,46.34,-77.14,266.52,0.665,0.597,32.11,41.3,-48.07,26.52,0.967,0.861,56.55,42.39,63.77,7.35
5,351.84,0.218,0.101,7.17,2.85,0.46,351.84,0.205,0.142,11.51,3.81,0.65,351.84,0.787,0.625,35.6,51.14,22.43,36.84,0.472,0.527,47.88,4.2,25.35,141.84,0.905,0.827,74.48,-67.94,47.51,6.2
5,334.91,0.211,0.099,7.09,3.04,-0.55,334.91,0.187,0.177,15.56,4.72,-0.86,334.91,0.509,0.897,62.38,50.38,-4.83,19.91,0.431,0.567,47.37,13.99,18.3,154.91,0.887,0.805,73.24,-59.25,26.39,10.0
5,344.81,0.037,0.993,96.83,3.57,-0.02,344.81,0.028,0.944,93.25,2.59,-0.02,344.81,0.746,0.696,41.0,54.71,12.7,14.81,0.691,0.606,41.29,31.46,31.02,164.81,0.908,0.861,78.43,-55.88,12.48,5.64
5,231.42,0.121,0.14,12.38,0.68,-2.6,231.42,0.214,0.198,16.91,1.76,-6.22,231.42,0.818,0.677,28.71,37.66,-66.1,186.42,0.729,0.513,46.45,-21.16,-12.86,231.42,0.2,0.5,45.09,3.6,-12.57,1.0
5,83.28,0.017,0.952,95.52,-1.24,1.77,83.28,0.067,0.968,96.31,-4.96,7.16,83.28,0.753,0.706,67.54,-37.25,59.28,38.28,0.646,0.637,54.59,7.24,41.32,83.28,0.2,0.5,51.94,-8.56,12.65,3.5
5,177.84,0.018,0.978,97.71,-1.51,-0.44,177.84,0.058,0.92,91.92,-4.56,-1.31,177.84,0.563,0.683,65.63,-29.35,-6.86,222.84,0.51,0.566,39.54,7.57,-31.52,177.84,0.2,0.5,51.44,-9.35,-2.54,3.32
5,119.07,0.028,0.993,98.67,-3.56,2.6,119.07,0.031,0.905,90.86,-3.63,2.65,119.07,0.65,0.662,61.33,-52.33,46.25,149.07,0.781,0.669,61.94,-50.64,25.7,299.07,0.859,0.81,49.72,80.16,-50.96,7.57
5,345.08,0.219,0.114,8.36,3.55,0.07,345.08,0.27,0.187,15.23,6.77,0.23,345.08,0.793,0.67,38.38,55.18,14.98,315.08,0.415,0.786,60.26,41.29,-18.99,195.08,0.891,0.999,74.66,-20.38,-39.16,6.87
5,36.66,0.246,0.068,4.8,0.15,1.46,36.66,0.114,0.163,16.04,0.18,2.2,36.66,0.516,0.889,76.44,7.91,42.41,6.66,0.759,0.791,47.75,52.98,39.99,186.66,0.914,0.871,73.91,-32.44,-22.72,10.0
5,153.88,0.012,0.95,95.35,-1.18,0.27,153.88,0.015,0.9,90.85,-1.43,0.33,153.88,0.788,0.728,67.1,-52.05,21.93,183.88,0.679,0.612,56.71,-25.79,-11.98,303.88,0.995,0.928,55.32,90.7,-50.24,4.41
5,110.17,0.01,0.963,96.56,-1.09,0.92,110.17,0.026,0.938,93.96,-2.88,2.44,110.17,0.528,0.963,88.12,-55.18,52.27,65.17,0.583,0.545,55.72,-14.34,41.57,290.17,0.881,0.857,47.48,79.81,-61.55,4.83
5,28.92,0.9,0.9,62.38,35.76,65.11,318.97,0.044,0.95,92.91,4.84,-2.23,318.97,0.883,0.713,41.41,66.99,-19.44,348.97,0.587,0.722,47.27,45.49,10.9,108.97,0.824,0.875,78.74,-69.54,70.5,1.0
5,314.08,0.189,0.074,4.95,1.86,-0.98,314.08,0.153,0.144,12.6,3.68,-1.92,314.08,0.578,0.852,58.08,60.28,-26.92,269.08,0.789,0.541,25.28,45.6,-50.37,164.08,0.99,0.921,83.08,-61.27,16.9,10.0
5,209.84,0.031,0.986,97.29,-0.59,-2.28,209.84,0.061,0.962,93.67,-1.12,-4.45,209.84,0.765,0.665,43.4,2.38,-40.44,254.84,0.69,0.667,32.28,42.61,-58.6,209.84,0.2,0.5,47.74,-1.85,-8.58,8.1
5,3.52,0.256,0.132,9.98,3.91,1.87,3.52,0.293,0.138,10.16,4.71,2.27,3.52,0.738,0.728,43.53,51.16,34.47,48.52,0.603,0.72,66.97,-3.22,48.33,183.52,0.805,0.994,87.47,-40.55,-18.75,5.54
5,147.12,0.9,0.9,80.61,-69.74,42.33,173.55,0.23,0.186,18.55,-4.94,-0.79,173.55,0.821,0.791,73.54,-43.8,-2.57,218.55,0.621,0.596,39.06,7.47,-36.84,23.55,0.969,0.917,57.96,50.06,65.77,1.0
5,257.41,0.037,0.972,94.72,2.56,-4.15,257.41,0.009,0.921,92.4,0.57,-0.93,257.41,0.604,0.746,41.28,40.91,-55.76,227.41,0.65,0.57,32.31,17.33,-43.63,257.41,0.2,0.5,44.7,8.4,-13.11,7.54
5,72.02,0.212,0.077,6.07,-1.18,2.16,72.02,0.107,0.202,21.15,-1.73,3.33,72.02,0.551,0.71,70.39,-21.72,47.8,102.02,0.619,0.519,49.85,-34.67,37.55,222.02,0.859,0.81,39.3,30.45,-68.72,6.27
5,210.25,0.219,0.128,10.53,-0.64,-3.02,210.25,0.201,0.171,15.46,-0.75,-3.56,210.25,0.79,0.75,47.6,4.38,-46.36,165.25,0.459,0.71,68.15,-30.28,2.57,30.25,0.877,0.801,57.36,29.11,59.13,8.33
5,277.35,0.043,0.997,96.74,4.22,-4.46,277.35,0.053,0.939,91.03,4.95,-5.22,277.35,0.641,0.747,44.09,52.7,-51.21,232.35,0.644,0.551,29.37,21.58,-45.45,277.35,0.2,0.5,45.48,11.45,-11.84,8.11
5,92.41,0.1,0.4,42.44,-4.23,5.03,92.41,0.1,0.4,42.44,-4.23,5.03,92.41,0.1,0.4,42.44,-4.23,5.03,62.41,0.1,0.4,42.87,-2.18,5.71,302.41,0.1,0.4,40.24,6.08,-4.09,1.0
5,2.57,0.9,0.9,49.29,70.51,55.69,289.93,0.145,0.212,19.97,4.73,-3.92,289.93,0.576,0.838,55.69,58.8,-45.69,244.93,0.418,0.549,37.53,16.97,-31.87,79.93,0.947,0.85,79.52,-46.28,77.06,1.0
5,123.13,0.124,0.059,4.33,-0.92,0.62,123.13,0.167,0.134,12.58,-3.99,2.78,123.13,0.607,0.059,3.74,-3.91,2.66,153.13,0.6,0.605,57.47,-37.55,13.75,303.13,0.844,0.96,58.7,89.81,-51.78,5.13
5,119.91,0.029,0.952,95.06,-3.6,2.59,119.91,0.04,0.912,91.28,-4.72,3.41,119.91,0.695,0.642,59.34,-53.68,47.87,149.91,0.655,0.548,52.0,-38.2,16.83,269.91,0.919,0.995,42.71,81.2,-89.61,7.71
5,241.84,0.158,0.099,7.2,1.08,-2.47,241.84,0.122,0.167,15.09,1.4,-3.4,241.84,0.598,0.705,36.89,32.85,-56.82,211.84,0.555,0.667,49.3,-0.23,-31.34,31.84,0.877,0.889,64.38,29.07,65.16,7.78
5,226.19,0.284,0.068,3.99,0.35,-2.03,226.19,0.159,0.218,20.23,0.83,-4.61,226.19,0.648,0.607,35.06,16.91,-44.93,196.19,0.454,0.712,62.45,-13.52,-17.62,46.19,0.856,0.985,83.3,3.7,79.28,5.32
5,91.57,0.04,0.988,98.26,-3.53,4.24,91.57,0.06,0.977,97.0,-5.19,6.24,91.57,0.695,0.802,75.17,-45.89,60.45,46.57,0.759,0.544,49.35,0.23,46.03,241.57,0.956,0.937,30.81,73.79,-101.31,4.1
5,152.34,0.1,0.4,42.21,-4.93,1.32,152.34,0.1,0.4,42.21,-4.93,1.32,152.34,0.1,0.4,42.21,-4.93,1.32,182.34,0.1,0.4,42.23,-3.66,-1.51,302.34,0.1,0.4,40.24,6.08,-4.1,1.0
5,221.87,0.9,0.9,41.88,36.8,-77.57,6.89,0.062,0.926,89.83,4.15,2.42,6.89,0.69,0.717,45.43,44.33,31.94,36.89,0.454,0.561,51.08,4.12,25.62,156.89,0.978,0.938,84.0,-67.84,30.48,3.24
5,172.77,0.9,0.9,82.32,-50.71,-0.75,252.01,0.024,0.936,92.58,1.42,-2.65,252.01,0.71,0.855,39.62,53.01,-74.63,207.01,0.555,0.526,41.06,-4.02,-22.94,102.01,0.801,0.802,73.37,-59.41,65.35,2.92
5,295.13,0.276,0.135,10.14,6.57,-4.9,295.13,0.262,0.138,10.64,6.37,-4.76,295.13,0.738,0.775,48.14,69.7,-48.45,340.13,0.678,0.552,34.15,42.96,3.14,115.13,0.82,0.98,86.79,-79.23,76.35,7.57
5,325.43,0.9,0.9,51.05,78.25,-10.54,196.28,0.059,0.943,92.98,-2.72,-3.05,196.28,0.873,0.744,56.14,-15.02,-32.03,151.28,0.68,0.514,48.86,-36.85,15.58,346.28,0.939,0.958,51.9,77.72,36.17,1.0
5,256.44,0.147,0.113,8.88,1.69,-2.76,256.44,0.229,0.161,12.7,3.65,-5.84,256.44,0.697,0.808,39.17,51.14,-68.43,301.44,0.779,0.608,38.58,61.19,-37.14,256.44,0.2,0.5,44.66,8.26,-13.17,3.2
5,223.35,0.114,0.071,5.04,0.09,-0.89,223.35,0.167,0.157,13.79,0.43,-3.5,223.35,0.77,0.759,39.64,24.5,-60.51,193.35,0.694,0.776,64.04,-20.47,-24.47,73.35,0.871,0.831,79.46,-35.34,75.32,7.64
5,309.44,0.047,0.977,95.05,5.66,-3.35,309.44,0.012,0.97,96.63,1.43,-0.85,309.44,0.516,0.842,60.19,55.44,-29.07,339.44,0.712,0.778,47.02,58.87,5.02,129.44,0.916,0.822,73.68,-71.82,63.08,3.54
5,161.38,0.12,0.123,11.5,-2.04,0.2,161.38,0.294,0.177,17.23,-6.72,0.83,161.38,0.594,0.853,79.13,-45.09,9.21,116.38,0.693,0.596,55.52,-49.24,45.21,341.38,0.974,0.833,45.1,70.95,24.92,8.14
5,57.18,0.256,0.121,11.28,-1.54,5.23,57.18,0.137,0.132,12.79,-0.93,2.99,57.18,0.835,0.121,10.61,-3.67,13.39,102.18,0.468,0.712,68.19,-35.16,37.08,237.18,0.901,0.804,27.92,59.69,-86.54,1.0
5,171.05,0.1,0.4,42.3,-4.24,-0.48,171.05,0.1,0.4,42.3,-4.24,-0.48,171.05,0.1,0.4,42.3,-4.24,-0.48,201.05,0.1,0.4,41.28,-1.77,-2.91,321.05,0.1,0.4,40.14,5.42,-2.29,1.0
5,356.3,0.024,0.973,96.03,2.07,0.53,356.3,0.052,0.944,91.71,4.34,1.14,356.3,0.754,0.862,49.77,63.4,34.23,41.3,0.584,0.682,60.68,3.48,41.19,176.3,0.928,0.891,81.86,-47.39,-6.52,4.82
5,108.86,0.9,0.9,80.39,-74.09,75.1,32.68,0.141,0.178,17.42,0.55,2.74,32.68,0.56,0.679,57.19,10.82,34.96,62.68,0.783,0.756,75.27,-19.52,68.72,242.68,0.975,0.802,25.53,66.14,-90.33,5.02
5,85.42,0.215,0.149,14.54,-3.49,4.89,85.42,0.115,0.16,16.15,-2.0,2.77,85.42,0.517,0.66,64.6,-27.24,40.52,130.42,0.579,0.792,73.01,-53.28,38.43,265.42,0.836,0.972,42.73,74.34,-86.34,6.59
5,190.5,0.026,0.978,97.36,-1.54,-1.15,190.5,0.001,0.957,96.15,-0.09,-0.07,190.5,0.785,0.635,53.6,-20.99,-20.07,145.5,0.552,0.677,63.86,-40.96,19.89,190.5,0.2,0.5,50.15,-6.61,-4.99,3.14
5,42.81,0.218,0.147,13.83,-0.2,4.31,42.81,0.131,0.205,21.0,-0.2,3.43,42.81,0.781,0.832,70.2,6.6,63.52,12.81,0.424,0.505,40.88,16.3,14.04,192.81,0.872,0.813,64.15,-21.53,-29.49,9.93
5,356.24,0.9,0.9,48.86,72.19,49.52,343.1,0.012,0.941,94.02,1.12,-0.05,343.1,0.563,0.72,48.26,44.65,4.19,13.1,0.567,0.792,57.0,32.86,29.34,193.1,0.803,0.976,76.84,-24.75,-32.56,1.0
5,104.06,0.1,0.4,42.27,-5.02,4.78,104.06,0.1,0.4,42.27,-5.02,4.78,104.06,0.1,0.4,42.27,-5.02,4.78,134.06,0.1,0.4,42.12,-5.59,3.08,284.06,0.1,0.4,40.0,5.11,-4.74,1.0
5,194.91,0.031,0.974,96.68,-1.55,-1.57,194.91,0.048,0.914,90.89,-2.28,-2.32,194.91,0.692,0.797,64.58,-18.96,-26.63,239.91,0.604,0.713,36.75,32.98,-58.26,344.91,0.867,0.861,47.71,70.11,24.06,6.82
5,340.44,0.245,0.122,9.03,4.39,-0.31,340.44,0.154,0.174,15.78,3.68,-0.3,340.44,0.897,0.857,47.31,71.49,17.75,310.44,0.566,0.535,37.59,41.54,-21.01,160.44,0.881,0.874,79.31,-59.19,19.07,8.96
5,58.8,0.032,0.991,98.94,-1.32,3.81,58.8,0.028,0.948,95.17,-1.11,3.21,58.8,0.568,0.693,69.78,-12.39,49.73,28.8,0.781,0.557,41.63,19.51,39.6,208.8,0.963,0.942,54.12,12.56,-63.65,5.2
5,200.09,0.04,0.963,95.17,-1.58,-2.36,200.09,0.046,0.927,91.82,-1.75,-2.63,200.09,0.712,0.8,60.65,-12.3,-33.08,230.09,0.572,0.505,30.53,14.51,-36.34,20.09,0.965,0.945,57.49,56.91,65.89,4.97
5,87.26,0.014,0.995,99.35,-1.14,1.49,87.26,0.037,0.931,93.41,-2.91,3.82,87.26,0.79,0.873,81.06,-49.78,71.52,117.26,0.467,0.676,64.05,-40.31,34.03,297.26,0.864,0.954,57.13,90.16,-59.69,3.52
5,58.09,0.234,0.131,12.59,-1.6,5.18,58.09,0.282,0.201,20.84,-2.67,8.99,58.09,0.89,0.722,71.23,-13.96,70.33,103.09,0.449,0.641,62.09,-31.56,32.64,208.09,0.97,0.846,49.36,10.06,-57.61,8.45
5,238.32,0.028,0.964,94.66,1.12,-3.19,238.32,0.064,0.914,87.62,2.54,-7.1,238.32,0.862,0.886,31.98,62.95,-91.86,193.32,0.661,0.57,48.44,-16.03,-18.37,88.32,0.891,0.806,74.74,-51.82,71.14,5.31
5,154.53,0.039,0.986,97.93,-4.0,0.88,154.53,0.069,0.901,89.87,-6.49,1.46,154.53,0.887,0.702,64.64,-53.49,24.03,184.53,0.403,0.515,50.17,-15.4,-7.39,334.53,0.871,0.968,54.27,79.28,5.9,5.74
5,168.67,0.262,0.142,13.4,-4.68,-0.19,168.67,0.147,0.174,17.52,-3.17,-0.17,168.67,0.564,0.749,70.91,-35.87,0.95,138.67,0.619,0.783,72.15,-52.88,32.66,318.67,0.858,0.83,48.59,74.7,-22.52,8.34
5,242.91,0.02,0.974,96.13,0.95,-2.33,242.91,0.008,0.901,90.56,0.37,-0.91,242.91,0.522,0.658,38.69,25.87,-46.77,272.91,0.505,0.647,43.15,35.39,-37.83,62.91,0.956,0.952,92.19,-25.34,89.26,4.15
5,235.75,0.009,0.977,97.23,0.33,-1.07,235.75,0.025,0.942,93.01,0.88,-2.79,235.75,0.812,0.831,33.22,51.56,-81.7,190.75,0.647,0.577,50.49,-18.28,-16.25,85.75,0.925,0.83,76.96,-51.52,74.09,4.9
5,221.36,0.243,0.138,10.9,0.43,-4.45,221.36,0.118,0.154,14.17,0.17,-2.34,221.36,0.659,0.138,6.25,2.23,-11.64,191.36,0.631,0.639,55.46,-19.01,-17.79,41.36,0.987,0.859,67.66,15.56,71.72,5.04
5,99.21,0.239,0.093,7.65,-3.0,2.99,99.21,0.203,0.212,21.62,-5.6,5.9,99.21,0.546,0.621,59.79,-34.64,38.94,144.21,0.624,0.698,65.08,-46.7,24.78,309.21,0.865,0.862,51.67,80.77,-38.48,9.64
5,271.77,0.203,0.107,7.83,2.21,-3.11,271.77,0.126,0.204,19.28,3.11,-3.63,271.77,0.815,0.797,37.97,64.72,-68.63,316.77,0.684,0.721,46.14,59.43,-22.81,121.77,0.929,0.874,77.83,-76.83,72.87,6.83
5,272.58,0.278,0.122,8.33,4.57,-5.17,272.58,0.261,0.219,18.13,7.11,-8.02,272.58,0.554,0.89,55.44,50.31,-53.61,302.58,0.613,0.52,35.9,45.29,-27.49,92.58,0.941,0.864,78.79,-61.06,75.56,9.86
5,132.02,0.9,0.9,80.1,-75.93,63.98,88.45,0.172,0.174,17.58,-3.38,4.4,88.45,0.819,0.853,79.04,-51.34,71.48,58.45,0.781,0.533,54.2,-11.26,51.9,238.45,0.81,0.928,35.87,60.7,-91.56,2.91
5,71.49,0.208,0.068,5.23,-0.93,1.74,71.49,0.188,0.2,20.78,-2.91,5.82,71.49,0.685,0.645,63.96,-23.22,53.34,116.49,0.454,0.648,61.8,-37.75,32.03,281.49,0.896,0.891,44.41,78.47,-71.63,7.19
5,253.83,0.037,0.985,95.83,2.38,-4.22,253.83,0.075,0.919,87.4,4.61,-8.09,253.83,0.576,0.783,44.22,38.72,-56.46,208.83,0.658,0.621,44.28,-1.53,-32.4,253.83,0.2,0.5,44.56,7.87,-13.33,7.34
5,128.43,0.007,0.97,97.18,-0.83,0.51,128.43,0.04,0.95,94.71,-4.64,2.87,128.43,0.702,0.761,69.5,-59.78,47.52,83.43,0.483,0.763,74.19,-27.66,43.01,278.43,0.997,0.859,39.16,76.96,-75.75,6.27
5,257.48,0.1,0.4,39.58,3.38,-5.4,257.48,0.1,0.4,39.58,3.38,-5.4,257.48,0.1,0.4,39.58,3.38,-5.4,302.48,0.1,0.4,40.24,6.08,-4.09,77.48,0.1,0.4,42.65,-3.22,5.37,1.0
5,309.5,0.198,0.105,7.93,3.07,-1.9,309.5,0.14,0.199,18.84,4.6,-2.67,309.5,0.644,0.887,58.37,69.53,-35.09,339.5,0.738,0.702,41.84,55.61,5.46,99.5,0.867,0.989,88.48,-71.39,80.63,10.0
5,296.36,0.242,0.063,3.91,1.86,-1.42,296.36,0.233,0.209,18.27,8.16,-5.97,296.36,0.67,0.724,47.2,62.38,-42.51,266.36,0.455,0.573,39.61,26.51,-32.28,86.36,0.974,1.0,90.58,-62.36,86.16,7.95
5,265.36,0.04,0.968,94.31,3.13,-4.23,265.36,0.061,0.978,93.64,4.91,-6.61,265.36,0.779,0.725,33.72,55.71,-64.94,310.36,0.747,0.519,32.47,50.3,-24.17,55.36,0.853,0.984,91.53,-12.84,85.8,3.93
5,354.18,0.9,0.9,48.92,72.36,45.9,168.4,0.066,0.936,93.13,-5.75,-0.32,168.4,0.655,0.672,63.65,-36.75,1.92,198.4,0.556,0.741,61.33,-13.47,-23.59,348.4,0.915,0.826,44.93,68.63,33.54,1.0
5,12.78,0.048,0.964,94.23,2.66,2.3,12.78,0.001,0.906,91.6,0.07,0.06,12.78,0.732,0.641,41.72,37.34,34.14,57.78,0.759,0.743,73.18,-13.55,65.76,192.78,0.822,0.863,68.62,-22.95,-29.6,6.37
5,49.52,0.044,0.996,98.86,-0.94,4.69,49.52,0.037,0.965,96.25,-0.77,3.78,49.52,0.645,0.857,78.54,-4.52,59.82,94.52,0.726,0.762,71.18,-47.89,59.57,199.52,0.928,0.8,56.02,-8.99,-40.39,1.88
5,65.39,0.034,1.0,99.71,-1.77,4.08,65.39,0.037,0.958,96.0,-1.86,4.3,65.39,0.698,0.73,72.54,-20.45,61.06,110.39,0.495,0.631,60.26,-37.25,34.75,275.39,0.808,0.813,40.35,66.9,-66.98,6.1
5,109.69,0.003,0.969,97.18,-0.29,0.25,109.69,0.058,0.926,92.3,-6.19,5.31,109.69,0.752,0.798,72.73,-61.64,61.59,64.69,0.578,0.772,76.82,-18.43,54.81,259.69,0.833,0.864,36.03,65.63,-81.78,6.07
5,18.65,0.1,0.4,40.85,2.18,2.82,18.65,0.1,0.4,40.85,2.18,2.82,18.65,0.1,0.4,40.85,2.18,2.82,348.65,0.1,0.4,39.99,4.48,0.39,198.65,0.1,0.4,41.4,-2.01,-2.73,1.0
5,29.64,0.276,0.142,12.18,1.37,4.25,29.64,0.155,0.158,14.94,0.78,2.58,29.64,0.764,0.142,8.78,5.15,9.47,359.64,0.768,0.518,29.35,42.58,26.06,239.64,0.842,0.857,31.08,61.32,-89.17,1.0
5,272.02,0.008,0.996,99.03,0.73,-0.87,272.02,0.029,0.954,93.88,2.55,-3.0,272.02,0.59,0.672,40.68,42.47,-45.54,227.02,0.588,0.69,42.28,16.62,-45.88,122.02,0.952,0.934,82.59,-81.15,77.27,5.67
5,220.89,0.9,0.9,42.71,34.65,-76.21,237.2,0.264,0.156,11.54,2.58,-6.83,237.2,0.578,0.71,39.26,27.77,-53.7,192.2,0.513,0.555,49.89,-14.65,-13.83,27.2,0.96,0.846,56.24,40.2,63.03,1.0
5,8.61,0.1,0.4,40.36,3.22,2.11,8.61,0.1,0.4,40.36,3.22,2.11,8.61,0.1,0.4,40.36,3.22,2.11,53.61,0.1,0.4,42.59,-1.37,5.31,218.61,0.1,0.4,40.39,0.03,-4.22,1.0
5,248.41,0.013,0.953,94.87,0.72,-1.49,248.41,0.001,0.97,97.31,0.06,-0.13,248.41,0.641,0.898,45.06,47.22,-71.98,278.41,0.543,0.506,33.23,33.08,-31.91,38.41,0.985,0.963,72.34,23.41,76.27,4.3
5,357.54,0.9,0.9,48.83,72.1,51.68,201.84,0.134,0.127,11.4,-0.86,-1.52,201.84,0.769,0.739,53.72,-8.61,-35.13,246.84,0.674,0.759,36.11,43.21,-66.19,351.84,0.861,0.953,52.45,74.66,39.74,1.0
5,87.97,0.9,0.9,82.58,-56.52,77.81,197.47,0.041,0.907,90.36,-1.74,-2.13,197.47,0.757,0.647,50.38,-13.29,-26.78,227.47,0.605,0.732,43.68,19.01,-49.92,47.47,0.937,0.934,79.5,3.0,79.62,1.0
5,259.01,0.291,0.076,4.36,1.71,-2.8,259.01,0.118,0.168,15.37,1.98,-3.04,259.01,0.843,0.766,31.22,59.94,-75.24,289.01,0.728,0.673,40.14,59.14,-46.37,109.01,0.826,0.984,87.46,-76.36,77.4,6.21
5,325.34,0.004,0.983,98.28,0.44,-0.16,325.34,0.001,0.95,95.54,0.12,-0.04,325.34,0.721,0.844,51.72,67.0,-14.36,280.34,0.468,0.761,53.56,40.55,-38.04,145.34,0.817,0.907,81.4,-67.94,40.56,2.03
5,172.53,0.014,0.968,96.92,-1.25,-0.2,172.53,0.069,0.937,93.23,-5.78,-0.88,172.53,0.585,0.968,89.37,-42.97,-3.0,127.53,0.558,0.695,64.9,-47.33,35.53,352.53,0.939,0.832,44.87,69.09,43.6,4.74
5,92.51,0.015,0.98,97.98,-1.36,1.59,92.51,0.014,0.908,91.66,-1.14,1.34,92.51,0.772,0.834,77.2,-52.06,67.11,47.51,0.62,0.723,66.56,-2.1,49.19,272.51,0.878,0.992,45.18,80.53,-85.01,5.59
5,73.09,0.006,0.988,98.85,-0.35,0.63,73.09,0.056,0.965,96.34,-3.39,6.3,73.09,0.637,0.879,84.67,-29.74,64.19,28.09,0.742,0.725,54.14,23.56,46.33,253.09,0.959,0.935,32.58,74.58,-97.92,5.23
5,225.99,0.007,0.975,97.34,0.1,-0.71,225.99,0.012,0.91,91.26,0.17,-1.16,225.99,0.505,0.789,53.13,13.17,-43.18,180.99,0.765,0.683,64.14,-32.61,-11.03,225.99,0.2,0.5,45.75,2.22,-11.57,5.57
5,302.35,0.23,0.121,9.24,5.15,-3.42,302.35,0.227,0.215,19.01,8.32,-5.49,302.35,0.583,0.897,61.84,67.34,-41.1,272.35,0.488,0.72,48.56,36.99,-40.04,302.35,0.2,0.5,46.41,14.77,-9.75,6.18
5,274.33,0.205,0.051,3.17,0.84,-0.97,274.33,0.247,0.193,15.95,6.18,-6.76,274.33,0.566,0.887,55.04,52.23,-53.88,229.33,0.678,0.525,27.79,19.48,-43.93,274.33,0.2,0.5,45.36,10.98,-12.03,5.58
5,3.44,0.26,0.107,7.49,2.54,1.42,3.44,0.297,0.179,14.15,6.0,2.9,3.44,0.522,0.615,43.29,31.54,17.5,48.44,0.523,0.612,58.41,-3.09,36.98,213.44,0.924,0.898,48.47,19.85,-66.53,7.18
5,75.93,0.253,0.121,11.18,-2.82,5.0,75.93,0.223,0.208,21.59,-3.96,7.04,75.93,0.599,0.871,83.76,-30.63,59.85,120.93,0.639,0.612,57.04,-48.83,42.01,255.93,0.827,0.988,40.34,71.41,-92.64,6.98
5,118.44,0.9,0.9,79.97,-77.83,74.57,194.23,0.029,0.907,90.83,-1.42,-1.37,194.23,0.686,0.853,69.31,-20.82,-27.13,149.23,0.57,0.546,52.28,-34.35,14.61,344.23,0.935,0.983,53.37,79.51,31.98,1.0
5,11.53,0.001,0.98,98.16,0.08,0.07,11.53,0.064,0.96,92.97,3.75,2.98,11.53,0.532,0.98,70.25,38.11,31.34,326.53,0.665,0.641,40.87,50.51,-10.81,161.53,0.939,0.972,87.14,-65.0,20.93,1.66
5,218.78,0.9,0.9,44.56,29.99,-73.18,95.4,0.294,0.149,14.13,-5.62,6.44,95.4,0.555,0.828,77.98,-41.7,50.4,50.4,0.737,0.631,59.02,-4.05,52.69,245.4,0.831,0.995,37.62,69.56,-98.17,1.0
5,358.08,0.033,0.99,96.84,2.82,0.86,358.08,0.002,0.965,96.75,0.18,0.06,358.08,0.62,0.638,40.52,41.99,20.05,313.08,0.581,0.765,52.39,55.84,-25.79,148.08,0.902,0.929,83.01,-71.02,41.98,3.97
5,23.41,0.02,0.983,97.65,0.67,1.29,23.41,0.077,0.934,90.9,2.6,4.87,23.41,0.58,0.983,74.41,27.42,42.82,53.41,0.562,0.688,66.9,-7.61,46.19,203.41,0.881,0.996,65.72,-3.7,-52.75,3.52
5,288.18,0.024,0.99,97.53,2.73,-2.37,288.18,0.034,0.98,96.0,3.78,-3.28,288.18,0.674,0.645,39.74,53.58,-42.75,318.18,0.537,0.521,36.98,37.2,-14.64,138.18,0.892,0.919,81.81,-74.82,56.35,2.63
5,324.88,0.146,0.069,4.74,1.21,-0.44,324.88,0.204,0.187,16.45,5.79,-2.03,324.88,0.518,0.666,47.33,42.35,-12.01,9.88,0.562,0.78,55.12,35.29,27.0,174.88,0.969,0.964,87.61,-52.28,-3.94,8.66
5,346.74,0.025,0.981,96.65,2.32,0.08,346.74,0.027,0.954,94.21,2.44,0.08,346.74,0.685,0.731,44.64,53.04,12.8,301.74,0.454,0.557,42.83,36.78,-23.33,196.74,0.97,0.901,64.65,-13.87,-41.21,4.55
5,328.1,0.028,0.963,94.98,2.92,-0.94,328.1,0.077,0.92,88.19,7.8,-2.45,328.1,0.862,0.963,54.82,80.56,-7.27,13.1,0.447,0.612,48.48,20.11,17.65,148.1,0.963,0.967,85.87,-75.07,46.92,3.45
5,312.1,0.031,0.98,96.24,3.7,-2.07,312.1,0.002,0.922,92.96,0.28,-0.16,312.1,0.701,0.776,49.56,65.62,-29.97,342.1,0.454,0.594,43.9,31.09,0.93,132.1,0.97,0.859,76.66,-74.83,65.42,6.15
5,273.96,0.1,0.4,39.84,4.45,-4.99,273.96,0.1,0.4,39.84,4.45,-4.99,273.96,0.1,0.4,39.84,4.45,-4.99,228.96,0.1,0.4,39.87,1.1,-5.0,123.96,0.1,0.4,42.08,-5.95,4.06,1.0
5,120.27,0.027,0.955,95.38,-3.38,2.42,120.27,0.051,0.926,92.26,-6.2,4.46,120.27,0.753,0.85,76.41,-69.93,63.81,165.27,0.558,0.676,64.46,-34.19,3.63,330.27,0.985,0.842,46.37,74.03,2.95,6.14
5,92.03,0.193,0.123,11.45,-3.0,3.63,92.03,0.119,0.215,22.44,-2.98,3.57,92.03,0.717,0.692,65.51,-42.14,55.0,47.03,0.65,0.632,58.22,-1.27,45.77,302.03,0.897,0.832,50.75,82.65,-48.8,8.77
5,261.53,0.283,0.08,4.7,1.92,-2.97,261.53,0.248,0.191,15.47,5.07,-7.19,261.53,0.618,0.765,42.4,44.67,-56.76,306.53,0.699,0.655,42.59,58.96,-31.99,111.53,0.967,0.97,85.64,-81.84,80.95,8.25
5,138.15,0.25,0.141,13.17,-5.66,2.89,138.15,0.106,0.157,15.6,-2.63,1.3,138.15,0.59,0.845,77.52,-54.3,33.43,183.15,0.534,0.578,55.18,-21.85,-9.28,318.15,0.946,0.835,47.85,77.1,-21.76,8.07
5,215.56,0.048,0.96,93.83,-0.32,-3.91,215.56,0.075,0.932,90.0,-0.45,-6.01,215.56,0.711,0.637,39.94,7.72,-41.72,170.56,0.531,0.672,64.48,-30.69,-0.89,215.56,0.2,0.5,47.03,-0.42,-9.64,7.19
5,356.64,0.9,0.9,48.85,72.16,50.21,163.97,0.201,0.217,22.1,-5.39,0.31,163.97,0.879,0.805,73.84,-52.98,12.36,193.97,0.696,0.613,50.99,-16.52,-20.84,13.97,0.924,0.818,48.09,56.26,55.45,1.0
5,254.33,0.034,0.976,95.27,2.2,-3.85,254.33,0.037,0.932,91.25,2.3,-4.03,254.33,0.845,0.699,27.07,54.74,-72.13,209.33,0.495,0.724,56.62,-3.28,-28.25,44.33,0.969,0.866,71.01,9.39,73.64,6.28
5,120.94,0.254,0.077,5.71,-2.83,1.99,120.94,0.278,0.127,11.32,-6.39,4.73,120.94,0.834,0.627,57.52,-57.77,53.48,90.94,0.787,0.743,69.66,-46.9,62.31,120.94,0.2,0.5,50.8,-14.48,10.66,7.66
5,287.59,0.296,0.131,9.3,6.31,-5.37,287.59,0.102,0.149,13.73,2.38,-2.07,287.59,0.512,0.628,44.05,40.83,-33.39,317.59,0.498,0.501,36.66,33.67,-13.82,77.59,0.972,0.923,86.02,-46.95,83.06,7.64
5,120.0,0.291,0.057,3.92,-1.93,1.38,120.0,0.228,0.198,19.61,-7.69,5.74,120.0,0.688,0.826,74.83,-65.09,58.12,75.0,0.665,0.799,77.25,-30.13,61.13,300.0,0.912,0.982,59.82,95.37,-59.17,8.35
5,18.22,0.211,0.079,5.57,0.95,1.11,18.22,0.127,0.197,19.26,1.58,1.97,18.22,0.587,0.079,4.07,2.46,2.46,63.22,0.451,0.772,77.39,-14.53,43.74,198.22,0.848,0.886,64.76,-14.06,-38.9,5.58
5,283.58,0.225,0.084,5.51,2.43,-2.35,283.58,0.24,0.204,17.39,7.1,-6.53,283.58,0.738,0.835,47.19,68.04,-59.02,313.58,0.781,0.775,47.42,69.52,-29.01,103.58,0.949,0.841,75.81,-68.93,72.86,9.13
5,57.47,0.017,0.951,95.57,-0.62,1.89,57.47,0.01,0.936,94.22,-0.37,1.1,57.47,0.827,0.832,80.58,-14.52,75.5,12.47,0.796,0.63,39.28,40.58,37.37,207.47,0.977,0.818,48.21,8.74,-55.45,3.36
5,41.36,0.216,0.119,10.52,-0.06,3.49,41.36,0.278,0.207,20.19,0.01,7.24,41.36,0.891,0.754,61.43,10.97,62.82,11.36,0.422,0.524,42.08,17.52,13.93,191.36,0.851,0.964,76.82,-27.14,-30.91,10.0
5,206.74,0.045,0.994,97.4,-1.16,-3.15,206.74,0.034,0.934,92.65,-0.84,-2.27,206.74,0.564,0.677,52.15,-4.95,-28.46,236.74,0.442,0.786,52.12,19.97,-44.31,26.74,0.889,0.98,66.13,41.74,67.88,6.46
5,165.54,0.019,0.963,96.39,-1.7,-0.0,165.54,0.005,0.942,94.73,-0.48,-0.0,165.54,0.625,0.812,75.72,-42.89,5.05,195.54,0.752,0.662,52.91,-15.81,-25.2,165.54,0.2,0.5,51.29,-10.53,0.3,1.3
5,154.41,0.9,0.9,80.98,-65.36,30.36,274.36,0.106,0.147,13.39,2.05,-2.29,274.36,0.793,0.803,40.02,64.93,-66.05,244.36,0.581,0.615,33.36,28.86,-48.96,124.36,0.807,0.944,83.75,-77.43,68.97,2.81
5,12.02,0.181,0.147,12.8,2.28,1.86,12.02,0.246,0.15,12.42,3.23,2.64,12.02,0.73,0.78,50.14,44.6,39.69,57.02,0.437,0.631,63.83,-8.67,35.32,162.02,0.881,0.838,76.43,-56.13,15.9,5.87
5,37.8,0.05,0.965,95.48,0.19,4.23,37.8,0.007,0.9,90.97,0.02,0.54,37.8,0.663,0.789,65.94,9.8,50.12,7.8,0.484,0.732,54.11,29.98,20.15,187.8,0.87,0.947,78.95,-32.71,-25.37,2.3
5,147.72,0.113,0.137,13.24,-2.34,0.81,147.72,0.203,0.179,17.74,-5.26,1.89,147.72,0.649,0.801,73.78,-52.17,25.19,117.72,0.631,0.534,50.3,-42.78,37.89,357.72,0.934,0.898,48.36,72.82,54.92,7.86
5,157.98,0.264,0.128,11.64,-4.74,0.87,157.98,0.203,0.145,13.86,-4.07,0.71,157.98,0.686,0.769,71.31,-47.77,14.45,127.98,0.695,0.707,64.99,-56.15,44.73,7.98,0.898,0.871,49.27,64.33,55.14,6.63
5,31.17,0.162,0.14,12.91,0.62,2.5,31.17,0.215,0.194,18.56,1.16,4.43,31.17,0.73,0.14,9.09,4.3,9.45,76.17,0.696,0.648,63.63,-27.31,53.42,241.17,0.963,0.911,29.69,72.42,-99.38,1.43
5,277.65,0.045,0.988,95.85,4.37,-4.6,277.65,0.068,0.973,92.97,6.53,-6.84,277.65,0.865,0.634,30.55,58.11,-56.26,232.65,0.564,0.783,46.22,23.79,-53.3,127.65,0.84,0.928,82.44,-76.95,66.77,5.4
5,275.82,0.9,0.9,41.89,76.76,-77.19,180.19,0.279,0.189,18.79,-5.59,-1.87,180.19,0.604,0.871,81.48,-35.74,-11.08,225.19,0.607,0.515,31.59,11.97,-36.17,330.19,0.97,0.927,51.21,79.54,2.52,2.21
5,7.93,0.011,0.977,97.32,0.7,0.44,7.93,0.039,0.94,92.47,2.49,1.55,7.93,0.599,0.806,54.56,40.98,29.22,52.93,0.508,0.573,56.68,-6.05,36.01,7.93,0.2,0.5,46.56,8.2,5.18,5.82
5,311.54,0.264,0.062,3.77,1.92,-1.07,311.54,0.175,0.186,16.86,5.35,-2.95,311.54,0.761,0.858,53.06,74.99,-34.09,281.54,0.786,0.537,28.48,49.4,-44.46,161.54,0.878,0.803,73.51,-54.57,15.99,10.0
5,311.47,0.04,0.982,95.92,4.78,-2.71,311.47,0.068,0.931,89.84,7.76,-4.36,311.47,0.721,0.833,52.55,70.93,-32.82,341.47,0.432,0.728,54.26,34.98,0.41,131.47,0.865,0.815,73.28,-69.44,57.65,4.9
5,259.66,0.1,0.4,39.61,3.52,-5.34,259.66,0.1,0.4,39.61,3.52,-5.34,259.66,0.1,0.4,39.61,3.52,-5.34,304.66,0.1,0.4,40.23,6.0,-3.88,79.66,0.1,0.4,42.62,-3.37,5.32,1.0
5,185.8,0.153,0.116,10.48,-1.78,-0.95,185.8,0.289,0.165,15.6,-4.39,-2.33,185.8,0.8,0.794,69.6,-31.12,-18.48,215.8,0.56,0.712,50.32,3.91,-36.39,335.8,0.873,0.845,47.38,71.08,7.34,8.66
5,118.92,0.009,0.976,97.62,-1.12,0.82,118.92,0.04,0.911,91.19,-4.76,3.49,118.92,0.581,0.722,66.96,-51.66,44.61,88.92,0.781,0.502,48.57,-32.89,45.73,298.92,0.801,0.994,61.43,91.15,-58.27,4.42
5,264.58,0.013,0.961,95.67,0.97,-1.34,264.58,0.005,0.908,91.46,0.35,-0.49,264.58,0.763,0.752,35.46,55.99,-66.07,219.58,0.419,0.556,43.34,3.15,-24.01,114.58,0.903,0.855,76.42,-73.73,71.89,5.79
5,60.02,0.022,0.967,96.95,-0.96,2.64,60.02,0.037,0.934,93.97,-1.55,4.31,60.02,0.758,0.881,86.95,-18.55,76.66,15.02,0.575,0.716,52.35,28.95,28.45,60.02,0.2,0.5,52.75,-4.61,13.9,1.9
5,38.12,0.279,0.129,11.25,0.33,4.6,38.12,0.25,0.124,10.75,0.26,3.96,38.12,0.82,0.641,51.98,11.84,51.02,8.12,0.523,0.586,42.59,26.98,18.63,248.12,0.822,0.931,36.13,65.71,-91.51,3.76
5,155.64,0.285,0.1,8.24,-3.44,0.68,155.64,0.17,0.217,22.28,-4.89,1.06,155.64,0.67,0.669,62.77,-43.13,14.76,200.64,0.65,0.65,51.01,-10.33,-26.3,335.64,0.882,0.965,53.81,79.09,8.79,10.0
5,229.7,0.9,0.9,35.85,53.11,-87.5,64.82,0.131,0.123,11.8,-1.14,2.75,64.82,0.599,0.894,87.47,-21.29,63.52,34.82,0.688,0.769,62.26,13.93,48.99,214.82,0.878,0.893,48.7,19.45,-65.41,3.82
5,148.49,0.047,0.976,96.87,-4.95,1.61,148.49,0.042,0.948,94.54,-4.29,1.4,148.49,0.607,0.715,66.83,-45.07,20.45,103.49,0.788,0.715,66.02,-54.65,58.93,328.49,0.867,0.802,45.74,69.94,-5.84,5.06
5,62.27,0.046,0.976,97.59,-2.12,5.46,62.27,0.057,0.909,91.55,-2.47,6.39,62.27,0.608,0.888,87.33,-19.01,64.57,17.27,0.474,0.684,54.26,20.39,22.61,242.27,0.826,0.847,31.48,60.12,-86.95,5.21
5,214.33,0.144,0.08,5.91,-0.12,-1.2,214.33,0.126,0.145,13.26,-0.22,-2.1,214.33,0.829,0.792,45.57,13.51,-55.79,244.33,0.717,0.721,31.64,44.28,-67.92,4.33,0.94,0.852,46.52,67.88,56.21,7.17
5,19.2,0.243,0.104,7.93,1.03,2.12,19.2,0.266,0.147,12.3,2.6,3.39,19.2,0.861,0.9,57.1,49.34,58.21,49.2,0.701,0.72,66.33,-3.29,55.61,199.2,0.915,0.838,59.11,-10.21,-40.95,10.0
5,202.2,0.037,0.992,97.74,-1.3,-2.31,202.2,0.052,0.945,93.08,-1.76,-3.13,202.2,0.65,0.641,49.52,-8.64,-27.3,232.2,0.617,0.551,30.6,19.9,-43.46,52.2,0.95,0.814,74.03,-5.36,74.82,6.09
5,343.15,0.049,0.971,94.22,4.7,-0.18,343.15,0.076,0.903,86.68,6.87,-0.24,343.15,0.798,0.793,45.4,63.53,14.81,313.15,0.725,0.66,41.66,58.72,-25.66,163.15,0.974,0.872,79.04,-59.21,17.36,5.79
5,146.07,0.108,0.086,7.15,-1.37,0.51,146.07,0.27,0.196,19.37,-7.63,3.02,146.07,0.588,0.724,67.65,-45.28,22.12,176.07,0.598,0.552,53.64,-26.56,-4.66,356.07,0.951,0.943,50.62,75.97,56.09,9.91
5,334.34,0.237,0.052,3.15,1.09,-0.21,334.34,0.207,0.183,15.89,5.43,-1.02,334.34,0.898,0.899,50.08,75.57,6.55,289.34,0.605,0.718,46.86,53.86,-42.23,154.34,0.923,0.96,85.75,-69.48,33.24,9.7
5,50.42,0.036,0.972,96.92,-0.82,3.74,50.42,0.071,0.925,92.27,-1.52,7.17,50.42,0.517,0.972,90.03,-6.47,54.52,80.42,0.561,0.799,77.15,-30.48,51.89,260.42,0.905,0.939,36.68,74.23,-91.58,5.52
5,350.33,0.1,0.4,39.99,4.42,0.55,350.33,0.1,0.4,39.99,4.42,0.55,350.33,0.1,0.4,39.99,4.42,0.55,20.33,0.1,0.4,40.94,2.01,2.94,200.33,0.1,0.4,41.31,-1.84,-2.86,1.0
5,123.72,0.184,0.131,12.11,-4.28,2.97,123.72,0.281,0.199,19.5,-9.28,6.6,123.72,0.594,0.894,81.13,-61.83,50.45,93.72,0.721,0.749,70.2,-46.37,58.56,333.72,0.945,0.817,45.05,71.13,7.32,7.65
5,274.47,0.244,0.15,11.66,4.91,-5.37,274.47,0.152,0.194,17.72,3.75,-4.14,274.47,0.721,0.694,37.11,53.75,-54.61,244.47,0.774,0.549,21.4,39.0,-58.19,94.47,0.888,0.946,85.48,-65.24,79.35,6.95
5,128.81,0.9,0.9,80.04,-76.76,67.57,137.35,0.297,0.218,21.59,-9.73,5.2,137.35,0.898,0.743,67.39,-63.92,48.75,107.35,0.451,0.616,59.51,-32.44,31.32,317.35,0.845,0.989,57.98,85.57,-28.17,1.0
5,309.43,0.03,0.995,97.69,3.59,-2.14,309.43,0.055,0.978,94.6,6.63,-3.92,309.43,0.704,0.792,50.71,67.77,-33.72,339.43,0.573,0.68,45.55,44.04,0.73,159.43,0.929,0.96,86.07,-65.86,24.25,4.72
5,147.08,0.008,0.977,97.77,-0.87,0.3,147.08,0.023,0.917,92.19,-2.31,0.8,147.08,0.736,0.875,79.28,-61.33,32.49,192.08,0.431,0.62,56.75,-14.25,-12.89,327.08,0.846,0.858,49.4,73.45,-9.19,5.4
5,262.96,0.035,0.967,94.55,2.63,-3.76,262.96,0.03,0.977,95.72,2.31,-3.29,262.96,0.526,0.832,51.7,40.55,-51.48,292.96,0.488,0.545,39.95,36.62,-27.22,112.96,0.866,0.944,83.85,-77.76,76.44,1.88
5,138.55,0.142,0.125,11.65,-2.91,1.42,138.55,0.13,0.2,20.47,-3.96,1.94,138.55,0.725,0.85,76.97,-63.04,41.82,108.55,0.618,0.761,70.59,-51.0,50.38,288.55,0.889,0.902,48.87,82.43,-65.76,8.94
5,320.97,0.04,0.991,96.6,4.56,-1.97,320.97,0.046,0.902,88.59,4.8,-2.07,320.97,0.535,0.795,55.51,51.35,-17.72,275.97,0.549,0.717,46.1,43.3,-43.53,110.97,0.93,0.849,76.01,-72.69,72.4,4.18
5,97.75,0.007,0.965,96.75,-0.69,0.73,97.75,0.041,0.927,92.88,-3.72,3.95,97.75,0.727,0.616,58.28,-42.55,49.99,142.75,0.438,0.544,52.91,-28.64,14.15,247.75,0.979,0.982,32.77,77.64,-104.51,7.89
5,193.92,0.275,0.062,4.24,-0.86,-0.88,193.92,0.199,0.166,15.72,-2.32,-2.24,193.92,0.503,0.733,64.03,-16.59,-18.22,163.92,0.586,0.638,60.84,-34.42,4.93,13.92,0.817,0.865,53.55,52.19,51.0,10.0
5,93.09,0.018,0.994,99.14,-1.64,1.91,93.09,0.014,0.918,92.48,-1.16,1.34,93.09,0.64,0.878,81.76,-47.44,60.49,48.09,0.465,0.566,54.81,-2.77,30.84,243.09,0.838,0.845,31.03,61.08,-87.38,5.62
5,138.25,0.225,0.094,7.73,-3.33,1.66,138.25,0.178,0.176,17.55,-4.9,2.45,138.25,0.597,0.624,58.69,-43.0,26.32,168.25,0.746,0.518,49.54,-32.59,2.42,288.25,0.867,0.955,51.97,85.26,-68.28,10.0
5,347.28,0.9,0.9,49.2,73.15,32.61,181.1,0.071,0.923,91.85,-5.36,-2.02,181.1,0.639,0.787,73.6,-33.24,-11.4,211.1,0.79,0.542,34.11,3.86,-36.4,31.1,0.864,0.815,59.18,27.54,59.81,1.0
5,44.53,0.032,1.0,99.26,-0.35,3.16,44.53,0.019,0.922,92.73,-0.19,1.7,44.53,0.889,1.0,82.41,7.81,80.42,359.53,0.662,0.741,45.42,50.21,27.41,194.53,0.996,0.963,70.79,-18.46,-40.19,2.53
5,87.23,0.278,0.141,13.47,-4.45,6.04,87.23,0.184,0.186,18.91,-3.74,5.01,87.23,0.566,0.73,70.36,-33.16,47.6,57.23,0.533,0.779,76.94,-11.69,50.68,267.23,0.894,0.871,36.84,71.51,-81.39,6.22
5,96.94,0.3,0.109,9.38,-4.51,4.56,96.94,0.236,0.188,18.87,-5.68,6.28,96.94,0.838,0.109,8.3,-10.2,10.11,126.94,0.777,0.623,57.39,-54.57,45.87,276.94,0.937,0.883,40.72,77.0,-76.61,2.03
5,266.85,0.221,0.079,5.03,1.66,-2.26,266.85,0.285,0.175,13.36,5.92,-7.47,266.85,0.816,0.079,2.0,4.67,-6.75,236.85,0.795,0.693,27.64,44.3,-70.38,116.85,0.819,0.814,73.3,-69.16,65.77,4.48
5,41.13,0.019,0.953,95.35,-0.07,1.67,41.13,0.011,0.919,92.52,-0.04,0.92,41.13,0.672,0.814,69.66,6.15,54.13,86.13,0.404,0.764,74.65,-24.93,35.85,221.13,0.93,0.809,37.03,34.51,-72.2,4.41
5,24.95,0.249,0.084,5.96,0.87,1.67,24.95,0.17,0.132,11.69,1.06,2.21,24.95,0.559,0.656,52.35,17.29,30.17,54.95,0.504,0.541,54.41,-7.07,34.92,174.95,0.945,0.817,75.5,-45.75,-3.83,10.0
5,299.96,0.9,0.9,55.09,88.82,-55.19,104.08,0.022,0.919,92.39,-2.16,2.03,104.08,0.542,0.615,58.92,-36.51,37.82,74.08,0.688,0.647,63.82,-25.4,53.21,254.08,0.848,0.978,38.36,71.8,-94.44,1.0
5,114.87,0.167,0.124,11.4,-3.57,2.84,114.87,0.15,0.21,21.45,-5.04,4.02,114.87,0.725,0.761,69.5,-60.67,57.23,144.87,0.589,0.799,73.99,-49.54,25.27,264.87,0.831,0.841,36.89,65.82,-77.01,6.72
5,129.1,0.045,0.969,96.24,-5.32,3.25,129.1,0.055,0.948,94.15,-6.43,3.93,129.1,0.521,0.624,59.02,-40.68,29.13,99.1,0.779,0.59,55.59,-44.04,50.62,309.1,0.896,0.984,58.25,90.45,-42.73,4.41
5,164.27,0.9,0.9,81.62,-58.09,13.68,287.42,0.157,0.201,18.59,4.75,-4.11,287.42,0.574,0.687,45.57,48.8,-39.76,242.42,0.477,0.777,48.33,26.04,-48.94,107.42,0.931,0.883,79.0,-73.26,74.92,1.0
5,69.4,0.007,0.97,97.32,-0.37,0.76,69.4,0.018,0.92,92.71,-0.98,1.99,69.4,0.857,0.759,74.04,-28.13,70.66,114.4,0.549,0.672,63.15,-44.67,40.13,279.4,0.822,0.967,49.26,79.5,-74.57,5.4
5,252.34,0.1,0.4,39.5,3.04,-5.52,252.34,0.1,0.4,39.5,3.04,-5.52,252.34,0.1,0.4,39.5,3.04,-5.52,297.34,0.1,0.4,40.21,5.99,-4.39,72.34,0.1,0.4,42.73,-2.87,5.49,1.0
5,44.96,0.009,0.993,99.16,-0.1,0.83,44.96,0.069,0.954,94.46,-0.74,6.62,44.96,0.766,0.779,67.76,2.91,60.72,14.96,0.533,0.501,38.12,19.65,19.17,194.96,0.907,0.804,60.95,-17.41,-33.19,5.01
5,55.5,0.267,0.118,10.88,-1.4,4.97,55.5,0.197,0.211,21.94,-1.72,6.32,55.5,0.512,0.703,69.49,-9.17,44.08,100.5,0.734,0.614,57.86,-44.43,49.93,235.5,0.989,0.834,27.4,65.22,-91.9,5.65
5,232.73,0.1,0.4,39.68,1.49,-5.28,232.73,0.1,0.4,39.68,1.49,-5.28,232.73,0.1,0.4,39.68,1.49,-5.28,187.73,0.1,0.4,41.95,-3.12,-1.91,52.73,0.1,0.4,42.54,-1.29,5.25,1.0
5,118.33,0.006,0.973,97.5,-0.75,0.55,118.33,0.0,0.932,93.99,-0.03,0.02,118.33,0.542,0.607,57.34,-42.4,36.22,163.33,0.6,0.698,65.99,-37.86,6.09,268.33,0.908,0.856,36.23,71.37,-80.19,7.48
5,347.2,0.135,0.074,5.21,1.08,0.06,347.2,0.193,0.2,17.79,4.98,0.33,347.2,0.793,0.652,37.25,53.68,17.41,17.2,0.575,0.618,46.25,23.73,26.1,197.2,0.884,0.897,65.69,-15.21,-39.02,7.03
5,135.95,0.1,0.4,42.13,-5.52,2.9,135.95,0.1,0.4,42.13,-5.52,2.9,135.95,0.1,0.4,42.13,-5.52,2.9,180.95,0.1,0.4,42.3,-3.8,-1.41,345.95,0.1,0.4,40.01,4.57,0.13,1.0
5,150.34,0.011,0.976,97.66,-1.1,0.32,150.34,0.052,0.925,92.33,-5.16,1.53,150.34,0.786,0.976,87.35,-67.66,33.45,180.34,0.518,0.605,58.87,-24.1,-7.71,0.34,0.874,0.879,48.07,69.63,52.1,4.88
5,131.52,0.276,0.143,13.2,-6.57,3.99,131.52,0.105,0.219,22.74,-3.61,2.11,131.52,0.784,0.756,68.74,-62.55,49.38,176.52,0.636,0.706,67.12,-33.29,-6.12,341.52,0.925,0.819,44.8,69.38,21.02,8.52
5,233.14,0.045,0.973,94.3,1.37,-4.9,233.14,0.062,0.913,88.02,1.82,-6.44,233.14,0.562,0.973,56.61,29.15,-63.83,203.14,0.643,0.742,56.46,-8.56,-31.31,83.14,0.859,0.925,85.6,-50.46,79.03,3.59
5,24.23,0.249,0.101,7.67,1.28,2.29,24.23,0.148,0.176,16.84,1.22,2.4,24.23,0.642,0.851,63.64,26.75,43.1,69.23,0.643,0.647,64.67,-20.6,51.29,204.23,0.815,0.939,63.49,-4.52,-48.31,10.0
5,279.18,0.047,0.968,94.03,4.55,-4.64,279.18,0.064,0.94,90.44,6.17,-6.28,279.18,0.659,0.882,51.41,62.68,-58.89,309.18,0.672,0.616,40.45,53.85,-27.34,69.18,0.852,0.865,83.32,-30.77,78.06,3.54
5,84.51,0.043,0.986,98.19,-3.32,4.63,84.51,0.064,0.975,96.97,-4.92,6.9,84.51,0.593,0.615,60.15,-28.36,43.54,129.51,0.555,0.548,52.06,-38.55,27.75,294.51,0.998,0.914,51.66,88.5,-62.83,7.26
5,212.12,0.022,0.997,98.64,-0.32,-1.71,212.12,0.029,0.961,95.09,-0.4,-2.18,212.12,0.733,0.616,39.91,4.01,-38.67,257.12,0.612,0.582,31.8,33.72,-46.23,32.12,0.866,0.916,66.64,28.68,66.31,7.26
5,257.81,0.247,0.143,10.69,3.68,-5.68,257.81,0.142,0.219,20.4,2.95,-4.65,257.81,0.809,0.143,3.68,9.88,-16.6,227.81,0.446,0.525,37.66,8.61,-28.12,107.81,0.924,0.941,83.65,-76.97,78.49,4.52
5,62.15,0.007,0.968,97.16,-0.32,0.81,62.15,0.039,0.905,91.32,-1.71,4.39,62.15,0.879,0.83,81.78,-21.21,78.5,32.15,0.601,0.777,63.54,14.12,41.71,272.15,0.906,0.996,44.28,81.72,-87.14,5.69
5,324.5,0.002,0.983,98.35,0.26,-0.1,324.5,0.003,0.964,96.61,0.37,-0.14,324.5,0.832,0.868,50.51,74.4,-14.02,9.5,0.508,0.689,50.77,28.72,21.16,144.5,0.854,0.921,82.37,-70.76,44.6,3.31
5,31.55,0.186,0.082,6.19,0.36,1.44,31.55,0.241,0.207,19.71,1.36,5.3,31.55,0.814,0.082,4.24,1.73,4.54,76.55,0.437,0.578,58.33,-17.22,31.9,241.55,0.817,0.968,36.53,66.21,-96.24,1.58
5,85.96,0.9,0.9,82.89,-54.25,78.2,313.72,0.171,0.178,16.04,4.97,-2.59,313.72,0.793,0.619,37.68,58.78,-24.39,268.72,0.636,0.766,43.12,49.37,-55.58,163.72,0.964,0.983,88.13,-64.22,17.76,3.8
5,324.25,0.034,0.955,93.89,3.66,-1.4,324.25,0.042,0.946,92.6,4.45,-1.7,324.25,0.613,0.897,58.7,62.66,-16.78,9.25,0.729,0.631,39.83,40.06,32.03,144.25,0.856,0.833,75.16,-65.56,41.5,1.54
5,48.74,0.188,0.12,11.02,-0.58,3.41,48.74,0.127,0.18,18.31,-0.57,3.24,48.74,0.82,0.779,69.63,-1.53,65.91,78.74,0.751,0.624,60.91,-30.11,54.41,48.74,0.2,0.5,51.39,-1.89,12.01,6.73
5,47.73,0.046,0.968,96.33,-0.78,4.62,47.73,0.025,0.969,96.78,-0.43,2.46,47.73,0.742,0.968,84.96,-1.22,72.49,77.73,0.747,0.506,50.17,-24.71,46.06,227.73,0.814,0.854,39.2,38.96,-75.23,3.13
5,269.99,0.159,0.126,10.23,2.54,-3.07,269.99,0.234,0.193,16.06,5.47,-6.52,269.99,0.879,0.727,31.92,62.44,-68.25,299.99,0.78,0.672,42.82,66.68,-41.76,89.99,0.818,0.899,82.62,-55.06,74.16,5.98
5,115.12,0.9,0.9,80.08,-76.85,74.71,358.98,0.143,0.131,11.07,2.31,0.78,358.98,0.706,0.832,49.34,58.27,33.08,328.98,0.447,0.713,53.08,37.99,-8.64,178.98,0.845,0.932,85.67,-45.28,-11.45,1.0
5,285.84,0.279,0.078,4.77,2.67,-2.49,285.84,0.138,0.123,10.28,2.68,-2.4,285.84,0.879,0.805,42.57,73.99,-62.11,255.84,0.531,0.702,42.54,32.77,-47.13,285.84,0.2,0.5,45.84,12.76,-11.27,4.23
5,183.56,0.015,0.978,97.75,-1.13,-0.52,183.56,0.01,0.96,96.29,-0.74,-0.34,183.56,0.785,0.978,86.35,-39.73,-18.35,138.56,0.758,0.514,48.1,-43.64,29.02,3.56,0.95,0.942,51.04,74.21,61.5,2.56
5,308.91,0.1,0.4,40.2,5.85,-3.47,308.91,0.1,0.4,40.2,5.85,-3.47,308.91,0.1,0.4,40.2,5.85,-3.47,278.91,0.1,0.4,39.91,4.78,-4.87,158.91,0.1,0.4,42.24,-4.69,0.69,1.0
5,206.37,0.249,0.127,10.41,-1.08,-3.15,206.37,0.284,0.163,13.92,-1.46,-4.42,206.37,0.617,0.792,58.75,-5.35,-34.83,236.37,0.443,0.668,44.75,17.15,-38.66,56.37,0.831,0.894,85.0,-13.62,79.26,10.0
5,249.24,0.002,0.96,96.35,0.1,-0.19,249.24,0.017,0.954,94.57,0.98,-1.97,249.24,0.614,0.96,50.08,47.51,-72.61,279.24,0.496,0.739,50.55,41.51,-39.59,99.24,0.894,0.84,76.31,-63.74,71.96,2.95
5,339.86,0.29,0.057,3.3,1.47,-0.12,339.86,0.223,0.124,9.48,4.04,-0.34,339.86,0.759,0.635,37.33,52.31,6.08,24.86,0.779,0.558,39.98,23.62,37.81,129.86,0.956,0.927,82.12,-79.59,71.2,9.17
5,279.55,0.9,0.9,43.77,78.34,-74.05,225.49,0.066,0.952,91.54,0.96,-6.36,225.49,0.683,0.88,48.87,24.92,-63.21,255.49,0.447,0.719,48.26,27.16,-40.57,15.49,0.913,0.918,54.7,59.04,60.72,1.0
5,343.16,0.048,0.978,94.86,4.61,-0.18,343.16,0.049,0.915,89.41,4.4,-0.17,343.16,0.778,0.978,56.18,73.83,16.64,28.16,0.777,0.785,57.46,26.83,51.7,193.16,0.81,0.966,75.96,-24.42,-32.6,4.05
5,26.92,0.013,0.959,95.87,0.32,0.86,26.92,0.062,0.926,91.04,1.6,4.17,26.92,0.822,0.959,66.89,36.49,63.04,356.92,0.663,0.754,46.24,51.25,24.64,176.92,0.92,0.985,89.62,-50.42,-8.2,1.8
5,20.12,0.147,0.113,9.57,1.04,1.49,20.12,0.152,0.139,12.51,1.29,1.84,20.12,0.684,0.784,55.68,32.18,40.86,350.12,0.685,0.774,46.99,54.88,17.89,170.12,0.989,0.935,84.77,-56.25,5.45,8.32
5,189.2,0.1,0.4,41.88,-2.97,-2.02,189.2,0.1,0.4,41.88,-2.97,-2.02,189.2,0.1,0.4,41.88,-2.97,-2.02,219.2,0.1,0.4,40.36,0.09,-4.27,339.2,0.1,0.4,40.04,4.8,-0.53,1.0
5,157.1,0.183,0.139,13.2,-3.57,0.68,157.1,0.173,0.206,21.0,-4.73,0.9,157.1,0.624,0.759,70.85,-44.6,13.4,187.1,0.683,0.512,46.37,-20.01,-12.78,7.1,0.906,0.805,45.2,61.59,52.01,7.5
5,133.88,0.04,0.977,97.03,-4.68,2.55,133.88,0.008,0.964,96.61,-0.97,0.52,133.88,0.881,0.618,56.77,-55.95,44.62,88.88,0.612,0.77,73.32,-38.16,53.02,343.88,0.974,0.857,46.27,72.11,30.84,8.56
5,217.26,0.004,0.965,96.7,-0.02,-0.38,217.26,0.034,0.933,92.21,-0.11,-2.8,217.26,0.811,0.685,38.12,15.43,-51.91,187.26,0.576,0.735,66.33,-24.07,-15.14,67.26,0.824,0.8,78.19,-26.21,72.78,6.4
5,316.26,0.9,0.9,52.28,81.55,-27.4,294.23,0.146,0.127,10.76,3.22,-2.48,294.23,0.714,0.897,55.71,76.15,-53.94,249.23,0.495,0.751,46.55,29.28,-48.05,84.23,0.954,0.856,79.3,-52.05,76.73,1.0
5,102.67,0.259,0.144,13.57,-5.37,5.34,102.67,0.256,0.181,17.83,-6.45,6.42,102.67,0.597,0.758,70.99,-46.01,49.3,147.67,0.449,0.501,48.95,-26.39,11.01,282.67,0.967,0.876,42.91,79.44,-72.0,7.4
5,307.22,0.226,0.075,4.9,2.39,-1.48,307.22,0.272,0.171,13.91,8.02,-4.78,307.22,0.652,0.781,51.74,64.27,-34.53,277.22,0.746,0.657,34.99,54.04,-52.39,157.22,0.926,0.976,87.17,-68.32,28.53,10.0
5,118.11,0.02,0.991,98.73,-2.53,1.87,118.11,0.047,0.98,97.1,-5.88,4.38,118.11,0.815,0.682,62.29,-60.57,56.95,148.11,0.444,0.696,66.57,-33.98,13.99,328.11,0.805,0.846,49.43,70.79,-8.63,6.61
5,157.32,0.9,0.9,81.15,-63.37,25.47,290.3,0.06,0.912,88.5,6.46,-5.38,290.3,0.54,0.858,58.63,56.65,-43.87,245.3,0.708,0.744,33.29,45.01,-68.67,80.3,0.982,0.865,80.6,-48.48,78.59,1.0
5,129.34,0.9,0.9,80.05,-76.63,67.01,303.73,0.003,0.949,95.28,0.39,-0.26,303.73,0.787,0.711,44.62,68.61,-39.34,273.73,0.579,0.775,47.67,47.58,-49.55,93.73,0.866,0.901,82.02,-61.1,75.76,1.03
5,320.03,0.251,0.078,4.94,2.53,-1.09,320.03,0.174,0.182,16.36,4.94,-2.13,320.03,0.666,0.078,3.11,5.57,-2.17,290.03,0.759,0.573,33.69,54.0,-41.51,140.03,0.904,0.871,77.99,-71.44,52.11,4.28
5,264.26,0.033,0.974,95.25,2.59,-3.59,264.26,0.0,0.927,93.54,0.01,-0.02,264.26,0.825,0.716,31.24,57.43,-67.76,294.26,0.788,0.794,47.78,73.49,-51.91,54.26,0.985,0.829,76.93,-8.69,77.85,5.93
5,204.69,0.019,0.956,95.25,-0.57,-1.25,204.69,0.076,0.942,91.7,-2.15,-4.86,204.69,0.613,0.705,53.75,-6.8,-30.07,174.69,0.64,0.57,54.96,-29.07,-3.71,354.69,0.971,0.892,47.79,73.21,53.12,7.58
5,162.69,0.288,0.128,11.61,-4.96,0.46,162.69,0.126,0.205,21.15,-3.29,0.24,162.69,0.875,0.683,63.45,-47.35,12.33,132.69,0.401,0.613,59.21,-31.14,19.69,162.69,0.2,0.5,51.26,-10.8,0.96,6.34
5,163.14,0.213,0.118,10.67,-3.45,0.25,163.14,0.112,0.167,16.83,-2.45,0.15,163.14,0.607,0.884,81.75,-46.2,7.82,208.14,0.518,0.608,47.85,-3.72,-24.89,343.14,0.853,0.836,46.69,68.39,19.21,8.08
5,123.34,0.001,0.964,96.76,-0.14,0.09,123.34,0.069,0.903,89.86,-8.01,5.49,123.34,0.674,0.635,58.88,-51.62,43.61,78.34,0.49,0.731,71.83,-24.01,42.81,303.34,0.952,0.842,50.65,83.92,-47.53,7.46
5,151.85,0.185,0.142,13.53,-3.83,1.09,151.85,0.215,0.191,19.05,-5.71,1.66,151.85,0.667,0.667,62.45,-44.43,18.35,106.85,0.498,0.716,67.96,-39.75,39.14,301.85,0.925,0.842,51.09,84.1,-49.78,8.39
5,355.97,0.1,0.4,39.96,4.24,1.1,355.97,0.1,0.4,39.96,4.24,1.1,355.97,0.1,0.4,39.96,4.24,1.1,325.97,0.1,0.4,40.11,5.25,-1.81,175.97,0.1,0.4,42.33,-4.05,-0.95,1.0
5,172.77,0.176,0.081,6.41,-1.57,-0.24,172.77,0.224,0.171,16.84,-4.51,-0.64,172.77,0.629,0.661,63.09,-33.27,-2.38,142.77,0.668,0.565,53.24,-42.0,23.77,352.77,0.852,0.848,46.88,67.73,36.69,8.88
5,224.21,0.007,0.977,97.52,0.08,-0.7,224.21,0.031,0.935,92.38,0.34,-2.85,224.21,0.709,0.639,35.31,18.61,-49.42,254.21,0.753,0.771,34.09,52.76,-71.32,74.21,0.852,0.978,91.83,-40.84,84.49,4.92
5,7.34,0.042,0.996,97.1,2.92,1.75,7.34,0.019,0.968,96.01,1.27,0.76,7.34,0.766,0.774,46.8,51.8,40.07,52.34,0.643,0.56,54.38,-5.79,43.6,157.34,0.863,0.957,85.92,-65.27,25.24,3.15
5,114.48,0.168,0.125,11.55,-3.61,2.89,114.48,0.257,0.143,13.32,-6.17,5.03,114.48,0.889,0.125,9.61,-15.71,12.33,159.48,0.428,0.737,70.63,-31.15,6.25,294.48,0.992,0.881,49.88,86.01,-61.04,3.22
5,104.29,0.187,0.099,8.34,-2.17,2.36,104.29,0.113,0.169,17.02,-2.76,2.62,104.29,0.671,0.814,75.0,-54.52,57.66,74.29,0.66,0.764,74.36,-28.32,58.78,284.29,0.806,0.904,48.94,77.0,-66.1,9.25
5,147.57,0.163,0.141,13.52,-3.46,1.22,147.57,0.294,0.17,16.31,-7.25,2.72,147.57,0.616,0.831,76.52,-51.77,24.56,192.57,0.611,0.752,64.14,-20.02,-20.82,297.57,0.825,0.995,60.3,91.67,-60.3,9.85
5,347.31,0.9,0.9,49.2,73.15,32.67,103.92,0.171,0.191,19.36,-4.62,4.44,103.92,0.571,0.632,60.18,-38.98,40.71,148.92,0.428,0.6,58.19,-29.0,11.4,253.92,0.942,0.978,34.92,76.79,-100.25,1.0
5,293.69,0.107,0.05,3.43,0.58,-0.46,293.69,0.246,0.188,15.95,7.64,-5.85,293.69,0.662,0.798,51.2,65.47,-47.03,248.69,0.625,0.623,32.12,33.67,-52.09,293.69,0.2,0.5,46.17,13.99,-10.73,4.82
5,257.27,0.018,0.957,94.89,1.23,-2.01,257.27,0.047,0.924,89.84,3.1,-5.04,257.27,0.862,0.732,28.61,58.47,-74.61,212.27,0.536,0.609,45.64,-0.18,-28.39,77.27,0.811,0.921,86.65,-41.53,77.97,5.91
5,281.85,0.034,0.975,95.53,3.42,-3.33,281.85,0.057,0.966,93.17,5.83,-5.65,281.85,0.59,0.701,44.57,48.28,-43.49,326.85,0.605,0.729,48.27,51.78,-11.61,131.85,0.869,0.875,78.17,-73.39,60.83,5.75
5,267.15,0.01,0.989,98.29,0.79,-1.03,267.15,0.013,0.964,95.87,1.07,-1.4,267.15,0.688,0.805,42.31,54.78,-62.77,297.15,0.598,0.79,53.82,61.48,-41.54,57.15,0.97,0.863,82.54,-14.22,81.98,3.17
5,169.86,0.9,0.9,82.06,-53.34,4.18,54.82,0.013,0.964,96.66,-0.41,1.4,54.82,0.643,0.881,83.81,-11.1,64.43,99.82,0.653,0.619,58.85,-40.48,45.69,234.82,0.915,0.864,30.87,61.2,-90.57,3.96
5,33.7,0.155,0.071,5.19,0.17,0.97,33.7,0.26,0.213,20.37,1.19,6.1,33.7,0.532,0.714,60.99,9.55,35.07,78.7,0.78,0.783,74.79,-36.98,66.74,213.7,0.82,0.889,51.81,13.36,-59.81,8.17
5,187.83,0.9,0.9,75.05,-31.34,-24.93,349.67,0.119,0.153,13.99,2.37,0.26,349.67,0.64,0.615,38.77,43.17,12.11,19.67,0.566,0.73,55.44,24.37,30.68,199.67,0.813,0.86,62.53,-12.08,-38.65,2.77
5,190.25,0.9,0.9,72.59,-27.27,-28.69,232.19,0.244,0.201,16.57,2.21,-7.29,232.19,0.555,0.746,44.85,21.75,-50.12,262.19,0.701,0.792,39.6,52.93,-65.25,52.19,0.908,0.843,76.78,-5.96,75.91,1.0
5,224.57,0.175,0.058,3.74,0.13,-0.96,224.57,0.18,0.179,15.95,0.66,-4.33,224.57,0.615,0.854,51.81,18.4,-54.78,179.57,0.426,0.58,57.27,-20.34,-6.12,224.57,0.2,0.5,45.92,1.86,-11.31,6.51
5,172.14,0.027,0.964,96.29,-2.36,-0.35,172.14,0.042,0.941,93.99,-3.56,-0.52,172.14,0.626,0.849,79.17,-40.77,-2.13,127.14,0.526,0.72,67.3,-46.49,34.66,322.14,0.997,0.925,51.86,82.28,-13.48,2.66
5,353.09,0.225,0.138,10.88,4.09,0.83,353.09,0.166,0.161,14.1,3.39,0.66,353.09,0.863,0.827,45.56,66.76,37.36,23.09,0.574,0.79,60.94,22.9,35.2,203.09,0.906,0.98,64.31,-3.29,-52.74,7.79
5,107.11,0.1,0.4,42.23,-5.22,4.71,107.11,0.1,0.4,42.23,-5.22,4.71,107.11,0.1,0.4,42.23,-5.22,4.71,62.11,0.1,0.4,42.88,-2.16,5.72,257.11,0.1,0.4,39.57,3.35,-5.41,1.0
5,354.51,0.025,0.998,98.07,2.22,0.47,354.51,0.04,0.938,91.87,3.42,0.74,354.51,0.68,0.7,42.63,49.72,21.32,309.51,0.552,0.657,46.43,48.18,-25.03,204.51,0.852,0.843,56.07,-2.61,-46.4,7.42
5,255.89,0.231,0.138,10.34,3.19,-5.18,255.89,0.28,0.176,13.24,4.87,-7.77,255.89,0.774,0.603,25.82,44.91,-59.39,285.89,0.588,0.769,49.79,53.85,-45.06,255.89,0.2,0.5,44.64,8.17,-13.2,1.15
5,15.08,0.014,0.965,96.16,0.7,0.72,15.08,0.069,0.928,90.17,3.47,3.51,15.08,0.679,0.714,48.9,35.05,34.96,345.08,0.494,0.779,54.87,41.61,4.64,195.08,0.908,0.895,67.2,-18.53,-36.38,5.8
5,37.16,0.031,0.956,95.2,0.15,2.58,37.16,0.067,0.979,96.19,0.37,5.78,37.16,0.647,0.736,61.87,9.48,45.87,67.16,0.635,0.589,59.57,-17.53,47.37,187.16,0.812,0.834,71.52,-30.52,-21.15,3.06
5,181.99,0.039,0.955,95.28,-2.95,-1.2,181.99,0.072,0.921,91.65,-5.3,-2.14,181.99,0.568,0.777,72.74,-29.81,-11.28,226.99,0.688,0.735,39.96,23.67,-56.39,331.99,0.822,0.982,56.28,79.11,-1.62,4.27
5,189.07,0.1,0.4,41.89,-2.98,-2.01,189.07,0.1,0.4,41.89,-2.98,-2.01,189.07,0.1,0.4,41.89,-2.98,-2.01,219.07,0.1,0.4,40.37,0.08,-4.26,39.07,0.1,0.4,41.86,0.1,4.28,1.0
5,172.45,0.16,0.097,8.17,-1.31,-0.29,172.45,0.142,0.213,21.97,-3.49,-0.5,172.45,0.522,0.86,80.83,-35.96,-2.86,217.45,0.727,0.64,38.48,10.76,-44.48,322.45,0.993,0.856,48.02,77.49,-12.44,8.63
5,42.02,0.002,0.98,98.23,-0.01,0.17,42.02,0.027,0.926,92.83,-0.14,2.42,42.02,0.775,0.855,71.5,7.78,64.02,12.02,0.538,0.728,53.33,29.79,25.07,222.02,0.931,0.841,37.76,37.65,-75.69,6.88
5,338.59,0.041,0.961,93.94,3.95,-0.52,338.59,0.043,0.918,90.07,4.01,-0.52,338.59,0.604,0.783,51.0,51.95,0.7,23.59,0.673,0.569,42.53,20.93,32.33,128.59,0.876,0.903,80.35,-76.33,66.58,4.84
5,334.13,0.017,0.988,97.84,1.72,-0.38,334.13,0.076,0.952,90.9,7.65,-1.6,334.13,0.771,0.631,37.16,53.63,-0.63,4.13,0.752,0.769,45.73,53.8,37.5,334.13,0.2,0.5,45.97,12.14,-2.29,7.56
5,134.94,0.9,0.9,80.18,-75.04,60.33,328.81,0.16,0.189,17.31,4.44,-1.3,328.81,0.67,0.669,42.34,52.04,-8.69,298.81,0.705,0.65,42.44,60.49,-39.11,178.81,0.808,0.984,90.02,-46.71,-11.58,1.94
5,309.81,0.9,0.9,53.31,84.24,-38.73,299.79,0.284,0.145,11.13,7.53,-5.17,299.79,0.598,0.844,58.13,66.24,-42.47,269.79,0.728,0.766,39.24,56.62,-62.0,89.79,0.989,0.801,73.72,-56.52,72.52,1.0
5,65.12,0.023,0.975,97.65,-1.15,2.67,65.12,0.008,0.903,91.3,-0.4,0.92,65.12,0.8,0.76,75.12,-22.46,69.27,95.12,0.688,0.667,63.25,-41.74,51.3,215.12,0.877,0.821,44.66,18.53,-61.51,6.8
5,56.82,0.9,0.9,85.63,-14.31,82.81,116.04,0.032,0.903,90.69,-3.67,2.82,116.04,0.519,0.685,64.45,-44.09,38.47,146.04,0.766,0.699,64.48,-53.11,29.5,326.04,0.943,0.804,45.1,72.28,-7.21,3.38
5,294.13,0.033,0.987,96.71,3.98,-3.12,294.13,0.022,0.979,96.81,2.58,-2.03,294.13,0.573,0.664,45.66,50.32,-36.17,324.13,0.734,0.744,45.56,61.76,-14.54,84.13,0.926,0.904,83.4,-53.23,79.48,3.6
5,348.16,0.9,0.9,49.16,73.03,34.37,52.07,0.023,0.907,91.45,-0.57,2.28,52.07,0.888,0.719,66.43,-5.38,66.46,82.07,0.771,0.601,58.32,-32.4,53.22,202.07,0.891,0.956,64.35,-6.03,-49.28,1.0
5,241.97,0.1,0.4,39.35,2.38,-5.77,241.97,0.1,0.4,39.35,2.38,-5.77,241.97,0.1,0.4,39.35,2.38,-5.77,271.97,0.1,0.4,39.8,4.32,-5.04,91.97,0.1,0.4,42.44,-4.2,5.04,1.0
5,224.66,0.148,0.11,8.78,0.33,-2.33,224.66,0.229,0.172,14.44,0.88,-5.35,224.66,0.709,0.711,39.08,21.06,-54.27,254.66,0.46,0.747,49.13,28.66,-43.25,224.66,0.2,0.5,45.91,1.88,-11.32,3.61
5,324.59,0.114,0.14,12.62,2.51,-0.92,324.59,0.133,0.154,13.9,3.16,-1.16,324.59,0.742,0.872,52.83,70.29,-15.55,294.59,0.56,0.748,51.74,54.4,-38.8,114.59,0.832,0.896,80.01,-74.07,71.72,7.18
5,246.66,0.006,0.997,99.26,0.34,-0.73,246.66,0.027,0.957,94.11,1.44,-3.12,246.66,0.71,0.667,29.86,41.52,-62.58,201.66,0.759,0.532,39.44,-7.3,-26.53,36.66,0.918,0.852,64.54,21.49,67.14,7.61
5,286.97,0.1,0.4,40.04,5.31,-4.66,286.97,0.1,0.4,40.04,5.31,-4.66,286.97,0.1,0.4,40.04,5.31,-4.66,241.97,0.1,0.4,39.35,2.38,-5.77,106.97,0.1,0.4,42.23,-5.21,4.72,1.0
5,308.95,0.1,0.4,40.2,5.85,-3.46,308.95,0.1,0.4,40.2,5.85,-3.46,308.95,0.1,0.4,40.2,5.85,-3.46,353.95,0.1,0.4,39.97,4.3,0.9,158.95,0.1,0.4,42.24,-4.69,0.69,1.0
5,126.65,0.163,0.111,9.84,-3.24,2.12,126.65,0.127,0.145,14.11,-3.17,2.06,126.65,0.517,0.622,58.85,-40.84,30.51,81.65,0.71,0.689,66.52,-33.67,56.02,306.65,0.931,0.812,48.44,79.82,-40.88,9.34
5,328.17,0.9,0.9,50.73,77.4,-5.33,286.98,0.021,0.967,95.73,2.23,-1.98,286.98,0.565,0.607,40.6,43.31,-35.62,241.98,0.586,0.7,37.29,31.83,-55.44,106.98,0.916,0.829,74.69,-69.04,71.05,1.0
5,146.9,0.202,0.14,13.2,-4.28,1.58,146.9,0.192,0.183,18.23,-5.09,1.89,146.9,0.885,0.735,67.11,-59.27,35.4,101.9,0.609,0.549,52.64,-35.7,38.7,146.9,0.2,0.5,51.08,-12.25,4.62,6.01
5,359.62,0.029,0.959,94.44,2.39,0.83,359.62,0.023,0.949,94.03,1.85,0.64,359.62,0.555,0.611,40.89,36.14,17.35,329.62,0.494,0.654,47.14,38.93,-7.97,359.62,0.2,0.5,45.66,10.23,3.78,5.25
5,206.94,0.9,0.9,55.77,4.32,-55.06,139.32,0.027,0.926,92.9,-2.88,1.34,139.32,0.692,0.853,77.48,-61.07,38.95,109.32,0.646,0.549,52.01,-41.05,40.24,289.32,0.979,0.837,44.5,79.95,-63.57,1.0
5,183.06,0.19,0.122,11.08,-2.48,-1.07,183.06,0.11,0.17,17.13,-1.94,-0.84,183.06,0.633,0.122,9.81,-7.27,-3.06,138.06,0.675,0.704,65.14,-51.96,33.58,3.06,0.962,0.934,50.41,74.33,61.71,3.48
5,138.04,0.007,0.975,97.6,-0.81,0.39,138.04,0.026,0.969,96.7,-2.91,1.41,138.04,0.81,0.657,60.44,-55.17,38.85,108.04,0.45,0.551,53.64,-29.8,28.43,288.04,0.986,0.86,44.88,81.1,-66.35,5.83
5,148.38,0.1,0.4,42.19,-5.07,1.7,148.38,0.1,0.4,42.19,-5.07,1.7,148.38,0.1,0.4,42.19,-5.07,1.7,103.38,0.1,0.4,42.28,-4.97,4.79,328.38,0.1,0.4,40.1,5.17,-1.58,1.0
5,313.83,0.1,0.4,40.18,5.68,-2.99,313.83,0.1,0.4,40.18,5.68,-2.99,313.83,0.1,0.4,40.18,5.68,-2.99,283.83,0.1,0.4,39.99,5.1,-4.74,163.83,0.1,0.4,42.27,-4.51,0.22,1.0
5,146.98,0.217,0.121,10.86,-4.04,1.49,146.98,0.262,0.181,17.73,-6.88,2.61,146.98,0.544,0.805,74.9,-45.95,21.16,191.98,0.784,0.637,52.81,-19.37,-21.62,296.98,0.86,0.95,56.77,89.56,-59.66,9.54
5,213.94,0.1,0.4,40.63,-0.45,-3.87,213.94,0.1,0.4,40.63,-0.45,-3.87,213.94,0.1,0.4,40.63,-0.45,-3.87,258.94,0.1,0.4,39.6,3.47,-5.36,3.94,0.1,0.4,40.13,3.7,1.77,1.0
5,296.28,0.04,0.989,96.5,4.91,-3.7,296.28,0.037,0.969,94.97,4.48,-3.38,296.28,0.87,0.699,41.56,70.59,-47.76,266.28,0.472,0.556,37.64,26.88,-32.66,86.28,0.977,0.868,79.8,-55.79,77.43,3.76
5,33.25,0.172,0.077,5.8,0.24,1.25,33.25,0.202,0.218,21.37,0.94,4.76,33.25,0.55,0.712,60.24,10.44,35.97,3.25,0.652,0.693,43.88,43.97,26.96,213.25,0.94,0.818,43.88,18.83,-62.33,7.77
5,42.73,0.035,0.985,97.85,-0.24,3.3,42.73,0.044,0.907,90.78,-0.27,3.87,42.73,0.641,0.615,54.94,2.7,42.11,72.73,0.619,0.678,67.12,-23.41,50.95,42.73,0.2,0.5,50.67,-0.43,11.0,6.02
5,279.54,0.039,0.968,94.55,3.82,-3.88,279.54,0.071,0.901,86.72,6.58,-6.64,279.54,0.625,0.701,42.62,49.88,-46.69,309.54,0.532,0.557,40.11,40.76,-21.32,129.54,0.855,0.866,77.45,-72.99,62.1,5.78
5,101.05,0.165,0.079,6.21,-1.62,1.58,101.05,0.126,0.195,20.09,-3.33,3.36,101.05,0.519,0.645,61.98,-35.05,38.01,56.05,0.448,0.537,54.67,-7.21,31.37,251.05,0.933,0.809,27.95,65.55,-87.22,6.0
5,220.64,0.251,0.073,4.63,0.12,-1.9,220.64,0.133,0.196,18.63,0.19,-3.22,220.64,0.638,0.641,40.2,10.94,-41.83,190.64,0.788,0.675,56.64,-21.82,-21.29,40.64,0.906,0.994,78.11,16.02,77.95,8.07
5,255.17,0.048,0.981,94.72,3.16,-5.4,255.17,0.015,0.92,91.81,0.93,-1.61,255.17,0.864,0.604,22.55,49.77,-64.95,300.17,0.674,0.507,33.83,48.47,-30.63,45.17,0.861,0.844,71.61,4.91,69.84,5.64
5,108.88,0.228,0.133,12.32,-4.82,4.28,108.88,0.3,0.204,20.13,-9.05,8.16,108.88,0.723,0.658,61.13,-51.19,51.3,63.88,0.499,0.724,72.84,-15.29,45.64,318.88,0.83,0.947,55.72,81.58,-24.81,9.38
5,74.46,0.1,0.4,42.7,-3.01,5.44,74.46,0.1,0.4,42.7,-3.01,5.44,74.46,0.1,0.4,42.7,-3.01,5.44,44.46,0.1,0.4,42.13,-0.45,4.66,254.46,0.1,0.4,39.53,3.18,-5.47,1.0
5,232.95,0.013,0.958,95.33,0.38,-1.41,232.95,0.07,0.909,87.11,2.02,-7.18,232.95,0.81,0.774,32.53,44.04,-74.49,277.95,0.621,0.617,37.34,44.02,-42.43,82.95,0.915,0.803,75.16,-46.78,72.53,6.2
5,267.66,0.1,0.4,39.74,4.04,-5.15,267.66,0.1,0.4,39.74,4.04,-5.15,267.66,0.1,0.4,39.74,4.04,-5.15,297.66,0.1,0.4,40.21,6.01,-4.39,117.66,0.1,0.4,42.09,-5.93,4.49,1.0
5,308.56,0.037,0.997,97.38,4.49,-2.72,308.56,0.028,0.972,95.81,3.33,-2.02,308.56,0.63,0.82,54.71,64.56,-33.62,278.56,0.704,0.718,40.26,55.95,-53.05,308.56,0.2,0.5,46.32,14.24,-8.3,4.13
5,284.6,0.01,0.974,97.06,1.06,-0.98,284.6,0.049,0.913,89.22,4.87,-4.5,284.6,0.811,0.69,37.37,62.64,-53.44,254.6,0.745,0.534,23.4,38.63,-52.51,74.6,0.984,0.976,91.03,-44.87,87.64,4.44
5,210.76,0.243,0.092,6.53,-0.42,-2.33,210.76,0.283,0.202,17.69,-1.0,-5.84,210.76,0.567,0.773,56.77,-1.1,-35.16,240.76,0.607,0.649,33.3,31.04,-54.21,0.76,0.846,0.873,48.35,67.91,49.36,8.6
5,135.61,0.276,0.123,10.89,-5.64,3.1,135.61,0.121,0.203,20.89,-3.8,2.02,135.61,0.773,0.61,56.45,-51.38,37.04,180.61,0.488,0.652,63.16,-24.28,-8.03,315.61,0.949,0.944,54.32,85.71,-28.61,9.97
5,88.94,0.009,0.992,99.2,-0.74,0.93,88.94,0.017,0.96,96.19,-1.4,1.77,88.94,0.638,0.824,77.76,-41.74,58.02,43.94,0.659,0.789,69.53,2.35,53.62,238.94,0.874,0.996,35.46,71.18,-102.03,6.51
5,7.55,0.155,0.095,7.23,1.43,0.84,7.55,0.14,0.129,11.1,1.8,1.1,7.55,0.787,0.868,51.75,58.01,45.99,37.55,0.739,0.574,47.7,9.34,42.63,187.55,0.991,0.947,77.98,-32.37,-26.91,9.4
5,265.73,0.239,0.076,4.69,1.63,-2.27,265.73,0.285,0.138,9.74,4.73,-6.12,265.73,0.862,0.694,29.43,58.19,-67.32,220.73,0.735,0.709,40.17,17.01,-52.23,55.73,0.966,0.852,80.33,-11.62,80.18,6.7
5,287.91,0.1,0.4,40.06,5.37,-4.64,287.91,0.1,0.4,40.06,5.37,-4.64,287.91,0.1,0.4,40.06,5.37,-4.64,257.91,0.1,0.4,39.59,3.41,-5.39,137.91,0.1,0.4,42.14,-5.45,2.71,1.0
5,196.81,0.142,0.114,10.0,-1.08,-1.28,196.81,0.223,0.2,19.12,-2.65,-3.22,196.81,0.85,0.753,56.78,-14.69,-32.4,226.81,0.768,0.533,26.06,21.79,-48.06,16.81,0.871,0.901,55.56,53.58,57.84,9.62
5,294.28,0.036,0.974,95.45,4.31,-3.37,294.28,0.069,0.91,87.89,7.76,-6.03,294.28,0.864,0.974,56.53,89.89,-63.54,339.28,0.534,0.652,45.1,39.89,-0.07,144.28,0.935,0.912,81.36,-73.01,49.44,3.08
5,142.91,0.9,0.9,80.43,-71.86,48.94,63.07,0.128,0.182,18.88,-1.47,3.77,63.07,0.743,0.664,66.86,-17.58,59.79,108.07,0.499,0.59,56.74,-34.59,33.39,213.07,0.804,0.93,55.34,11.75,-60.06,1.0
5,169.34,0.021,0.979,97.7,-1.94,-0.16,169.34,0.007,0.974,97.6,-0.65,-0.06,169.34,0.75,0.655,61.82,-38.66,1.91,139.34,0.741,0.636,58.98,-50.64,33.01,19.34,0.926,0.93,57.17,54.81,63.39,3.83
5,35.29,0.1,0.4,41.68,0.48,4.01,35.29,0.1,0.4,41.68,0.48,4.01,35.29,0.1,0.4,41.68,0.48,4.01,5.29,0.1,0.4,40.2,3.56,1.87,185.29,0.1,0.4,42.08,-3.36,-1.73,1.0
5,187.85,0.9,0.9,75.03,-31.31,-24.96,332.79,0.167,0.172,15.41,4.19,-0.93,332.79,0.848,0.603,34.15,54.73,-0.12,2.79,0.745,0.738,43.68,52.79,35.13,182.79,0.871,0.809,72.95,-36.24,-15.59,2.89
5,205.57,0.032,0.959,95.02,-0.88,-2.1,205.57,0.066,0.969,94.37,-1.81,-4.44,205.57,0.709,0.874,61.68,-5.11,-41.94,175.57,0.636,0.627,60.18,-30.82,-4.76,205.57,0.2,0.5,48.27,-2.91,-7.79,2.04
5,56.99,0.044,0.962,96.25,-1.59,5.0,56.99,0.078,0.948,94.7,-2.72,8.72,56.99,0.595,0.749,73.84,-11.73,54.11,86.99,0.528,0.617,60.57,-27.13,38.93,236.99,0.805,0.99,39.35,61.13,-94.58,6.13
5,210.06,0.175,0.138,12.16,-0.58,-2.57,210.06,0.234,0.141,11.82,-0.74,-3.49,210.06,0.628,0.836,59.07,-0.68,-40.68,255.06,0.464,0.603,39.82,24.31,-36.47,30.06,0.91,0.856,60.1,32.9,63.58,7.76
5,339.19,0.034,0.961,94.34,3.28,-0.4,339.19,0.029,0.938,92.7,2.74,-0.33,339.19,0.742,0.801,47.5,61.98,6.02,294.19,0.766,0.58,35.28,56.47,-39.98,159.19,0.816,0.893,81.02,-58.9,19.17,3.09
5,223.61,0.196,0.079,5.32,0.22,-1.81,223.61,0.202,0.137,11.15,0.51,-3.79,223.61,0.756,0.635,33.56,20.35,-51.68,253.61,0.519,0.779,47.38,33.83,-50.75,13.61,0.965,0.869,49.9,61.8,59.93,6.1
5,349.59,0.026,0.995,97.79,2.38,0.23,349.59,0.028,0.969,95.42,2.5,0.24,349.59,0.522,0.895,60.87,48.12,10.93,34.59,0.64,0.515,43.34,8.92,32.88,169.59,0.843,0.897,81.93,-52.11,3.68,1.0
5,304.46,0.002,0.989,98.89,0.29,-0.19,304.46,0.017,0.923,92.19,1.95,-1.28,304.46,0.697,0.989,63.51,82.45,-47.0,334.46,0.404,0.716,54.92,33.46,-4.57,124.46,0.835,0.954,84.45,-79.17,71.3,3.43
5,232.09,0.045,0.985,95.41,1.3,-4.94,232.09,0.004,0.967,96.84,0.1,-0.39,232.09,0.896,0.985,37.87,61.61,-96.46,202.09,0.42,0.58,50.42,-7.44,-16.65,82.09,0.866,0.932,86.32,-49.77,80.01,5.02
5,142.48,0.028,0.965,96.28,-3.0,1.26,142.48,0.079,0.923,91.59,-8.25,3.52,142.48,0.676,0.965,86.77,-64.87,37.85,97.48,0.591,0.798,74.91,-44.12,51.56,322.48,0.95,0.839,47.44,75.89,-13.77,5.12
5,302.23,0.039,0.953,93.5,4.79,-3.27,302.23,0.029,0.976,96.12,3.65,-2.5,302.23,0.657,0.758,50.64,64.74,-39.18,332.23,0.677,0.651,40.82,50.62,-4.81,92.23,1.0,0.955,85.96,-67.97,82.48,1.02
5,216.07,0.143,0.113,9.4,-0.11,-2.0,216.07,0.106,0.154,14.51,-0.11,-1.92,216.07,0.799,0.842,48.15,15.79,-59.0,246.07,0.409,0.606,41.99,18.3,-33.65,36.07,0.884,0.846,64.37,20.99,65.31,8.65
5,200.93,0.218,0.104,8.18,-0.52,-2.02,200.93,0.241,0.162,14.58,-1.91,-3.27,200.93,0.768,0.636,47.21,-8.95,-30.21,245.93,0.555,0.641,36.32,28.56,-48.05,50.93,0.908,0.806,72.71,-3.74,72.55,8.35
5,86.14,0.042,0.988,98.36,-3.32,4.48,86.14,0.027,0.951,95.3,-2.09,2.81,86.14,0.831,0.867,80.46,-50.14,73.41,131.14,0.459,0.566,54.46,-33.32,22.28,296.14,0.867,0.806,47.92,78.65,-53.38,6.34
5,184.6,0.1,0.4,42.11,-3.43,-1.68,184.6,0.1,0.4,42.11,-3.43,-1.68,184.6,0.1,0.4,42.11,-3.43,-1.68,139.6,0.1,0.4,42.15,-5.39,2.55,34.6,0.1,0.4,41.64,0.55,3.96,1.0
5,18.53,0.015,0.978,97.36,0.66,0.86,18.53,0.049,0.906,89.35,2.07,2.68,18.53,0.766,0.758,50.78,38.08,44.43,63.53,0.595,0.625,63.47,-15.12,47.63,198.53,0.959,0.941,65.49,-10.85,-45.41,5.89
5,307.59,0.021,0.983,97.22,2.56,-1.58,307.59,0.005,0.942,94.62,0.55,-0.34,307.59,0.518,0.609,44.3,43.22,-23.82,262.59,0.749,0.754,35.62,54.45,-66.2,307.59,0.2,0.5,46.33,14.32,-8.53,7.62
5,29.32,0.9,0.9,62.67,35.04,65.33,217.57,0.284,0.155,12.32,0.1,-5.34,217.57,0.671,0.709,44.75,9.59,-44.92,247.57,0.473,0.679,43.29,24.8,-42.56,37.57,0.952,0.965,72.39,23.66,75.33,1.0
5,344.85,0.185,0.149,12.62,3.78,0.05,344.85,0.248,0.198,16.64,6.51,0.17,344.85,0.51,0.149,8.4,10.87,0.53,29.85,0.458,0.631,54.69,9.51,25.52,164.85,0.991,0.885,80.25,-58.8,14.95,5.39
5,316.15,0.291,0.05,2.93,1.42,-0.7,316.15,0.269,0.171,13.85,7.48,-3.56,316.15,0.685,0.672,43.08,56.38,-22.27,1.15,0.678,0.696,42.56,47.72,28.02,106.15,0.836,0.848,76.68,-66.64,69.56,8.74
5,211.06,0.013,0.991,98.55,-0.22,-0.97,211.06,0.004,0.956,95.89,-0.07,-0.33,211.06,0.676,0.819,55.47,1.93,-43.95,241.06,0.737,0.665,27.65,42.19,-65.94,1.06,0.83,0.961,53.49,72.21,51.98,5.67
5,279.96,0.005,0.959,96.08,0.44,-0.44,279.96,0.078,0.917,87.63,7.42,-7.43,279.96,0.568,0.709,45.56,46.14,-43.09,309.96,0.675,0.73,47.59,61.56,-30.44,129.96,0.867,0.845,75.74,-71.9,61.16,5.72
5,305.08,0.122,0.132,11.6,2.86,-1.84,305.08,0.254,0.155,12.5,6.95,-4.35,305.08,0.776,0.6,37.69,59.24,-32.91,260.08,0.455,0.612,41.42,25.8,-35.3,125.08,0.876,0.812,72.92,-71.01,64.36,7.15
5,61.6,0.283,0.118,11.04,-2.04,5.54,61.6,0.24,0.219,22.98,-2.93,8.34,61.6,0.53,0.729,73.42,-14.48,48.9,106.6,0.569,0.729,68.49,-45.07,45.24,241.6,0.993,0.891,28.48,72.33,-98.48,6.48
5,51.28,0.002,0.985,98.65,-0.05,0.21,51.28,0.009,0.91,91.89,-0.22,0.94,51.28,0.575,0.629,60.63,-5.38,42.83,21.28,0.48,0.574,46.93,15.18,21.42,261.28,0.888,0.969,38.83,75.58,-92.35,8.86
5,105.11,0.046,0.996,98.71,-4.94,4.58,105.11,0.031,0.935,93.62,-3.2,2.96,105.11,0.781,0.799,72.97,-60.37,63.77,60.11,0.708,0.583,59.79,-13.2,52.6,315.11,0.968,0.836,48.16,78.55,-26.79,6.08
5,280.39,0.019,0.988,97.68,1.88,-1.89,280.39,0.001,0.938,94.49,0.05,-0.05,280.39,0.818,0.789,40.86,67.98,-62.6,325.39,0.581,0.65,44.05,45.96,-11.9,100.39,0.96,0.996,88.49,-76.6,83.45,4.95
5,248.38,0.0,0.99,99.1,0.02,-0.04,248.38,0.039,0.942,91.87,2.15,-4.42,248.38,0.885,0.685,23.93,55.03,-75.28,278.38,0.594,0.741,45.99,49.23,-47.16,98.38,0.884,0.856,77.74,-63.52,72.77,5.95
5,286.98,0.294,0.056,3.2,1.58,-1.44,286.98,0.218,0.188,16.21,6.26,-5.42,286.98,0.894,0.883,46.93,80.48,-66.26,256.98,0.781,0.582,24.77,44.26,-57.7,136.98,0.877,0.917,81.67,-74.66,56.96,9.7
5,45.53,0.254,0.13,11.86,-0.46,4.73,45.53,0.174,0.186,18.67,-0.47,4.36,45.53,0.695,0.668,60.02,0.78,49.99,0.53,0.493,0.641,45.22,32.78,15.55,255.53,0.838,0.944,37.87,69.52,-90.4,7.13
5,331.36,0.185,0.109,8.21,3.15,-0.78,331.36,0.192,0.158,13.51,4.51,-1.11,331.36,0.589,0.109,5.03,8.29,-1.48,301.36,0.768,0.637,40.6,62.93,-38.3,181.36,0.971,0.984,88.24,-44.96,-16.33,5.12
5,1.25,0.274,0.083,5.12,2.21,0.85,1.25,0.183,0.165,14.29,3.53,1.43,1.25,0.839,0.701,39.04,56.59,40.49,316.25,0.408,0.627,48.94,33.61,-14.95,181.25,0.865,0.849,77.63,-39.72,-13.98,6.81
5,294.93,0.008,0.974,97.17,0.96,-0.74,294.93,0.074,0.98,93.59,8.91,-6.83,294.93,0.6,0.881,58.85,66.1,-46.59,264.93,0.745,0.679,32.75,50.6,-59.58,114.93,0.957,0.971,85.64,-82.85,80.73,3.27
5,46.41,0.244,0.058,4.13,-0.18,1.32,46.41,0.175,0.126,11.72,-0.41,3.2,46.41,0.709,0.796,70.8,0.11,59.01,76.41,0.685,0.683,66.73,-28.33,54.96,196.41,0.984,0.983,70.13,-14.97,-43.98,9.39
5,346.53,0.262,0.134,9.98,4.88,0.29,346.53,0.103,0.215,21.08,2.8,0.11,346.53,0.811,0.83,47.02,65.86,21.98,31.53,0.464,0.556,48.92,7.64,23.98,196.53,0.9,0.88,64.82,-15.86,-37.88,8.34
5,126.28,0.015,0.993,99.04,-1.88,1.2,126.28,0.033,0.91,91.28,-3.77,2.42,126.28,0.504,0.817,75.66,-49.87,37.45,81.28,0.519,0.548,54.7,-21.49,35.45,336.28,0.874,0.918,51.32,75.72,9.1,5.27
5,216.54,0.255,0.096,6.65,-0.06,-2.65,216.54,0.226,0.192,16.97,-0.09,-5.0,216.54,0.884,0.65,34.21,17.51,-52.93,246.54,0.507,0.586,35.63,23.66,-40.7,36.54,0.914,0.897,67.69,22.57,69.76,6.3
5,42.04,0.174,0.081,6.29,-0.07,1.6,42.04,0.156,0.167,16.43,-0.13,3.38,42.04,0.865,0.77,63.59,9.38,63.35,87.04,0.523,0.647,63.25,-27.97,40.08,222.04,0.839,0.899,44.44,31.72,-73.25,8.2
5,122.67,0.109,0.137,13.13,-2.66,1.85,122.67,0.134,0.213,21.88,-4.75,3.33,122.67,0.691,0.702,64.49,-56.9,49.0,167.67,0.684,0.771,72.01,-42.58,3.4,332.67,0.881,0.887,49.81,74.81,2.32,8.12
5,28.59,0.178,0.089,6.89,0.53,1.5,28.59,0.146,0.142,13.12,0.72,2.16,28.59,0.66,0.723,56.28,19.34,41.27,58.59,0.516,0.52,53.51,-9.22,35.96,208.59,0.804,0.904,57.75,3.04,-52.43,10.0
5,340.96,0.9,0.9,49.58,74.22,19.9,23.23,0.046,0.942,92.88,1.55,2.9,23.23,0.692,0.694,50.82,26.1,39.13,53.23,0.529,0.629,61.75,-6.82,40.49,203.23,0.985,0.811,51.74,0.19,-48.7,1.0
5,132.23,0.1,0.4,42.11,-5.65,3.26,132.23,0.1,0.4,42.11,-5.65,3.26,132.23,0.1,0.4,42.11,-5.65,3.26,177.23,0.1,0.4,42.33,-4.0,-1.07,282.23,0.1,0.4,39.97,4.99,-4.78,1.0
5,73.36,0.259,0.077,6.09,-1.49,2.61,73.36,0.259,0.174,17.59,-3.69,7.1,73.36,0.807,0.077,5.66,-3.98,6.61,103.36,0.714,0.526,49.87,-39.9,42.86,283.36,0.927,0.923,46.34,82.35,-73.1,3.5
5,208.82,0.1,0.4,40.88,-0.97,-3.49,208.82,0.1,0.4,40.88,-0.97,-3.49,208.82,0.1,0.4,40.88,-0.97,-3.49,163.82,0.1,0.4,42.27,-4.51,0.22,58.82,0.1,0.4,42.85,-1.9,5.69,1.0
5,316.3,0.232,0.083,5.46,2.71,-1.32,316.3,0.285,0.208,17.32,9.39,-4.42,316.3,0.786,0.709,43.05,64.23,-23.7,346.3,0.629,0.589,37.59,41.5,8.01,136.3,0.903,0.999,88.12,-80.99,63.9,7.99
5,173.7,0.1,0.4,42.32,-4.14,-0.73,173.7,0.1,0.4,42.32,-4.14,-0.73,173.7,0.1,0.4,42.32,-4.14,-0.73,128.7,0.1,0.4,42.1,-5.78,3.6,353.7,0.1,0.4,39.97,4.31,0.88,1.0
5,255.91,0.01,0.992,98.55,0.68,-1.15,255.91,0.023,0.963,95.1,1.47,-2.49,255.91,0.696,0.819,39.68,51.38,-69.26,210.91,0.65,0.572,40.1,0.39,-31.51,105.91,0.807,0.995,88.67,-73.87,77.33,5.97
5,347.87,0.224,0.051,3.1,0.9,0.06,347.87,0.183,0.164,14.18,3.96,0.31,347.87,0.824,0.692,38.88,57.36,21.29,317.87,0.588,0.794,53.67,56.68,-21.82,197.87,0.927,0.915,65.25,-13.01,-42.2,7.23
5,135.69,0.037,0.992,98.41,-4.32,2.24,135.69,0.001,0.926,93.45,-0.13,0.07,135.69,0.67,0.992,88.72,-68.82,47.15,165.69,0.792,0.785,72.59,-48.3,7.74,315.69,0.934,0.808,46.76,75.92,-25.77,4.83
5,128.62,0.038,0.953,94.98,-4.46,2.74,128.62,0.073,0.914,90.75,-8.34,5.17,128.62,0.563,0.852,78.1,-55.81,41.35,158.62,0.767,0.769,70.88,-50.9,16.12,128.62,0.2,0.5,50.88,-13.84,8.87,1.21
5,162.26,0.22,0.103,8.7,-2.47,0.29,162.26,0.192,0.216,22.06,-5.22,0.48,162.26,0.574,0.647,61.71,-34.91,6.18,132.26,0.586,0.682,63.64,-47.23,32.89,12.26,0.897,0.862,50.46,59.16,55.75,8.84
5,312.69,0.271,0.132,9.85,6.17,-3.25,312.69,0.112,0.145,13.19,2.73,-1.49,312.69,0.85,0.87,51.8,79.41,-33.15,357.69,0.79,0.504,28.17,42.73,24.74,312.69,0.2,0.5,46.26,13.89,-7.33,4.75
5,87.42,0.288,0.051,3.61,-1.06,1.34,87.42,0.101,0.17,17.42,-1.93,2.55,87.42,0.695,0.649,62.36,-35.84,51.64,57.42,0.477,0.573,58.31,-8.74,35.67,267.42,0.802,0.995,46.06,74.37,-84.06,8.29
5,46.16,0.011,0.987,98.61,-0.16,1.11,46.16,0.054,0.977,96.9,-0.74,5.36,46.16,0.506,0.825,75.97,-1.76,44.4,16.16,0.756,0.673,44.52,36.63,38.59,196.16,0.889,0.933,69.06,-17.46,-38.75,2.79
5,204.3,0.026,0.951,94.59,-0.78,-1.65,204.3,0.075,0.952,92.54,-2.21,-4.81,204.3,0.537,0.606,48.75,-6.72,-23.22,234.3,0.671,0.746,37.42,32.81,-62.23,54.3,0.9,0.861,80.14,-9.67,78.34,4.7
5,116.81,0.035,0.979,97.37,-4.24,3.21,116.81,0.016,0.978,97.64,-1.97,1.49,116.81,0.671,0.77,70.42,-59.18,53.97,146.81,0.581,0.567,53.99,-36.66,17.24,296.81,0.96,0.822,48.2,82.37,-55.2,4.41
5,250.64,0.049,0.987,95.11,2.94,-5.65,250.64,0.023,0.934,92.43,1.29,-2.51,250.64,0.654,0.856,42.67,47.36,-69.68,220.64,0.554,0.71,48.16,8.68,-39.59,100.64,0.988,0.931,83.13,-73.8,79.6,5.82
5,232.89,0.001,0.959,96.32,0.02,-0.08,232.89,0.074,0.953,90.54,2.24,-7.98,232.89,0.622,0.614,33.58,22.94,-48.35,277.89,0.625,0.728,43.82,50.68,-48.85,52.89,0.937,0.995,89.47,-7.62,87.54,5.17
5,82.29,0.186,0.118,10.88,-2.34,3.51,82.29,0.137,0.188,19.4,-2.59,3.86,82.29,0.658,0.839,79.7,-37.66,61.55,127.29,0.672,0.798,72.72,-60.65,48.44,232.29,0.988,0.943,32.78,67.91,-98.8,6.35
5,235.9,0.151,0.12,9.53,1.01,-3.02,235.9,0.277,0.143,10.12,2.36,-6.55,235.9,0.782,0.718,29.71,43.25,-70.68,205.9,0.53,0.627,49.79,-5.58,-24.61,85.9,0.851,0.957,87.82,-54.79,80.23,6.26
5,223.4,0.033,0.989,96.92,0.32,-3.18,223.4,0.015,0.924,92.42,0.13,-1.32,223.4,0.679,0.709,41.04,17.59,-50.88,253.4,0.477,0.687,44.21,27.45,-42.16,73.4,0.976,0.87,82.4,-39.11,80.49,5.74
5,257.33,0.225,0.13,9.63,3.03,-4.76,257.33,0.114,0.141,12.46,1.59,-2.56,257.33,0.562,0.657,38.51,33.8,-46.89,287.33,0.662,0.728,44.97,57.76,-46.84,47.33,0.969,0.884,75.08,3.8,76.71,6.76
5,220.08,0.247,0.083,5.48,0.13,-2.34,220.08,0.24,0.212,18.53,0.44,-6.17,220.08,0.504,0.861,60.62,7.74,-41.67,190.08,0.688,0.782,66.75,-24.38,-21.05,70.08,0.965,0.978,92.41,-37.47,88.87,10.0
5,43.34,0.299,0.093,7.29,-0.19,3.34,43.34,0.208,0.201,20.04,-0.3,5.41,43.34,0.884,0.862,71.19,8.72,70.73,73.34,0.652,0.631,62.6,-23.41,50.08,193.34,0.893,0.989,75.83,-23.55,-35.96,9.73
5,256.61,0.028,0.988,96.83,1.87,-3.11,256.61,0.003,0.902,91.1,0.19,-0.32,256.61,0.533,0.731,44.23,34.43,-48.78,211.61,0.641,0.708,49.23,1.33,-37.67,256.61,0.2,0.5,44.66,8.28,-13.16,7.58
5,276.77,0.118,0.128,11.03,2.09,-2.22,276.77,0.213,0.187,15.99,5.31,-5.57,276.77,0.631,0.723,42.95,50.31,-49.42,246.77,0.442,0.705,46.62,23.19,-41.11,126.77,0.91,0.836,74.84,-73.19,66.15,7.79
5,14.25,0.281,0.132,10.24,3.07,2.89,14.25,0.245,0.181,15.8,3.5,3.29,14.25,0.732,0.899,58.43,47.32,46.05,329.25,0.794,0.523,30.47,48.03,-5.55,224.25,0.995,0.966,38.74,54.31,-92.19,6.5
5,199.44,0.1,0.4,41.36,-1.93,-2.79,199.44,0.1,0.4,41.36,-1.93,-2.79,199.44,0.1,0.4,41.36,-1.93,-2.79,154.44,0.1,0.4,42.22,-4.85,1.12,49.44,0.1,0.4,42.38,-0.95,5.02,1.0
5,20.36,0.218,0.068,4.62,0.68,0.93,20.36,0.146,0.147,13.53,1.28,1.87,20.36,0.515,0.068,3.71,1.54,1.87,335.36,0.794,0.781,45.34,64.2,2.36,230.36,0.88,0.949,38.31,54.79,-90.54,1.75
5,9.59,0.036,0.951,93.63,2.22,1.55,9.59,0.078,0.918,88.43,4.75,3.32,9.59,0.766,0.73,45.09,47.09,39.0,339.59,0.782,0.764,44.37,61.69,8.07,9.59,0.2,0.5,46.76,7.79,5.46,7.6
5,112.28,0.006,0.973,97.48,-0.67,0.55,112.28,0.079,0.941,93.15,-8.83,7.27,112.28,0.797,0.805,72.89,-65.63,64.34,67.28,0.728,0.73,72.18,-22.75,62.57,112.28,0.2,0.5,51.02,-13.33,11.23,3.41
5,203.02,0.02,0.974,96.9,-0.68,-1.28,203.02,0.028,0.922,91.98,-0.91,-1.72,203.02,0.77,0.834,59.13,-7.45,-40.25,158.02,0.554,0.591,56.69,-32.98,8.54,23.02,0.851,0.885,58.83,42.15,58.73,5.97
5,249.01,0.262,0.118,7.99,2.1,-5.06,249.01,0.208,0.215,18.38,3.67,-7.04,249.01,0.81,0.635,24.52,47.43,-66.46,294.01,0.699,0.769,48.38,66.27,-47.2,249.01,0.2,0.5,44.38,7.14,-13.62,1.33
5,130.2,0.029,0.98,97.53,-3.45,2.05,130.2,0.047,0.942,93.85,-5.42,3.23,130.2,0.547,0.666,62.51,-44.33,31.5,85.2,0.489,0.665,65.25,-25.95,38.65,280.2,0.914,0.808,39.23,72.7,-68.05,7.21
5,88.24,0.1,0.4,42.5,-3.95,5.13,88.24,0.1,0.4,42.5,-3.95,5.13,88.24,0.1,0.4,42.5,-3.95,5.13,118.24,0.1,0.4,42.08,-5.97,4.48,238.24,0.1,0.4,39.4,2.07,-5.69,1.0
5,166.62,0.011,0.987,98.63,-1.03,-0.03,166.62,0.002,0.944,95.04,-0.2,-0.01,166.62,0.568,0.6,57.73,-31.0,2.33,136.62,0.799,0.791,71.69,-63.79,46.26,316.62,0.933,0.922,53.1,83.57,-26.57,8.01
5,149.86,0.008,0.963,96.54,-0.8,0.24,149.86,0.071,0.977,96.53,-7.44,2.28,149.86,0.879,0.658,60.68,-52.92,28.38,194.86,0.719,0.796,63.96,-19.05,-27.39,359.86,0.929,0.892,48.07,72.24,57.02,7.51
5,330.42,0.044,0.992,96.41,4.69,-1.31,330.42,0.076,0.943,90.22,7.75,-2.12,330.42,0.503,0.603,43.25,36.93,-6.96,300.42,0.65,0.789,52.99,66.95,-42.11,120.42,0.984,0.872,77.54,-77.48,74.53,4.93
5,113.0,0.24,0.143,13.43,-5.68,4.73,113.0,0.192,0.144,13.77,-4.58,3.78,113.0,0.867,0.742,67.32,-64.5,63.33,83.0,0.452,0.588,58.72,-20.96,32.73,263.0,0.937,0.985,38.57,78.96,-95.14,4.5
5,86.84,0.138,0.117,10.85,-1.89,2.54,86.84,0.224,0.165,16.36,-4.08,5.54,86.84,0.538,0.628,61.43,-27.88,40.21,41.84,0.722,0.655,56.63,5.23,48.79,266.84,0.915,0.924,38.33,75.5,-86.65,7.56
5,104.64,0.161,0.13,12.2,-3.16,2.99,104.64,0.19,0.136,12.9,-3.88,3.69,104.64,0.538,0.742,69.97,-42.51,43.68,134.64,0.757,0.633,58.51,-52.54,38.3,284.64,0.829,0.902,48.29,78.13,-66.77,6.58
5,106.35,0.19,0.104,8.9,-3.15,2.58,106.35,0.298,0.13,11.76,-5.96,5.58,106.35,0.722,0.104,7.83,-9.87,8.29,136.35,0.712,0.619,57.57,-49.23,33.69,286.35,0.836,0.965,52.26,83.64,-69.27,4.04
5,70.3,0.008,0.96,96.42,-0.46,0.91,70.3,0.039,0.919,92.47,-2.15,4.29,70.3,0.539,0.84,82.21,-23.09,53.93,115.3,0.504,0.755,70.62,-46.1,40.44,220.3,0.883,0.912,44.53,32.2,-74.9,4.8
5,39.48,0.026,0.978,97.35,-0.0,2.29,39.48,0.007,0.923,92.97,-0.0,0.61,39.48,0.605,0.656,57.38,5.4,40.33,84.48,0.521,0.532,53.0,-22.62,34.4,249.48,0.927,0.872,30.21,69.1,-92.8,8.61
5,156.82,0.03,0.984,97.95,-3.04,0.54,156.82,0.056,0.958,95.21,-5.43,0.98,156.82,0.761,0.984,88.47,-62.73,22.37,186.82,0.525,0.646,59.64,-20.84,-12.41,336.82,0.987,0.848,46.12,72.92,16.78,4.88
5,39.4,0.277,0.121,10.35,0.17,4.12,39.4,0.148,0.209,21.13,0.08,3.72,39.4,0.755,0.886,72.36,11.46,62.82,84.4,0.674,0.588,57.37,-30.33,46.95,189.4,0.909,0.991,80.04,-30.77,-29.73,10.0
5,333.22,0.294,0.074,4.38,2.4,-0.49,333.22,0.262,0.155,12.28,6.05,-1.22,333.22,0.86,0.836,47.33,70.78,2.02,303.22,0.743,0.591,37.87,57.59,-33.71,123.22,0.882,0.937,82.95,-79.79,74.0,9.75
5,101.1,0.223,0.058,4.19,-1.27,1.24,101.1,0.123,0.174,17.59,-2.95,2.97,101.1,0.705,0.681,63.83,-47.18,52.46,131.1,0.665,0.649,60.29,-50.22,37.22,251.1,0.813,0.975,39.04,68.25,-92.98,7.36
5,208.63,0.163,0.121,10.3,-0.58,-2.08,208.63,0.15,0.202,19.57,-0.82,-2.95,208.63,0.609,0.121,6.89,-1.09,-7.3,163.63,0.521,0.691,65.98,-33.53,4.51,358.63,0.972,0.927,49.57,75.2,60.34,3.29
5,192.89,0.032,0.967,96.11,-1.76,-1.55,192.89,0.024,0.938,93.8,-1.25,-1.1,192.89,0.586,0.685,59.14,-17.99,-18.89,162.89,0.434,0.746,71.48,-30.8,4.06,42.89,0.992,0.918,73.19,13.57,76.42,1.54
5,277.58,0.293,0.076,4.45,2.34,-2.57,277.58,0.264,0.143,10.75,5.33,-5.47,277.58,0.772,0.625,32.57,53.43,-51.5,307.58,0.424,0.679,52.55,39.13,-22.05,67.58,0.858,0.88,84.93,-29.21,79.77,6.02
5,262.7,0.041,0.995,96.53,3.16,-4.52,262.7,0.008,0.908,91.33,0.56,-0.8,262.7,0.819,0.676,29.15,53.98,-65.03,307.7,0.659,0.524,34.71,46.96,-24.99,262.7,0.2,0.5,44.9,9.21,-12.78,7.36
5,126.31,0.117,0.135,12.86,-2.74,1.79,126.31,0.273,0.196,19.17,-8.75,5.93,126.31,0.597,0.757,69.82,-53.72,41.99,96.31,0.568,0.651,62.52,-35.6,42.33,126.31,0.2,0.5,50.86,-14.03,9.41,6.43
5,131.5,0.9,0.9,80.09,-76.08,64.6,356.9,0.063,0.913,88.23,5.17,1.44,356.9,0.601,0.835,53.41,50.89,22.58,41.9,0.71,0.502,44.21,3.8,38.83,146.9,0.947,0.825,74.37,-66.6,42.18,1.0
5,274.84,0.243,0.116,8.23,3.94,-4.28,274.84,0.101,0.134,11.98,1.82,-2.01,274.84,0.589,0.116,4.98,7.96,-9.19,319.84,0.696,0.525,33.13,46.03,-15.29,94.84,0.869,0.874,79.68,-60.81,73.93,5.11
5,43.3,0.004,0.991,99.16,-0.03,0.34,43.3,0.036,0.968,96.38,-0.29,3.39,43.3,0.829,0.868,72.5,7.35,68.71,13.3,0.497,0.676,51.54,24.53,21.88,193.3,0.828,0.872,68.72,-22.28,-30.72,2.76
5,320.25,0.023,0.982,96.94,2.57,-1.14,320.25,0.018,0.932,92.87,1.98,-0.88,320.25,0.848,0.982,57.1,84.08,-22.68,350.25,0.458,0.664,48.37,32.98,7.03,170.25,0.828,0.935,85.15,-52.86,2.53,3.6
5,261.24,0.201,0.109,7.97,1.78,-3.31,261.24,0.252,0.181,14.36,4.88,-6.97,261.24,0.746,0.837,39.28,58.5,-72.43,291.24,0.438,0.585,44.27,34.24,-26.45,111.24,0.817,0.872,78.32,-70.25,69.71,6.97
5,1.78,0.257,0.114,8.01,3.62,1.21,1.78,0.109,0.199,19.2,2.39,0.99,1.78,0.59,0.68,44.66,40.38,22.1,46.78,0.573,0.711,65.77,-1.72,44.76,181.78,0.869,0.834,75.89,-38.48,-14.54,8.21
5,142.47,0.033,0.991,98.52,-3.64,1.53,142.47,0.063,0.958,94.92,-6.84,2.9,142.47,0.644,0.637,59.64,-45.0,25.38,172.47,0.421,0.707,68.5,-25.83,-2.52,352.47,0.99,0.815,43.54,68.81,47.22,8.31
5,172.5,0.207,0.105,9.03,-2.77,-0.39,172.5,0.157,0.145,14.08,-2.8,-0.4,172.5,0.502,0.105,8.36,-5.46,-0.69,127.5,0.54,0.528,50.3,-36.96,27.39,22.5,0.853,0.873,57.71,42.59,57.93,4.66
5,121.26,0.1,0.4,42.06,-6.04,4.32,121.26,0.1,0.4,42.06,-6.04,4.32,121.26,0.1,0.4,42.06,-6.04,4.32,166.26,0.1,0.4,42.28,-4.42,-0.02,331.26,0.1,0.4,40.08,5.07,-1.3,1.0
5,142.21,0.15,0.054,3.87,-0.84,0.36,142.21,0.164,0.199,20.23,-4.85,2.14,142.21,0.644,0.697,64.83,-48.47,27.63,97.21,0.603,0.644,61.58,-37.67,44.24,142.21,0.2,0.5,51.02,-12.67,5.71,6.24
5,124.04,0.026,0.957,95.58,-3.17,2.13,124.04,0.076,0.954,94.19,-9.14,6.2,124.04,0.522,0.647,60.93,-43.03,33.68,79.04,0.696,0.734,70.83,-32.63,58.45,304.04,0.999,0.932,55.45,90.92,-50.08,5.95
5,266.05,0.023,0.98,96.55,1.86,-2.48,266.05,0.033,0.913,90.01,2.53,-3.37,266.05,0.571,0.623,37.51,36.28,-43.29,221.05,0.724,0.7,39.93,16.67,-51.28,116.05,0.813,0.891,79.66,-73.67,70.39,5.42
5,78.46,0.046,0.962,96.08,-3.14,5.05,78.46,0.042,0.927,93.1,-2.79,4.49,78.46,0.546,0.962,91.43,-32.91,59.13,108.46,0.591,0.78,72.49,-50.17,49.32,228.46,0.828,0.8,35.59,39.4,-73.32,4.65
5,295.03,0.139,0.058,3.9,0.95,-0.74,295.03,0.246,0.121,8.98,5.3,-3.98,295.03,0.794,0.639,38.68,62.59,-43.52,250.03,0.55,0.692,40.06,31.58,-49.72,115.03,0.96,0.827,73.99,-73.26,71.36,7.76
5,79.33,0.145,0.144,14.14,-2.04,3.27,79.33,0.187,0.124,11.7,-2.32,3.73,79.33,0.556,0.624,61.7,-24.12,42.23,49.33,0.657,0.678,63.26,-3.6,50.21,79.33,0.2,0.5,52.07,-7.9,12.86,4.26
5,259.66,0.187,0.129,10.14,2.58,-3.88,259.66,0.232,0.161,12.73,3.94,-5.86,259.66,0.702,0.89,43.7,57.12,-72.93,214.66,0.752,0.524,32.15,6.62,-36.82,259.66,0.2,0.5,44.78,8.75,-12.97,3.14
5,160.28,0.1,0.4,42.25,-4.64,0.56,160.28,0.1,0.4,42.25,-4.64,0.56,160.28,0.1,0.4,42.25,-4.64,0.56,130.28,0.1,0.4,42.1,-5.72,3.45,310.28,0.1,0.4,40.2,5.8,-3.33,1.0
5,70.71,0.211,0.137,13.35,-2.32,4.75,70.71,0.202,0.126,11.96,-2.07,4.23,70.71,0.725,0.839,81.23,-28.94,68.92,100.71,0.617,0.797,74.32,-47.94,53.18,280.71,0.949,0.918,44.18,81.19,-76.0,5.23
5,340.74,0.146,0.067,4.55,1.03,-0.08,340.74,0.212,0.179,15.34,5.22,-0.34,340.74,0.765,0.822,48.04,64.23,9.64,310.74,0.745,0.577,36.2,54.44,-25.78,160.74,0.816,0.804,73.75,-53.24,15.35,8.74
5,230.29,0.0,0.963,96.69,0.0,-0.02,230.29,0.022,0.907,90.31,0.5,-2.2,230.29,0.612,0.696,39.91,21.86,-50.7,275.29,0.718,0.636,34.3,50.29,-50.42,20.29,0.998,0.831,50.22,52.79,60.91,9.2
5,255.78,0.142,0.124,10.12,1.74,-2.89,255.78,0.21,0.13,9.8,2.72,-4.45,255.78,0.723,0.62,28.67,42.61,-57.29,210.78,0.517,0.686,52.5,-1.72,-29.21,105.78,0.909,0.856,77.0,-69.83,72.73,3.93
5,68.64,0.264,0.116,10.69,-2.36,4.91,68.64,0.226,0.162,16.29,-2.7,5.93,68.64,0.659,0.807,79.02,-24.39,62.51,98.64,0.44,0.745,71.64,-32.77,36.6,248.64,0.991,0.882,28.96,72.0,-96.42,6.19
5,34.35,0.9,0.9,66.45,26.0,68.15,158.36,0.062,0.952,94.53,-5.94,0.9,158.36,0.58,0.719,67.76,-39.86,10.42,188.36,0.526,0.674,61.32,-20.38,-13.91,308.36,0.928,0.831,49.27,80.42,-38.77,1.0
5,175.62,0.169,0.07,5.35,-1.15,-0.27,175.62,0.129,0.186,18.97,-2.76,-0.62,175.62,0.723,0.853,79.2,-42.21,-6.01,220.62,0.789,0.743,39.85,20.84,-57.78,175.62,0.2,0.5,51.42,-9.56,-2.03,7.27
5,43.75,0.024,0.969,96.73,-0.22,2.28,43.75,0.041,0.971,96.51,-0.36,3.88,43.75,0.896,0.606,51.5,5.94,54.34,88.75,0.434,0.755,73.35,-27.73,37.75,253.75,0.93,0.998,35.99,77.58,-101.4,7.15
5,28.0,0.006,0.999,99.7,0.15,0.44,28.0,0.039,0.919,91.37,0.9,2.66,28.0,0.808,0.679,49.34,25.3,47.58,343.0,0.565,0.737,49.32,45.66,4.24,238.0,0.855,0.88,32.2,61.58,-90.7,9.49
5,55.68,0.1,0.4,42.69,-1.58,5.46,55.68,0.1,0.4,42.69,-1.58,5.46,55.68,0.1,0.4,42.69,-1.58,5.46,10.68,0.1,0.4,40.46,3.0,2.25,205.68,0.1,0.4,41.04,-1.29,-3.26,1.0
5,295.72,0.167,0.121,9.81,3.6,-2.7,295.72,0.24,0.219,19.18,8.68,-6.41,295.72,0.688,0.821,52.53,69.95,-48.18,250.72,0.569,0.737,41.58,35.08,-54.0,295.72,0.2,0.5,46.26,14.31,-10.59,5.27
5,307.87,0.9,0.9,53.64,85.1,-42.06,236.75,0.183,0.153,12.56,1.63,-4.59,236.75,0.739,0.845,37.04,46.71,-77.53,191.75,0.426,0.695,63.37,-15.71,-13.82,56.75,0.985,0.955,89.86,-14.49,88.48,2.23
5,293.82,0.254,0.113,8.05,5.1,-3.91,293.82,0.12,0.146,13.24,2.98,-2.32,293.82,0.684,0.113,4.82,11.25,-8.73,338.82,0.791,0.719,41.6,59.3,6.84,83.82,0.93,0.978,89.54,-56.42,84.64,5.12
5,331.81,0.106,0.077,5.64,1.03,-0.26,331.81,0.126,0.173,16.14,3.18,-0.78,331.81,0.772,0.617,36.48,53.24,-3.41,16.81,0.501,0.636,49.66,20.88,22.53,331.81,0.2,0.5,46.0,12.33,-2.83,3.48
5,111.69,0.116,0.095,8.11,-1.85,1.51,111.69,0.257,0.123,11.01,-5.25,4.47,111.69,0.734,0.778,71.06,-60.63,59.13,66.69,0.736,0.773,76.08,-23.36,66.13,321.69,0.888,0.871,50.08,77.3,-17.48,9.75
5,28.71,0.224,0.055,3.69,0.28,0.81,28.71,0.176,0.159,14.92,0.98,2.91,28.71,0.9,0.69,48.47,28.87,52.72,58.71,0.591,0.735,73.47,-13.15,53.91,238.71,0.907,0.926,31.78,69.29,-98.02,6.28
5,73.78,0.049,0.985,98.15,-3.04,5.53,73.78,0.045,0.929,93.3,-2.68,4.86,73.78,0.518,0.711,70.37,-21.79,44.84,103.78,0.529,0.774,72.88,-42.9,44.61,73.78,0.2,0.5,52.26,-6.96,13.15,2.84
5,308.66,0.285,0.059,3.5,1.92,-1.15,308.66,0.119,0.168,15.69,3.38,-2.01,308.66,0.735,0.728,46.1,65.49,-33.11,278.66,0.684,0.778,44.43,58.31,-55.23,98.66,0.994,0.846,76.46,-67.28,74.41,9.52
5,118.77,0.032,0.976,97.15,-3.98,2.92,118.77,0.043,0.964,95.77,-5.34,3.93,118.77,0.578,0.895,81.32,-60.95,52.82,88.77,0.545,0.787,75.31,-35.13,48.6,328.77,0.92,0.89,49.85,76.94,-3.21,2.94
5,305.05,0.16,0.087,6.35,2.29,-1.49,305.05,0.133,0.141,12.52,3.32,-2.13,305.05,0.763,0.753,47.53,70.09,-38.98,335.05,0.481,0.589,42.83,33.86,-3.6,305.05,0.2,0.5,46.37,14.54,-9.12,4.58
5,123.35,0.033,0.998,99.04,-4.21,2.86,123.35,0.031,0.954,95.24,-3.79,2.58,123.35,0.618,0.68,63.06,-51.3,42.34,78.35,0.514,0.638,63.29,-22.43,40.12,123.35,0.2,0.5,50.83,-14.28,10.1,4.98
5,270.96,0.022,0.981,96.77,1.9,-2.29,270.96,0.007,0.94,94.18,0.59,-0.71,270.96,0.872,0.869,39.05,71.82,-77.45,300.96,0.621,0.624,42.95,53.44,-33.44,60.96,0.868,0.813,80.6,-19.29,77.24,5.69
5,196.49,0.159,0.099,8.05,-0.39,-1.25,196.49,0.144,0.139,12.88,-1.31,-1.52,196.49,0.844,0.883,66.29,-17.06,-36.13,166.49,0.748,0.544,51.78,-34.7,4.19,46.49,0.991,0.925,77.16,6.21,79.2,9.86
5,12.26,0.016,0.974,96.8,0.91,0.76,12.26,0.059,0.926,90.34,3.27,2.73,12.26,0.578,0.669,47.98,29.99,25.74,342.26,0.724,0.747,44.7,57.13,9.01,192.26,0.889,0.987,76.89,-25.59,-33.98,5.74
5,244.72,0.035,0.998,97.03,1.83,-4.2,244.72,0.036,0.951,92.84,1.82,-4.17,244.72,0.716,0.645,28.26,40.33,-61.9,274.72,0.783,0.679,34.19,56.52,-57.14,34.72,0.873,0.996,73.88,26.21,72.89,5.8
5,310.97,0.041,0.979,95.6,4.91,-2.81,310.97,0.063,0.91,88.32,7.06,-4.02,310.97,0.756,0.886,54.91,76.82,-35.68,355.97,0.589,0.586,38.22,37.54,15.23,130.97,0.963,0.939,83.1,-80.28,71.16,3.42
5,150.47,0.9,0.9,80.77,-67.84,36.89,185.05,0.03,0.963,96.07,-2.13,-1.08,185.05,0.711,0.721,64.96,-28.65,-15.18,230.05,0.574,0.776,46.55,21.23,-51.79,335.05,0.971,0.903,49.43,76.73,12.89,2.09
5,183.71,0.1,0.4,42.16,-3.52,-1.61,183.71,0.1,0.4,42.16,-3.52,-1.61,183.71,0.1,0.4,42.16,-3.52,-1.61,138.71,0.1,0.4,42.14,-5.42,2.63,333.71,0.1,0.4,40.07,4.99,-1.06,1.0
5,20.64,0.244,0.087,6.2,1.16,1.58,20.64,0.14,0.174,16.67,1.4,2.08,20.64,0.89,0.809,51.66,44.86,55.56,65.64,0.789,0.529,53.75,-17.23,51.55,200.64,0.978,0.841,56.42,-5.34,-45.62,9.96
5,256.18,0.033,0.998,97.3,2.25,-3.77,256.18,0.035,0.921,90.5,2.25,-3.77,256.18,0.524,0.82,49.86,36.86,-52.73,286.18,0.797,0.647,35.87,59.57,-49.31,106.18,0.987,0.998,88.09,-81.68,83.41,4.67
5,116.8,0.9,0.9,80.02,-77.39,74.63,80.7,0.229,0.138,13.28,-3.18,4.99,80.7,0.603,0.866,82.64,-34.72,58.99,110.7,0.542,0.535,51.3,-35.37,33.19,260.7,0.839,0.964,40.4,72.4,-89.1,2.74
5,135.4,0.126,0.127,11.88,-2.65,1.41,135.4,0.286,0.215,21.31,-9.37,5.25,135.4,0.768,0.723,66.15,-58.59,42.57,165.4,0.521,0.567,54.99,-28.08,2.61,345.4,0.983,0.865,46.54,72.53,35.18,7.88
5,211.24,0.042,0.959,94.31,-0.66,-3.15,211.24,0.072,0.941,91.21,-1.08,-5.32,211.24,0.527,0.642,48.8,-1.17,-28.49,256.24,0.629,0.642,34.14,37.45,-51.65,211.24,0.2,0.5,47.57,-1.5,-8.84,6.26
5,247.24,0.272,0.089,5.27,1.64,-3.62,247.24,0.275,0.154,11.09,3.59,-7.09,247.24,0.579,0.089,3.22,2.93,-6.67,277.24,0.42,0.708,51.84,33.05,-33.05,37.24,0.847,0.94,72.7,19.22,70.03,5.31
5,200.79,0.034,0.962,95.3,-1.29,-2.04,200.79,0.067,0.958,93.67,-2.47,-3.95,200.79,0.594,0.962,74.99,-13.72,-33.39,245.79,0.687,0.736,34.13,42.94,-66.09,350.79,0.89,0.832,45.49,68.16,35.99,3.53
5,345.26,0.292,0.127,8.94,5.25,0.19,345.26,0.296,0.22,17.93,8.55,0.38,345.26,0.854,0.624,34.59,54.26,17.51,300.26,0.638,0.6,40.93,53.1,-33.62,345.26,0.2,0.5,45.83,11.29,0.36,2.61
5,276.05,0.9,0.9,42.01,76.85,-77.01,188.85,0.027,0.947,94.61,-1.68,-1.11,188.85,0.794,0.829,69.89,-27.95,-22.9,233.85,0.52,0.706,43.71,20.27,-45.92,38.85,0.954,0.877,67.39,19.45,70.8,2.8
5,114.86,0.175,0.081,6.41,-2.15,1.66,114.86,0.273,0.178,17.28,-7.92,6.46,114.86,0.792,0.671,61.57,-57.81,55.32,159.86,0.524,0.706,67.07,-35.65,7.7,324.86,0.87,0.881,50.52,76.41,-12.48,9.99
5,242.32,0.9,0.9,30.84,68.76,-95.83,302.44,0.16,0.151,13.27,4.3,-2.87,302.44,0.825,0.849,52.62,81.22,-47.8,347.44,0.518,0.521,36.35,31.02,5.19,152.44,0.894,1.0,88.88,-72.11,36.37,5.13
5,76.87,0.001,0.986,98.78,-0.06,0.09,76.87,0.052,0.914,91.85,-3.24,5.44,76.87,0.816,0.69,66.75,-32.77,62.43,106.87,0.642,0.751,69.72,-51.02,51.79,286.87,0.853,0.874,47.33,78.4,-64.38,6.65
5,138.83,0.015,0.951,95.33,-1.63,0.77,138.83,0.016,0.932,93.61,-1.7,0.8,138.83,0.579,0.781,72.31,-50.05,30.06,168.83,0.647,0.705,66.58,-37.64,1.5,348.83,0.974,0.832,44.73,69.96,39.95,3.77
5,261.12,0.024,0.978,96.27,1.76,-2.63,261.12,0.067,0.917,87.89,4.75,-7.01,261.12,0.896,0.87,34.43,69.74,-85.36,291.12,0.643,0.697,44.77,56.19,-42.49,81.12,0.986,0.938,86.49,-52.92,83.41,5.05
5,42.46,0.003,0.966,96.89,-0.02,0.28,42.46,0.011,0.942,94.62,-0.07,0.99,42.46,0.708,0.966,81.43,6.15,65.93,357.46,0.403,0.65,49.47,27.35,10.02,252.46,0.824,0.868,34.51,63.2,-84.93,3.5
5,136.9,0.9,0.9,80.23,-74.36,57.71,81.81,0.104,0.16,16.15,-1.7,2.54,81.81,0.856,0.756,71.63,-41.57,67.73,111.81,0.68,0.714,66.02,-53.85,51.79,261.81,0.82,0.963,41.63,71.45,-86.9,2.28
5,281.3,0.108,0.081,5.99,1.12,-1.12,281.3,0.215,0.161,13.37,5.01,-4.83,281.3,0.613,0.683,42.4,48.72,-44.24,311.3,0.517,0.513,37.31,36.82,-18.45,71.3,0.808,0.807,78.05,-30.7,71.47,8.55
5,2.78,0.017,0.988,97.78,1.34,0.58,2.78,0.077,0.934,89.4,5.83,2.57,2.78,0.646,0.734,46.43,46.14,27.75,32.78,0.644,0.556,45.82,11.22,34.35,152.78,0.957,0.93,83.14,-69.77,36.82,5.57
5,23.53,0.9,0.9,58.7,45.01,62.4,156.38,0.198,0.142,13.58,-3.96,0.81,156.38,0.516,0.803,75.33,-40.44,11.5,111.38,0.736,0.657,60.79,-52.94,51.72,306.38,0.858,0.932,56.27,86.79,-45.5,1.0
5,303.99,0.115,0.085,6.42,1.6,-1.06,303.99,0.247,0.186,15.75,7.95,-5.08,303.99,0.578,0.707,49.44,54.74,-32.34,258.99,0.644,0.683,36.11,41.56,-54.63,153.99,0.838,0.874,79.08,-62.07,27.57,9.01
5,346.53,0.131,0.141,12.47,2.49,0.1,346.53,0.186,0.158,13.52,3.93,0.2,346.53,0.593,0.791,51.46,49.83,9.31,316.53,0.662,0.57,37.07,48.14,-19.03,166.53,0.914,0.981,88.35,-60.47,10.97,7.14
5,27.83,0.023,0.991,98.29,0.56,1.64,27.83,0.001,0.947,95.22,0.03,0.09,27.83,0.852,0.665,47.31,27.05,48.88,57.83,0.72,0.527,53.41,-10.34,48.22,27.83,0.2,0.5,48.89,3.23,8.5,6.65
5,222.64,0.181,0.103,7.88,0.28,-2.34,222.64,0.291,0.131,9.54,0.69,-5.21,222.64,0.583,0.889,56.71,14.56,-51.84,252.64,0.451,0.597,39.81,22.54,-35.61,42.64,0.884,0.81,66.73,9.38,66.97,10.0
5,308.89,0.138,0.15,13.44,3.55,-2.1,308.89,0.156,0.128,10.82,3.53,-2.08,308.89,0.776,0.15,6.62,18.41,-9.71,263.89,0.576,0.581,34.45,33.74,-41.78,98.89,0.862,0.902,81.54,-65.67,74.94,2.98
5,341.16,0.209,0.056,3.52,1.06,-0.07,341.16,0.239,0.126,9.5,4.36,-0.25,341.16,0.796,0.056,1.74,3.63,-0.25,26.16,0.749,0.623,45.79,23.19,40.41,191.16,0.945,0.827,65.75,-23.65,-29.1,4.53
5,22.46,0.032,0.954,94.55,1.11,1.95,22.46,0.014,0.921,92.37,0.47,0.84,22.46,0.799,0.954,64.28,42.27,58.54,52.46,0.658,0.795,74.97,-7.62,59.08,232.46,0.879,0.996,38.8,61.13,-96.43,5.47
5,270.42,0.162,0.122,9.74,2.54,-3.04,270.42,0.14,0.166,14.93,2.85,-3.41,270.42,0.606,0.735,43.3,46.22,-50.81,315.42,0.551,0.777,54.11,53.36,-23.01,270.42,0.2,0.5,45.2,10.38,-12.29,2.69
5,218.8,0.1,0.4,40.38,0.05,-4.24,218.8,0.1,0.4,40.38,0.05,-4.24,218.8,0.1,0.4,40.38,0.05,-4.24,263.8,0.1,0.4,39.68,3.79,-5.24,38.8,0.1,0.4,41.85,0.12,4.26,1.0
5,201.17,0.29,0.111,8.54,-1.62,-2.85,201.17,0.161,0.184,17.74,-1.45,-2.45,201.17,0.75,0.779,57.43,-10.16,-35.12,246.17,0.509,0.522,31.58,21.43,-37.18,351.17,0.804,0.908,51.24,69.54,31.55,9.53
5,23.94,0.021,0.956,95.24,0.68,1.36,23.94,0.004,0.977,97.83,0.12,0.25,23.94,0.792,0.956,65.62,39.46,59.02,353.94,0.637,0.774,48.43,51.0,19.9,173.94,0.845,0.832,76.94,-45.74,-3.04,1.0
5,15.32,0.006,0.955,95.72,0.32,0.33,15.32,0.047,0.919,90.54,2.28,2.35,15.32,0.567,0.955,68.89,35.69,35.6,330.32,0.462,0.569,42.21,32.49,-6.54,165.32,0.82,0.987,89.02,-59.07,10.75,1.24
5,7.22,0.209,0.059,3.73,0.81,0.47,7.22,0.279,0.199,16.66,5.52,3.36,7.22,0.889,0.783,44.3,59.3,49.69,52.22,0.577,0.751,71.72,-7.04,50.06,187.22,0.894,0.927,77.79,-33.09,-24.45,8.83
5,11.34,0.182,0.096,7.21,1.51,1.13,11.34,0.293,0.203,17.17,5.21,4.08,11.34,0.567,0.84,59.45,36.32,29.83,326.34,0.551,0.798,54.73,51.5,-12.75,191.34,0.995,0.818,64.21,-22.43,-30.12,10.0
5,346.45,0.186,0.117,9.03,3.04,0.14,346.45,0.206,0.125,9.78,3.6,0.18,346.45,0.881,0.838,46.14,68.84,27.44,31.45,0.658,0.761,60.53,16.75,44.57,196.45,0.922,0.821,60.49,-14.79,-36.42,5.97
5,262.14,0.1,0.4,39.65,3.68,-5.28,262.14,0.1,0.4,39.65,3.68,-5.28,262.14,0.1,0.4,39.65,3.68,-5.28,307.14,0.1,0.4,40.21,5.91,-3.64,52.14,0.1,0.4,42.52,-1.23,5.21,1.0
5,342.58,0.9,0.9,49.47,73.91,23.16,313.18,0.033,0.928,91.59,3.71,-2.02,313.18,0.702,0.618,39.53,54.6,-24.08,358.18,0.467,0.558,40.38,28.15,11.39,103.18,0.947,0.839,75.62,-68.43,72.68,1.0
5,197.08,0.026,0.986,97.85,-1.21,-1.43,197.08,0.021,0.975,97.03,-0.96,-1.14,197.08,0.664,0.686,55.37,-14.52,-24.77,152.08,0.705,0.608,57.08,-42.8,17.98,17.08,0.986,0.835,49.11,56.77,59.81,5.75
5,229.56,0.231,0.058,3.53,0.3,-1.36,229.56,0.29,0.131,9.09,1.52,-5.78,229.56,0.725,0.699,34.89,28.73,-59.3,274.56,0.761,0.614,31.41,50.96,-51.65,49.56,0.892,0.998,86.89,-1.86,83.99,6.75
5,145.03,0.1,0.4,42.17,-5.2,2.02,145.03,0.1,0.4,42.17,-5.2,2.02,145.03,0.1,0.4,42.17,-5.2,2.02,100.03,0.1,0.4,42.33,-4.75,4.87,355.03,0.1,0.4,39.96,4.27,1.01,1.0
5,171.6,0.109,0.055,4.05,-0.52,-0.07,171.6,0.253,0.15,14.35,-4.6,-0.51,171.6,0.664,0.769,72.17,-39.45,-1.21,141.6,0.648,0.652,60.89,-46.34,26.86,351.6,0.946,0.91,49.05,74.2,46.01,9.56
5,157.35,0.9,0.9,81.15,-63.35,25.42,174.21,0.045,0.909,91.14,-3.63,-0.71,174.21,0.562,0.895,83.55,-38.31,-4.67,144.21,0.438,0.66,63.3,-33.11,15.67,324.21,0.973,0.857,48.0,76.73,-9.73,1.0
5,298.64,0.24,0.149,12.09,6.45,-4.55,298.64,0.287,0.173,13.96,8.8,-6.15,298.64,0.8,0.771,48.05,74.55,-47.98,253.64,0.564,0.737,42.31,35.86,-52.75,148.64,0.941,0.812,73.39,-64.74,38.66,7.75
5,111.47,0.218,0.145,13.73,-5.11,4.34,111.47,0.24,0.148,13.97,-5.72,4.88,111.47,0.876,0.611,56.26,-55.19,54.81,66.47,0.578,0.69,69.13,-18.12,49.69,111.47,0.2,0.5,51.05,-13.2,11.27,4.76
5,287.26,0.037,0.98,95.78,4.09,-3.61,287.26,0.03,0.973,95.67,3.29,-2.91,287.26,0.848,0.728,39.68,68.02,-55.36,317.26,0.463,0.556,41.76,34.27,-14.43,107.26,0.943,0.85,76.29,-71.44,73.04,3.54
5,161.38,0.164,0.126,11.71,-2.85,0.29,161.38,0.259,0.19,18.79,-6.29,0.75,161.38,0.513,0.126,10.72,-8.51,1.3,131.38,0.685,0.507,47.7,-42.12,31.14,341.38,0.854,0.983,54.78,77.95,18.81,4.71
5,298.32,0.245,0.142,11.31,6.29,-4.46,298.32,0.165,0.131,10.97,3.92,-2.81,298.32,0.672,0.836,54.81,71.12,-46.55,268.32,0.612,0.726,42.0,45.29,-51.54,298.32,0.2,0.5,46.37,14.71,-10.41,3.56
5,151.64,0.9,0.9,80.83,-67.13,34.96,7.28,0.045,0.902,88.73,2.91,1.74,7.28,0.587,0.732,49.99,37.64,25.89,37.28,0.576,0.544,47.76,5.77,32.01,217.28,0.961,0.814,39.36,29.03,-69.21,5.59
5,351.46,0.1,0.4,39.98,4.39,0.66,351.46,0.1,0.4,39.98,4.39,0.66,351.46,0.1,0.4,39.98,4.39,0.66,36.46,0.1,0.4,41.73,0.36,4.09,171.46,0.1,0.4,42.31,-4.22,-0.52,1.0
5,289.75,0.246,0.129,9.73,5.28,-4.35,289.75,0.221,0.144,11.69,5.23,-4.31,289.75,0.576,0.86,57.01,59.85,-46.66,334.75,0.44,0.63,47.21,32.8,-4.02,289.75,0.2,0.5,46.0,13.37,-11.0,4.01
5,16.89,0.02,0.963,95.72,0.94,1.09,16.89,0.002,0.91,91.9,0.11,0.13,16.89,0.556,0.655,49.36,24.17,26.15,46.89,0.546,0.738,68.43,-2.04,44.06,166.89,0.82,0.86,78.75,-51.86,7.2,5.18
5,252.22,0.9,0.9,32.74,69.92,-92.62,265.57,0.21,0.211,18.25,4.94,-6.47,265.57,0.735,0.72,35.39,52.65,-61.47,310.57,0.67,0.714,46.65,59.9,-29.12,55.57,0.939,0.988,91.62,-12.79,89.13,3.09
5,99.21,0.028,0.972,97.05,-2.75,2.84,99.21,0.059,0.93,92.82,-5.51,5.7,99.21,0.844,0.73,67.34,-55.06,62.83,69.21,0.689,0.744,73.26,-24.1,60.63,309.21,0.908,0.909,53.81,85.31,-40.03,5.5
5,92.51,0.1,0.4,42.44,-4.24,5.03,92.51,0.1,0.4,42.44,-4.24,5.03,92.51,0.1,0.4,42.44,-4.24,5.03,47.51,0.1,0.4,42.28,-0.76,4.88,242.51,0.1,0.4,39.35,2.41,-5.76,1.0
5,229.0,0.1,0.4,39.87,1.11,-5.0,229.0,0.1,0.4,39.87,1.11,-5.0,229.0,0.1,0.4,39.87,1.11,-5.0,184.0,0.1,0.4,42.14,-3.49,-1.63,19.0,0.1,0.4,40.87,2.15,2.84,1.0
5,110.04,0.148,0.099,8.41,-1.76,1.79,110.04,0.143,0.168,16.81,-3.77,3.24,110.04,0.883,0.852,76.5,-70.98,71.32,65.04,0.652,0.507,52.01,-14.53,43.28,260.04,0.962,0.985,36.66,78.87,-98.27,6.46
5,251.99,0.137,0.11,8.56,1.39,-2.55,251.99,0.272,0.158,11.65,4.0,-7.02,251.99,0.784,0.802,33.45,56.29,-77.05,206.99,0.5,0.631,50.55,-4.8,-24.06,101.99,0.871,0.833,75.57,-64.4,70.4,6.73
5,63.74,0.9,0.9,87.52,-25.01,83.85,294.28,0.159,0.2,18.51,5.17,-3.97,294.28,0.661,0.8,51.51,65.74,-46.69,324.28,0.566,0.706,48.28,48.24,-13.6,144.28,0.954,0.929,82.69,-74.59,51.36,1.43
5,49.01,0.9,0.9,78.67,-0.68,77.44,300.26,0.275,0.151,11.89,7.57,-5.16,300.26,0.78,0.859,54.29,80.67,-50.17,345.26,0.402,0.622,47.82,28.01,2.3,120.26,0.997,0.845,75.33,-75.81,73.07,1.0
5,158.76,0.031,0.995,98.92,-3.07,0.43,158.76,0.026,0.968,96.64,-2.56,0.36,158.76,0.537,0.613,58.74,-32.87,7.9,128.76,0.515,0.519,49.71,-34.82,24.94,308.76,0.873,0.894,53.48,83.54,-40.32,4.41
5,264.02,0.2,0.125,9.5,2.9,-3.96,264.02,0.199,0.133,10.39,3.05,-4.15,264.02,0.728,0.748,36.63,53.17,-63.55,309.02,0.548,0.639,45.34,46.92,-24.73,114.02,0.891,0.891,79.44,-75.59,73.89,4.51
5,155.23,0.011,0.965,96.66,-1.05,0.21,155.23,0.038,0.919,92.07,-3.6,0.75,155.23,0.598,0.85,78.56,-48.16,15.93,125.23,0.471,0.51,49.18,-32.41,24.26,5.23,0.982,0.851,46.12,68.6,58.59,6.04
5,55.59,0.003,0.974,97.69,-0.1,0.32,55.59,0.015,0.975,97.63,-0.52,1.7,55.59,0.504,0.724,71.39,-9.37,44.52,100.59,0.52,0.593,57.32,-32.58,35.59,55.59,0.2,0.5,52.21,-3.54,13.16,1.0
5,301.08,0.044,0.952,93.17,5.39,-3.75,301.08,0.013,0.922,92.33,1.54,-1.08,301.08,0.738,0.952,60.72,84.45,-51.77,331.08,0.697,0.765,47.26,59.05,-6.37,151.08,0.925,0.823,74.41,-63.63,34.49,3.33
5,202.9,0.135,0.149,13.97,-0.93,-1.8,202.9,0.184,0.13,11.34,-1.1,-2.18,202.9,0.548,0.775,61.72,-9.44,-27.78,157.9,0.751,0.616,57.82,-42.55,13.7,352.9,0.889,0.887,48.43,71.37,41.91,5.59
5,159.48,0.259,0.106,8.98,-3.9,0.59,159.48,0.287,0.131,11.96,-5.19,0.82,159.48,0.552,0.853,79.36,-43.47,10.13,129.48,0.571,0.645,60.55,-44.96,32.74,309.48,0.936,0.997,58.48,92.01,-42.22,9.9
5,93.61,0.1,0.4,42.42,-4.31,5.01,93.61,0.1,0.4,42.42,-4.31,5.01,93.61,0.1,0.4,42.42,-4.31,5.01,138.61,0.1,0.4,42.14,-5.43,2.64,273.61,0.1,0.4,39.83,4.43,-5.0,1.0
5,233.27,0.041,0.957,93.28,1.22,-4.36,233.27,0.063,0.98,93.63,1.96,-6.9,233.27,0.84,0.826,33.13,49.96,-81.1,263.27,0.587,0.676,39.36,38.8,-48.34,23.27,0.909,0.948,61.16,48.01,65.28,6.32
5,95.42,0.019,0.951,95.34,-1.74,1.92,95.42,0.031,0.965,96.37,-2.8,3.1,95.42,0.717,0.603,57.38,-39.94,48.86,50.42,0.427,0.791,75.86,-5.3,38.29,95.42,0.2,0.5,51.54,-10.58,12.04,2.72
5,306.37,0.292,0.068,4.05,2.49,-1.57,306.37,0.206,0.124,9.83,4.62,-2.85,306.37,0.7,0.638,41.45,57.78,-31.48,336.37,0.791,0.511,29.38,45.8,1.97,156.37,0.89,0.848,76.92,-60.87,25.37,7.78
5,57.06,0.9,0.9,85.84,-14.71,82.97,272.35,0.003,0.961,96.33,0.28,-0.33,272.35,0.757,0.889,45.0,67.16,-70.54,317.35,0.7,0.6,38.08,52.05,-19.41,62.35,0.993,0.815,80.32,-21.88,80.08,2.01
5,64.51,0.015,0.977,97.87,-0.77,1.8,64.51,0.05,0.965,96.52,-2.41,5.77,64.51,0.663,0.76,75.53,-19.69,60.8,109.51,0.473,0.706,67.1,-38.78,36.48,244.51,0.942,0.954,32.04,74.41,-101.7,6.27
5,16.02,0.035,0.987,97.01,1.74,1.89,16.02,0.037,0.954,94.09,1.79,1.94,16.02,0.715,0.789,53.01,39.31,41.05,46.02,0.628,0.693,63.14,-0.49,47.26,196.02,0.854,0.888,66.85,-17.77,-35.9,3.37
5,167.68,0.011,0.992,99.05,-1.03,-0.05,167.68,0.018,0.965,96.58,-1.65,-0.08,167.68,0.681,0.739,69.28,-41.04,3.2,122.68,0.566,0.767,70.83,-53.04,43.34,317.68,0.829,0.927,54.76,80.64,-26.47,3.6
5,98.25,0.9,0.9,81.27,-66.68,76.19,357.04,0.043,0.921,90.18,3.55,0.99,357.04,0.642,0.868,53.76,55.81,26.43,312.04,0.511,0.64,46.44,43.42,-21.26,207.04,0.977,0.916,54.13,8.94,-59.96,1.95
5,196.22,0.234,0.096,7.5,-1.44,-1.46,196.22,0.265,0.212,20.09,-3.34,-3.92,196.22,0.516,0.823,69.72,-16.27,-22.26,151.22,0.572,0.516,49.55,-32.36,12.63,16.22,0.939,0.87,51.75,57.18,59.68,9.17
5,252.33,0.128,0.116,9.36,1.37,-2.49,252.33,0.253,0.177,13.81,4.11,-7.18,252.33,0.857,0.683,25.51,54.01,-72.28,297.33,0.578,0.651,45.35,51.28,-34.65,72.33,0.8,0.871,83.34,-33.61,75.18,5.12
5,281.74,0.028,0.998,97.91,2.85,-2.78,281.74,0.029,0.966,95.1,2.9,-2.82,281.74,0.795,0.867,46.18,72.68,-65.28,236.74,0.497,0.745,46.15,22.63,-47.77,131.74,0.935,0.878,78.25,-75.46,65.07,3.63
5,50.0,0.9,0.9,79.54,-2.45,78.11,105.6,0.143,0.219,22.6,-4.44,4.14,105.6,0.786,0.848,76.94,-63.85,67.06,60.6,0.543,0.501,52.03,-10.44,37.04,255.6,0.874,0.996,38.45,75.01,-96.95,2.28
5,256.57,0.139,0.063,4.17,0.61,-1.03,256.57,0.167,0.197,17.54,3.13,-5.06,256.57,0.543,0.669,40.07,32.63,-46.17,211.57,0.575,0.69,50.32,-0.14,-33.15,106.57,0.93,0.829,74.65,-69.28,71.41,7.63
5,151.07,0.018,0.985,98.3,-1.86,0.52,151.07,0.049,0.902,90.31,-4.71,1.33,151.07,0.579,0.743,69.56,-43.82,17.53,106.07,0.757,0.731,67.33,-55.71,58.04,331.07,0.936,0.875,48.57,75.51,2.12,6.19
5,224.21,0.123,0.063,4.31,0.1,-0.78,224.21,0.114,0.189,18.11,0.38,-2.85,224.21,0.698,0.785,43.9,21.61,-57.51,179.21,0.68,0.559,54.06,-27.63,-7.51,224.21,0.2,0.5,45.97,1.77,-11.24,4.76
5,309.91,0.9,0.9,53.29,84.2,-38.56,111.27,0.019,0.945,94.69,-2.13,1.77,111.27,0.802,0.68,62.46,-57.29,56.65,81.27,0.588,0.749,72.48,-30.67,51.18,261.27,0.945,0.974,37.2,78.06,-95.87,1.0
5,57.97,0.207,0.147,14.59,-1.56,5.04,57.97,0.171,0.216,22.7,-1.81,5.78,57.97,0.515,0.147,14.18,-3.32,12.18,12.97,0.549,0.632,46.55,26.41,23.32,267.97,0.99,0.84,33.32,72.21,-82.79,1.39
5,259.73,0.118,0.113,9.2,1.42,-2.16,259.73,0.191,0.209,18.27,4.0,-5.97,259.73,0.655,0.804,42.01,48.83,-63.11,289.73,0.417,0.547,42.01,30.4,-24.21,49.73,0.834,0.802,72.1,-2.81,68.79,7.4
5,23.15,0.044,0.956,94.22,1.51,2.81,23.15,0.005,0.945,94.92,0.17,0.32,23.15,0.701,0.747,54.19,28.3,42.08,53.15,0.625,0.644,62.42,-7.16,48.07,173.15,0.9,0.867,79.62,-48.94,-1.36,1.47
5,325.69,0.9,0.9,51.01,78.17,-10.04,124.49,0.198,0.177,17.48,-5.92,4.07,124.49,0.545,0.73,67.9,-49.0,38.52,79.49,0.691,0.777,74.59,-34.36,60.74,334.49,0.99,0.818,44.66,71.55,11.64,1.0
5,180.98,0.11,0.072,5.6,-0.75,-0.29,180.98,0.149,0.154,15.15,-2.53,-0.93,180.98,0.517,0.871,81.72,-31.57,-10.79,225.98,0.52,0.703,46.88,12.53,-40.44,0.98,0.828,0.982,54.62,73.35,52.63,10.0
5,27.31,0.14,0.116,10.08,0.64,1.7,27.31,0.189,0.149,13.59,1.12,2.87,27.31,0.667,0.734,56.21,21.37,41.55,57.31,0.532,0.734,72.95,-11.22,48.3,177.31,0.908,0.94,85.99,-48.08,-8.64,9.97
5,144.31,0.9,0.9,80.49,-71.19,46.77,304.85,0.123,0.215,20.83,4.43,-2.84,304.85,0.681,0.677,44.57,59.89,-34.02,334.85,0.642,0.658,42.1,48.37,-2.6,94.85,0.945,0.85,77.38,-62.6,74.4,1.99
5,272.05,0.156,0.135,11.27,2.72,-3.15,272.05,0.112,0.215,20.76,2.9,-3.37,272.05,0.541,0.836,52.93,46.4,-50.03,242.05,0.605,0.533,27.38,26.4,-45.75,92.05,0.968,0.84,76.74,-60.2,74.46,8.87
5,202.45,0.156,0.089,6.93,-0.62,-1.21,202.45,0.281,0.206,18.73,-2.4,-4.84,202.45,0.706,0.671,50.15,-8.18,-30.79,232.45,0.741,0.751,35.05,36.22,-66.9,22.45,0.962,0.874,54.84,49.49,62.74,8.82
5,342.21,0.144,0.084,6.1,1.51,-0.08,342.21,0.141,0.213,20.12,3.95,-0.18,342.21,0.504,0.775,54.31,42.78,2.24,27.21,0.594,0.686,54.6,17.29,34.7,342.21,0.2,0.5,45.87,11.52,-0.37,5.59
5,331.92,0.037,0.975,95.41,3.79,-0.96,331.92,0.061,0.91,88.31,6.03,-1.51,331.92,0.624,0.608,39.62,44.9,-5.49,16.92,0.76,0.681,45.19,36.34,39.56,181.92,0.946,0.979,87.25,-43.74,-17.14,4.71
5,188.08,0.9,0.9,74.8,-30.94,-25.31,227.13,0.05,0.904,88.34,0.84,-4.73,227.13,0.801,0.601,28.12,26.91,-55.4,272.13,0.47,0.607,41.95,30.81,-33.62,17.13,0.888,0.913,56.01,54.82,59.64,4.49
5,278.45,0.116,0.136,12.04,2.23,-2.3,278.45,0.155,0.187,16.98,3.91,-4.0,278.45,0.559,0.802,51.38,49.5,-47.52,248.45,0.667,0.534,25.52,32.15,-48.97,278.45,0.2,0.5,45.53,11.62,-11.76,4.98
5,95.24,0.9,0.9,81.61,-63.99,76.61,114.84,0.291,0.122,10.74,-6.12,4.7,114.84,0.641,0.8,73.31,-58.16,53.61,144.84,0.611,0.753,69.93,-48.62,25.15,324.84,0.888,0.934,53.16,80.41,-12.36,1.27
5,162.37,0.034,0.963,96.1,-3.18,0.22,162.37,0.006,0.977,97.81,-0.56,0.04,162.37,0.866,0.878,79.78,-57.5,15.52,207.37,0.692,0.569,40.53,-2.45,-30.42,12.37,0.807,0.978,59.63,59.08,54.8,3.45
5,224.32,0.044,0.999,97.08,0.53,-4.31,224.32,0.065,0.937,90.46,0.77,-6.01,224.32,0.789,0.853,42.82,30.48,-69.2,269.32,0.69,0.647,34.43,46.89,-51.96,74.32,0.877,0.905,85.58,-39.25,80.48,5.36
5,44.3,0.025,0.956,95.58,-0.26,2.38,44.3,0.039,0.922,92.21,-0.38,3.6,44.3,0.696,0.885,76.7,2.88,61.88,14.3,0.566,0.507,37.53,21.81,20.61,224.3,0.961,0.959,39.81,50.74,-89.55,6.78
5,8.11,0.1,0.4,40.34,3.27,2.07,8.11,0.1,0.4,40.34,3.27,2.07,8.11,0.1,0.4,40.34,3.27,2.07,338.11,0.1,0.4,40.05,4.84,-0.64,218.11,0.1,0.4,40.42,-0.02,-4.19,1.0
5,162.68,0.1,0.4,42.26,-4.55,0.33,162.68,0.1,0.4,42.26,-4.55,0.33,162.68,0.1,0.4,42.26,-4.55,0.33,132.68,0.1,0.4,42.12,-5.64,3.21,312.68,0.1,0.4,40.18,5.72,-3.1,1.0
5,300.82,0.04,0.981,95.85,5.1,-3.57,300.82,0.022,0.959,95.0,2.78,-1.95,300.82,0.516,0.839,60.71,57.94,-36.89,270.82,0.789,0.55,26.21,46.8,-50.34,90.82,0.999,0.951,85.86,-66.22,82.48,1.0
5,194.63,0.012,0.961,96.21,-0.59,-0.58,194.63,0.062,0.977,95.91,-3.15,-3.15,194.63,0.629,0.806,66.73,-19.08,-24.55,239.63,0.466,0.606,38.48,19.46,-39.26,14.63,0.961,0.81,47.1,57.04,56.79,5.98
5,127.25,0.008,0.99,98.92,-0.92,0.58,127.25,0.006,0.915,92.33,-0.74,0.46,127.25,0.776,0.871,78.1,-70.75,59.71,157.25,0.524,0.632,60.54,-33.53,8.96,307.25,0.93,0.894,53.11,85.58,-42.9,5.09
5,13.45,0.9,0.9,53.05,59.97,58.33,112.91,0.016,0.953,95.48,-1.87,1.51,112.91,0.887,0.812,73.04,-69.78,68.66,82.91,0.402,0.565,56.83,-18.2,28.22,262.91,0.937,0.904,35.2,73.81,-88.98,1.06
5,141.9,0.1,0.4,42.16,-5.31,2.33,141.9,0.1,0.4,42.16,-5.31,2.33,141.9,0.1,0.4,42.16,-5.31,2.33,186.9,0.1,0.4,42.0,-3.2,-1.85,321.9,0.1,0.4,40.13,5.39,-2.21,1.0
5,224.76,0.015,0.958,95.35,0.17,-1.39,224.76,0.072,0.956,91.49,0.95,-6.9,224.76,0.598,0.708,43.99,15.0,-45.93,254.76,0.474,0.538,35.09,22.65,-34.09,44.76,0.987,0.957,77.91,9.97,80.03,5.51
5,254.02,0.109,0.058,3.92,0.4,-0.72,254.02,0.112,0.162,14.84,1.66,-2.89,254.02,0.517,0.824,50.18,35.45,-52.8,209.02,0.657,0.788,55.44,-1.36,-39.41,74.02,0.889,0.956,89.87,-40.89,84.46,9.71
5,241.17,0.013,0.982,97.36,0.6,-1.55,241.17,0.043,0.949,92.09,1.96,-5.01,241.17,0.773,0.652,25.53,44.38,-67.51,286.17,0.671,0.564,34.33,47.16,-39.08,91.17,0.869,0.933,85.01,-60.35,78.42,5.34
5,195.68,0.114,0.06,4.34,-0.34,-0.37,195.68,0.211,0.153,14.09,-2.12,-2.34,195.68,0.588,0.74,61.9,-16.39,-22.5,150.68,0.513,0.657,62.59,-36.06,13.92,15.68,0.948,0.947,55.6,62.5,63.99,9.68
5,288.11,0.176,0.067,4.41,1.39,-1.23,288.11,0.268,0.153,11.92,6.56,-5.54,288.11,0.799,0.067,2.07,5.11,-4.67,318.11,0.794,0.74,44.55,66.18,-22.04,138.11,0.915,0.94,83.39,-76.88,59.0,4.23
5,149.18,0.181,0.086,6.89,-2.14,0.7,149.18,0.212,0.22,22.29,-6.48,2.18,149.18,0.602,0.086,6.1,-6.0,2.29,119.18,0.575,0.789,72.57,-55.09,47.39,329.18,0.914,0.991,55.36,83.29,-2.63,3.01
5,345.38,0.26,0.119,8.47,4.39,0.15,345.38,0.294,0.137,9.93,5.66,0.23,345.38,0.809,0.722,41.03,59.12,17.47,315.38,0.488,0.775,56.37,47.62,-21.1,345.38,0.2,0.5,45.83,11.28,0.39,1.18
5,191.31,0.037,0.962,95.55,-2.14,-1.69,191.31,0.074,0.969,95.12,-4.22,-3.33,191.31,0.6,0.897,76.38,-24.24,-22.36,161.31,0.758,0.501,47.67,-35.04,8.61,341.31,0.933,0.921,50.28,76.13,23.79,3.47
5,125.61,0.031,0.97,96.63,-3.77,2.46,125.61,0.002,0.938,94.48,-0.24,0.16,125.61,0.677,0.827,75.06,-63.14,51.93,155.61,0.778,0.775,71.19,-53.36,20.5,335.61,0.861,0.92,51.72,75.59,7.01,4.57
5,334.07,0.151,0.087,6.31,1.77,-0.36,334.07,0.297,0.177,13.89,7.64,-1.37,334.07,0.699,0.75,46.11,57.56,-2.5,289.07,0.673,0.622,38.59,52.33,-41.07,334.07,0.2,0.5,45.97,12.15,-2.3,4.12
5,334.48,0.243,0.149,11.91,5.36,-0.98,334.48,0.282,0.169,13.38,6.96,-1.22,334.48,0.695,0.149,6.74,14.46,-1.34,4.48,0.735,0.528,31.79,38.66,26.26,184.48,0.929,0.913,79.3,-37.22,-20.25,3.38
5,243.03,0.161,0.139,11.37,1.65,-3.83,243.03,0.14,0.18,16.14,1.78,-4.14,243.03,0.729,0.659,28.06,41.67,-64.42,273.03,0.436,0.528,38.01,25.65,-27.71,33.03,0.923,0.845,61.21,28.02,64.89,5.77
5,156.34,0.035,0.973,96.88,-3.43,0.64,156.34,0.01,0.97,97.18,-1.02,0.19,156.34,0.671,0.622,58.68,-40.47,13.25,186.34,0.449,0.671,62.95,-19.52,-11.0,6.34,0.96,0.934,51.1,72.3,61.91,5.28
5,59.17,0.26,0.056,4.15,-0.57,1.6,59.17,0.249,0.158,15.93,-2.1,6.58,59.17,0.77,0.616,62.39,-13.26,57.95,29.17,0.536,0.682,56.6,13.26,31.87,209.17,0.84,0.837,52.01,5.33,-52.06,9.97
5,218.11,0.9,0.9,45.16,28.51,-72.21,174.83,0.023,0.928,93.22,-1.88,-0.4,174.83,0.508,0.612,59.5,-26.05,-3.9,144.83,0.425,0.566,55.01,-28.31,12.98,354.83,0.977,0.853,45.66,70.85,51.84,1.0
5,66.15,0.228,0.084,6.91,-1.28,2.79,66.15,0.109,0.179,18.52,-1.36,3.12,66.15,0.657,0.709,70.69,-19.92,56.77,111.15,0.662,0.676,62.9,-50.26,48.47,246.15,0.895,0.855,29.88,66.05,-90.86,6.07
5,273.38,0.028,0.963,94.79,2.46,-2.82,273.38,0.009,0.972,96.9,0.79,-0.91,273.38,0.857,0.633,29.21,56.28,-58.32,303.38,0.659,0.628,42.01,55.49,-32.78,63.38,0.948,0.923,89.53,-25.39,86.82,4.88
5,338.25,0.9,0.9,49.78,74.77,14.46,63.02,0.228,0.171,17.42,-2.4,6.41,63.02,0.883,0.892,87.02,-23.67,82.92,108.02,0.661,0.563,53.23,-42.03,42.05,243.02,0.804,0.822,31.53,56.98,-83.15,2.57
5,359.33,0.12,0.132,11.54,1.95,0.68,359.33,0.124,0.187,17.59,2.72,0.94,359.33,0.757,0.871,50.05,63.77,39.57,29.33,0.554,0.664,54.85,13.4,32.31,149.33,0.881,0.982,87.37,-72.69,40.61,8.91
5,20.4,0.001,0.958,96.19,0.05,0.08,20.4,0.052,0.904,89.2,1.99,2.97,20.4,0.508,0.635,50.59,18.44,24.47,350.4,0.643,0.578,36.31,41.07,12.23,230.4,0.955,0.984,36.53,64.21,-98.51,9.95
5,30.96,0.049,0.987,97.1,0.9,3.75,30.96,0.017,0.904,90.87,0.28,1.22,30.96,0.886,0.728,52.67,26.21,55.53,0.96,0.443,0.538,39.94,25.04,11.61,180.96,0.946,0.967,87.36,-44.96,-15.34,3.19
5,138.55,0.106,0.105,9.33,-1.86,0.9,138.55,0.236,0.194,19.26,-6.99,3.53,138.55,0.661,0.629,58.76,-46.67,29.46,93.55,0.578,0.627,60.54,-33.51,42.04,348.55,0.996,0.963,51.53,78.4,47.1,9.18
5,184.59,0.015,0.995,99.17,-1.13,-0.56,184.59,0.035,0.923,92.44,-2.42,-1.19,184.59,0.562,0.802,73.44,-27.92,-13.67,229.59,0.776,0.549,25.23,26.33,-51.93,334.59,0.868,0.95,53.32,78.0,5.69,5.4
5,241.51,0.044,1.0,96.42,2.1,-5.31,241.51,0.041,0.907,88.67,1.84,-4.65,241.51,0.567,1.0,54.09,40.65,-71.72,271.51,0.648,0.634,35.89,44.27,-47.55,31.51,0.989,0.941,64.81,37.27,71.17,5.73
5,168.0,0.04,0.992,98.49,-3.65,-0.19,168.0,0.023,0.966,96.54,-2.04,-0.11,168.0,0.572,0.992,91.12,-45.71,2.14,123.0,0.492,0.515,49.38,-34.29,26.86,348.0,0.884,0.998,54.64,78.69,35.73,1.62
5,54.67,0.001,1.0,99.96,-0.03,0.12,54.67,0.061,0.93,93.12,-1.83,6.52,54.67,0.563,0.627,61.94,-8.1,43.46,99.67,0.786,0.651,60.87,-48.3,55.01,204.67,0.873,0.9,58.85,-1.48,-50.19,5.58
5,217.44,0.038,0.986,96.63,-0.11,-3.25,217.44,0.003,0.964,96.65,-0.01,-0.29,217.44,0.713,0.718,43.62,11.36,-47.95,172.44,0.46,0.777,74.26,-30.01,-2.7,217.44,0.2,0.5,46.8,0.06,-9.99,5.21
5,74.17,0.021,0.966,96.75,-1.3,2.32,74.17,0.063,0.904,90.87,-3.69,6.67,74.17,0.579,0.966,92.19,-30.77,63.45,29.17,0.419,0.533,47.3,7.67,19.95,254.17,0.854,0.834,32.27,63.62,-83.63,4.89
5,178.47,0.032,0.967,96.48,-2.6,-0.8,178.47,0.044,0.921,92.2,-3.5,-1.07,178.47,0.623,0.796,75.06,-35.03,-8.72,148.47,0.522,0.683,64.71,-38.43,16.41,358.47,0.963,0.809,43.31,67.69,53.32,5.59
5,111.33,0.9,0.9,80.25,-75.32,74.92,34.7,0.014,0.972,97.03,0.14,1.17,34.7,0.723,0.881,69.56,17.18,57.16,4.7,0.509,0.776,55.06,35.99,21.1,184.7,0.977,0.935,80.45,-37.4,-21.46,1.0
5,217.17,0.172,0.094,7.11,-0.04,-1.73,217.17,0.265,0.154,12.5,0.02,-4.94,217.17,0.536,0.873,61.35,5.63,-42.29,172.17,0.677,0.562,53.95,-30.93,-1.47,37.17,0.913,0.943,71.39,22.28,72.86,9.99
5,134.07,0.239,0.075,5.66,-2.43,1.34,134.07,0.104,0.215,22.3,-3.48,1.91,134.07,0.507,0.847,78.41,-49.35,31.92,104.07,0.598,0.788,73.4,-48.4,50.77,284.07,0.841,0.973,51.34,83.24,-72.01,9.15
5,311.49,0.1,0.4,40.19,5.76,-3.22,311.49,0.1,0.4,40.19,5.76,-3.22,311.49,0.1,0.4,40.19,5.76,-3.22,281.49,0.1,0.4,39.95,4.95,-4.8,101.49,0.1,0.4,42.31,-4.85,4.84,1.0
5,229.49,0.9,0.9,36.0,52.7,-87.27,170.91,0.024,0.954,95.51,-2.13,-0.25,170.91,0.895,0.601,56.72,-38.33,1.45,140.91,0.702,0.665,61.67,-50.09,30.67,350.91,0.805,0.906,51.11,69.5,31.11,1.0
5,115.99,0.9,0.9,80.05,-77.13,74.67,275.61,0.072,0.916,87.89,6.39,-6.96,275.61,0.578,0.788,48.91,49.03,-49.4,230.61,0.457,0.619,42.74,12.42,-34.43,65.61,0.981,0.98,93.7,-30.54,90.68,1.34
5,348.55,0.26,0.145,11.19,5.12,0.54,348.55,0.246,0.208,17.64,6.58,0.7,348.55,0.832,0.676,37.81,56.59,22.41,33.55,0.5,0.646,56.21,8.07,30.21,168.55,0.882,0.964,87.22,-57.05,6.44,7.31
5,192.59,0.02,0.996,99.0,-1.11,-0.96,192.59,0.068,0.936,92.34,-3.61,-3.12,192.59,0.5,0.87,75.65,-20.18,-19.74,237.59,0.558,0.751,42.5,28.03,-54.56,12.59,0.836,0.961,57.82,60.01,56.47,4.49
5,290.27,0.1,0.4,40.09,5.52,-4.58,290.27,0.1,0.4,40.09,5.52,-4.58,290.27,0.1,0.4,40.09,5.52,-4.58,260.27,0.1,0.4,39.62,3.56,-5.33,110.27,0.1,0.4,42.19,-5.44,4.65,1.0
5,4.03,0.9,0.9,49.64,69.5,55.93,150.7,0.206,0.194,19.5,-5.61,1.74,150.7,0.505,0.87,80.89,-44.59,17.22,195.7,0.621,0.531,44.8,-12.96,-18.07,0.7,0.997,0.919,49.03,74.84,62.83,1.0
5,105.29,0.042,0.974,96.87,-4.43,4.09,105.29,0.015,0.964,96.55,-1.53,1.41,105.29,0.651,0.812,74.94,-53.87,56.01,60.29,0.796,0.767,76.72,-17.24,70.82,105.29,0.2,0.5,51.23,-12.2,11.56,2.83
5,26.16,0.2,0.062,4.28,0.38,0.85,26.16,0.268,0.196,17.89,2.29,5.08,26.16,0.53,0.062,3.5,0.99,1.94,341.16,0.619,0.797,51.16,53.29,4.11,176.16,0.967,0.881,80.95,-47.51,-6.0,4.72
5,108.45,0.266,0.116,10.23,-4.98,4.19,108.45,0.272,0.218,21.78,-8.65,7.83,108.45,0.849,0.721,65.91,-60.4,61.57,138.45,0.694,0.767,70.28,-56.52,36.73,318.45,0.981,0.811,46.11,75.65,-19.94,8.91
5,217.13,0.1,0.4,40.46,-0.12,-4.11,217.13,0.1,0.4,40.46,-0.12,-4.11,217.13,0.1,0.4,40.46,-0.12,-4.11,262.13,0.1,0.4,39.65,3.68,-5.28,67.13,0.1,0.4,42.8,-2.51,5.61,1.0
5,266.81,0.176,0.145,12.05,3.02,-3.89,266.81,0.184,0.202,17.84,4.21,-5.4,266.81,0.613,0.69,39.58,42.84,-50.02,311.81,0.47,0.704,52.41,43.36,-21.63,116.81,0.987,0.957,84.42,-82.81,80.29,6.28
5,86.32,0.219,0.054,3.85,-0.87,1.13,86.32,0.256,0.212,21.68,-5.68,7.86,86.32,0.884,0.82,76.26,-50.22,72.26,116.32,0.795,0.52,48.35,-48.01,45.28,296.32,0.871,0.884,52.43,84.68,-57.26,8.4
5,173.72,0.207,0.098,8.19,-1.86,-0.44,173.72,0.188,0.215,22.01,-4.59,-0.77,173.72,0.692,0.624,59.57,-33.27,-2.97,203.72,0.564,0.734,57.83,-8.26,-27.98,173.72,0.2,0.5,51.39,-9.75,-1.59,6.72
5,302.74,0.129,0.105,8.47,2.54,-1.7,302.74,0.236,0.143,11.52,6.1,-4.0,302.74,0.705,0.105,4.48,10.95,-7.02,332.74,0.757,0.775,46.07,62.63,-2.8,92.74,0.918,0.805,74.02,-57.11,71.13,4.51
5,163.48,0.1,0.4,42.26,-4.52,0.25,163.48,0.1,0.4,42.26,-4.52,0.25,163.48,0.1,0.4,42.26,-4.52,0.25,193.48,0.1,0.4,41.66,-2.54,-2.34,343.48,0.1,0.4,40.02,4.65,-0.11,1.0
5,352.61,0.113,0.07,4.95,0.79,0.14,352.61,0.225,0.15,12.16,4.42,0.85,352.61,0.843,0.642,35.51,54.26,27.76,307.61,0.609,0.507,34.73,42.95,-23.2,142.61,0.835,0.866,77.89,-67.53,43.96,7.22
5,125.23,0.049,0.968,96.01,-5.94,3.92,125.23,0.037,0.952,94.93,-4.42,2.9,125.23,0.759,0.885,79.29,-71.35,61.46,155.23,0.615,0.61,57.9,-37.78,12.52,335.23,0.846,0.923,52.22,75.43,5.48,2.85
5,202.39,0.18,0.076,5.5,-0.54,-1.05,202.39,0.285,0.213,19.46,-2.51,-5.04,202.39,0.666,0.718,54.53,-9.02,-30.79,247.39,0.678,0.78,37.0,44.81,-67.95,22.39,0.818,0.971,64.68,44.27,60.65,9.29
5,19.65,0.261,0.131,10.61,2.25,3.04,19.65,0.124,0.15,14.05,1.14,1.58,19.65,0.812,0.758,50.01,39.36,47.93,49.65,0.658,0.585,55.31,-3.55,44.82,199.65,0.824,0.883,63.78,-12.07,-39.92,8.54
5,117.59,0.043,0.975,96.79,-5.23,3.92,117.59,0.028,0.944,94.36,-3.38,2.53,117.59,0.553,0.602,56.8,-42.47,36.73,147.59,0.703,0.541,51.03,-40.51,20.15,327.59,0.965,0.985,54.7,84.07,-3.32,6.55
5,261.73,0.289,0.066,3.73,1.4,-2.15,261.73,0.229,0.201,16.82,4.87,-6.9,261.73,0.862,0.683,27.72,56.37,-68.53,231.73,0.565,0.551,33.0,16.79,-39.52,81.73,0.984,0.917,84.59,-52.7,81.77,6.19
5,286.46,0.168,0.089,6.37,2.15,-1.96,286.46,0.263,0.142,10.87,5.93,-5.17,286.46,0.548,0.089,4.04,5.68,-5.4,256.46,0.564,0.654,38.09,33.53,-47.17,136.46,0.811,0.886,79.38,-70.32,51.78,5.19
5,34.28,0.151,0.06,4.31,0.11,0.73,34.28,0.164,0.174,16.87,0.51,3.24,34.28,0.889,0.06,3.01,0.67,3.58,79.28,0.66,0.686,66.76,-29.85,53.0,184.28,0.839,0.952,83.22,-38.44,-19.64,5.17
5,188.17,0.1,0.4,41.93,-3.07,-1.95,188.17,0.1,0.4,41.93,-3.07,-1.95,188.17,0.1,0.4,41.93,-3.07,-1.95,218.17,0.1,0.4,40.41,-0.01,-4.19,38.17,0.1,0.4,41.82,0.19,4.21,1.0
5,281.51,0.242,0.069,4.25,1.79,-1.8,281.51,0.213,0.194,16.83,5.85,-5.6,281.51,0.753,0.069,2.21,4.59,-4.81,326.51,0.764,0.745,44.68,62.72,-11.08,131.51,0.855,0.914,81.39,-75.55,62.5,4.92
5,173.0,0.229,0.129,11.99,-3.64,-0.54,173.0,0.279,0.193,19.21,-6.16,-0.86,173.0,0.56,0.856,80.29,-37.49,-3.31,143.0,0.583,0.77,71.5,-48.36,25.99,323.0,0.85,0.848,49.21,74.16,-15.86,8.45
5,54.04,0.17,0.107,9.53,-0.78,2.7,54.04,0.115,0.131,12.63,-0.64,2.41,54.04,0.874,0.811,75.84,-9.03,73.73,99.04,0.529,0.504,49.26,-28.41,31.89,54.04,0.2,0.5,52.03,-3.17,12.9,7.61
5,304.51,0.032,0.988,96.99,3.98,-2.61,304.51,0.014,0.946,94.4,1.65,-1.09,304.51,0.771,0.798,50.2,74.01,-41.66,349.51,0.758,0.703,40.88,54.98,19.79,124.51,0.915,0.953,84.18,-81.43,75.52,4.65
5,344.56,0.271,0.051,3.0,1.12,0.01,344.56,0.277,0.128,9.17,5.02,0.1,344.56,0.84,0.684,38.31,57.94,17.24,29.56,0.529,0.648,54.27,12.13,30.28,134.56,0.822,0.882,79.0,-71.26,54.82,7.65
5,172.23,0.002,0.963,96.66,-0.19,-0.03,172.23,0.005,0.91,91.93,-0.45,-0.07,172.23,0.545,0.963,89.22,-40.78,-2.81,202.23,0.542,0.793,63.57,-10.26,-27.46,22.23,0.939,0.878,55.54,48.65,62.22,3.26
5,185.47,0.205,0.133,12.29,-2.68,-1.39,185.47,0.241,0.216,21.55,-4.68,-2.42,185.47,0.816,0.644,57.46,-27.04,-15.52,230.47,0.438,0.603,42.59,11.28,-32.2,35.47,0.896,0.812,61.36,21.77,63.4,10.0
5,343.08,0.038,0.959,93.93,3.55,-0.15,343.08,0.075,0.931,89.18,6.94,-0.25,343.08,0.69,0.726,44.41,53.69,8.37,13.08,0.425,0.73,58.06,21.99,19.26,163.08,0.916,0.848,77.23,-56.76,15.37,5.33
5,74.33,0.021,0.962,96.45,-1.28,2.28,74.33,0.025,0.931,93.66,-1.5,2.67,74.33,0.623,0.817,79.2,-28.66,59.16,29.33,0.575,0.758,61.41,15.82,37.52,254.33,0.942,0.86,30.49,69.55,-90.54,4.04
5,99.24,0.049,0.964,95.9,-4.77,4.92,99.24,0.053,0.909,91.07,-4.88,5.05,99.24,0.741,0.895,81.73,-59.32,68.02,54.24,0.538,0.621,61.33,-7.56,41.13,249.24,0.918,0.862,30.03,68.02,-91.59,5.32
5,254.51,0.013,0.989,98.05,0.84,-1.47,254.51,0.066,0.964,91.83,4.3,-7.43,254.51,0.586,0.989,54.66,48.35,-69.18,224.51,0.492,0.656,45.76,9.46,-35.28,74.51,0.954,0.874,82.61,-40.33,80.18,4.32
5,86.28,0.133,0.066,5.01,-0.77,1.01,86.28,0.102,0.199,20.79,-2.18,2.95,86.28,0.687,0.841,79.18,-42.68,63.16,131.28,0.483,0.578,55.31,-35.42,23.87,236.28,0.819,0.923,36.41,57.91,-89.94,6.09
5,203.12,0.1,0.4,41.17,-1.55,-3.07,203.12,0.1,0.4,41.17,-1.55,-3.07,203.12,0.1,0.4,41.17,-1.55,-3.07,158.12,0.1,0.4,42.24,-4.72,0.76,53.12,0.1,0.4,42.56,-1.33,5.28,1.0
5,305.93,0.147,0.081,5.88,1.85,-1.18,305.93,0.265,0.128,9.58,6.13,-3.77,305.93,0.63,0.735,49.51,59.98,-33.5,275.93,0.466,0.711,49.63,36.38,-37.02,155.93,0.951,0.968,86.4,-69.56,31.89,9.48
5,278.2,0.012,0.987,98.04,1.13,-1.18,278.2,0.045,0.916,89.58,4.16,-4.33,278.2,0.531,0.778,51.19,45.77,-44.28,248.2,0.737,0.627,27.02,41.79,-61.13,98.2,0.908,0.865,78.41,-64.93,74.13,5.83
5,184.72,0.032,0.977,97.25,-2.29,-1.14,184.72,0.038,0.935,93.45,-2.62,-1.3,184.72,0.699,0.73,66.08,-29.09,-14.85,229.72,0.442,0.601,42.46,10.9,-32.09,4.72,0.945,0.919,50.17,71.95,60.11,6.22
5,277.69,0.272,0.139,10.24,5.38,-5.51,277.69,0.204,0.16,13.35,4.5,-4.64,277.69,0.724,0.721,39.38,57.04,-54.88,247.69,0.509,0.577,35.12,23.83,-40.12,97.69,0.854,0.819,74.9,-59.53,69.34,7.15
5,136.53,0.295,0.062,4.33,-2.04,1.07,136.53,0.197,0.161,15.65,-5.06,2.67,136.53,0.539,0.062,4.05,-3.46,1.82,106.53,0.774,0.568,53.19,-46.56,48.24,316.53,0.812,0.926,55.19,80.3,-28.5,5.25
5,69.68,0.033,0.956,95.8,-1.83,3.7,69.68,0.066,0.92,92.32,-3.54,7.25,69.68,0.71,0.956,91.49,-30.46,75.5,114.68,0.774,0.531,49.51,-47.53,45.2,279.68,0.807,0.992,51.2,80.4,-74.96,3.58
5,182.71,0.1,0.4,42.21,-3.62,-1.54,182.71,0.1,0.4,42.21,-3.62,-1.54,182.71,0.1,0.4,42.21,-3.62,-1.54,227.71,0.1,0.4,39.93,0.97,-4.9,32.71,0.1,0.4,41.55,0.74,3.82,1.0
5,17.18,0.1,0.4,40.78,2.33,2.71,17.18,0.1,0.4,40.78,2.33,2.71,17.18,0.1,0.4,40.78,2.33,2.71,47.18,0.1,0.4,42.27,-0.73,4.85,167.18,0.1,0.4,42.28,-4.38,-0.11,1.0
5,82.77,0.289,0.135,12.69,-4.07,6.12,82.77,0.188,0.168,16.93,-3.24,4.8,82.77,0.86,0.777,73.29,-43.63,69.16,37.77,0.553,0.538,47.82,4.95,30.66,232.77,0.945,0.905,32.46,63.02,-93.92,6.25
5,301.13,0.117,0.103,8.31,2.27,-1.57,301.13,0.143,0.154,13.88,3.95,-2.71,301.13,0.758,0.608,38.95,60.28,-36.93,256.13,0.645,0.62,32.16,37.47,-51.48,151.13,0.947,0.929,83.01,-70.53,39.22,6.81
5,46.71,0.032,0.966,96.41,-0.48,3.13,46.71,0.022,0.947,94.92,-0.33,2.13,46.71,0.51,0.674,63.33,-1.97,38.26,76.71,0.765,0.772,74.2,-34.11,65.58,46.71,0.2,0.5,51.14,-1.4,11.67,2.11
5,180.91,0.046,0.964,96.0,-3.64,-1.36,180.91,0.027,0.953,95.31,-2.08,-0.78,180.91,0.814,0.81,74.86,-38.14,-12.78,150.91,0.765,0.616,57.53,-46.16,21.46,330.91,0.91,0.846,47.32,73.24,0.29,4.16
5,94.98,0.9,0.9,81.64,-63.75,76.64,299.32,0.035,0.902,89.28,4.09,-2.93,299.32,0.524,0.803,57.88,56.65,-37.07,254.32,0.655,0.764,38.78,44.64,-62.51,149.32,0.804,0.937,84.1,-66.98,34.87,1.0
5,291.06,0.039,0.971,94.91,4.46,-3.68,291.06,0.04,0.956,93.59,4.51,-3.72,291.06,0.512,0.867,60.6,54.82,-41.99,336.06,0.759,0.779,46.0,62.23,2.03,291.06,0.2,0.5,46.06,13.58,-10.92,2.76
5,164.92,0.024,0.988,98.44,-2.3,0.03,164.92,0.042,0.926,92.65,-3.75,0.06,164.92,0.733,0.792,73.38,-47.02,7.61,134.92,0.728,0.77,70.3,-59.79,42.86,314.92,0.862,0.889,52.41,80.29,-29.95,5.27
5,79.42,0.1,0.4,42.62,-3.35,5.33,79.42,0.1,0.4,42.62,-3.35,5.33,79.42,0.1,0.4,42.62,-3.35,5.33,49.42,0.1,0.4,42.38,-0.95,5.01,259.42,0.1,0.4,39.61,3.5,-5.35,1.0
5,224.48,0.1,0.4,40.09,0.64,-4.66,224.48,0.1,0.4,40.09,0.64,-4.66,224.48,0.1,0.4,40.09,0.64,-4.66,194.48,0.1,0.4,41.61,-2.43,-2.42,14.48,0.1,0.4,40.65,2.61,2.52,1.0
5,71.81,0.275,0.12,11.18,-2.76,5.26,71.81,0.105,0.121,11.5,-1.09,2.11,71.81,0.616,0.12,10.74,-5.7,10.74,41.81,0.771,0.596,51.13,5.7,47.68,221.81,0.99,0.932,39.59,46.55,-85.93,2.18
5,184.73,0.2,0.11,9.62,-2.28,-1.12,184.73,0.292,0.209,20.5,-5.55,-2.71,184.73,0.544,0.68,63.29,-23.87,-11.8,139.73,0.473,0.643,61.39,-35.87,19.78,34.73,0.917,0.821,60.95,24.1,64.15,9.92
5,266.92,0.277,0.072,4.21,1.73,-2.36,266.92,0.298,0.135,9.32,4.96,-6.26,266.92,0.74,0.797,39.36,58.1,-66.42,296.92,0.697,0.796,51.14,69.43,-46.66,266.92,0.2,0.5,45.06,9.85,-12.51,4.16
5,44.99,0.048,0.988,97.92,-0.55,4.68,44.99,0.077,0.903,89.82,-0.78,7.06,44.99,0.772,0.613,54.24,2.29,50.51,89.99,0.568,0.7,67.37,-33.85,45.69,254.99,0.914,0.856,31.32,68.31,-88.53,9.26
5,357.44,0.11,0.129,11.29,1.78,0.53,357.44,0.187,0.163,14.05,3.77,1.15,357.44,0.568,0.754,49.69,44.27,19.33,327.44,0.468,0.531,39.33,31.55,-7.96,147.44,0.945,0.921,82.22,-72.21,45.2,9.16
5,91.03,0.006,0.983,98.4,-0.55,0.66,91.03,0.018,0.902,90.99,-1.46,1.77,91.03,0.667,0.693,66.02,-39.17,52.13,61.03,0.762,0.659,66.7,-15.79,60.93,301.03,0.923,0.987,59.8,95.46,-57.71,4.26
5,130.65,0.042,0.981,97.34,-5.0,2.94,130.65,0.018,0.919,92.44,-2.01,1.18,130.65,0.845,0.788,71.11,-67.19,55.76,100.65,0.505,0.743,70.73,-38.15,41.6,280.65,0.837,0.894,45.76,76.05,-69.89,6.31
5,159.28,0.9,0.9,81.27,-61.96,22.16,349.46,0.043,0.965,94.02,3.92,0.38,349.46,0.745,0.794,46.45,59.85,21.15,19.46,0.548,0.778,59.36,24.86,31.0,199.46,0.938,0.932,64.38,-9.57,-45.91,2.54
5,162.32,0.049,0.965,95.92,-4.62,0.33,162.32,0.007,0.934,94.05,-0.68,0.04,162.32,0.717,0.705,65.88,-43.7,9.47,117.32,0.739,0.692,63.48,-58.01,53.72,12.32,0.901,0.956,55.63,64.52,60.96,5.59
5,204.44,0.022,0.994,98.44,-0.7,-1.5,204.44,0.07,0.927,90.66,-2.01,-4.42,204.44,0.537,0.65,52.02,-6.95,-24.67,249.44,0.4,0.786,54.68,23.35,-40.08,54.44,0.866,0.933,86.47,-10.73,82.26,4.18
5,177.15,0.115,0.115,10.63,-1.62,-0.43,177.15,0.136,0.205,21.16,-3.12,-0.82,177.15,0.61,0.854,80.02,-37.33,-7.7,147.15,0.416,0.669,64.42,-31.29,13.15,177.15,0.2,0.5,51.43,-9.41,-2.38,6.88
5,253.08,0.23,0.059,3.49,0.8,-1.5,253.08,0.215,0.135,10.22,2.75,-4.8,253.08,0.601,0.738,40.2,38.56,-56.31,283.08,0.475,0.64,45.6,36.78,-32.82,73.08,0.956,0.966,90.66,-41.53,86.99,8.23
5,351.09,0.016,0.98,97.17,1.4,0.18,351.09,0.061,0.949,91.49,5.38,0.74,351.09,0.667,0.646,39.8,46.31,15.41,306.09,0.415,0.742,57.55,41.51,-24.23,141.09,0.97,0.839,75.22,-70.66,52.85,5.91
5,100.95,0.202,0.142,13.52,-4.06,4.13,100.95,0.11,0.201,20.83,-2.98,3.0,100.95,0.526,0.638,61.29,-35.13,38.21,145.95,0.412,0.756,72.0,-34.56,15.2,100.95,0.2,0.5,51.37,-11.49,11.77,6.04
5,150.17,0.9,0.9,80.75,-68.02,37.39,277.88,0.135,0.212,20.03,3.76,-3.9,277.88,0.518,0.82,54.42,46.46,-45.28,232.88,0.754,0.535,23.87,28.24,-51.96,127.88,0.824,0.818,73.63,-69.15,59.15,1.0
5,259.31,0.264,0.117,7.94,2.68,-4.78,259.31,0.193,0.15,12.19,3.02,-4.56,259.31,0.55,0.748,44.74,37.51,-50.44,214.31,0.637,0.572,38.9,3.47,-33.44,109.31,0.867,0.813,73.45,-67.54,68.3,8.42
5,295.57,0.178,0.07,4.67,1.66,-1.28,295.57,0.218,0.203,17.88,7.33,-5.45,295.57,0.52,0.07,3.31,4.18,-3.26,265.57,0.608,0.633,36.34,39.09,-46.68,115.57,0.926,0.826,74.01,-72.7,70.62,4.27
5,6.37,0.227,0.117,8.77,2.85,1.34,6.37,0.148,0.18,16.64,2.64,1.5,6.37,0.714,0.117,4.9,7.88,3.75,36.37,0.799,0.701,55.84,14.51,52.77,156.37,0.926,0.807,73.4,-59.53,25.72,5.44
5,61.19,0.012,0.972,97.41,-0.55,1.46,61.19,0.027,0.947,95.13,-1.16,3.07,61.19,0.635,0.718,72.29,-15.62,56.76,106.19,0.432,0.551,53.9,-28.09,27.49,271.19,0.973,0.914,38.41,77.57,-85.06,4.69
5,186.33,0.039,0.966,96.07,-2.66,-1.48,186.33,0.065,0.932,92.46,-4.27,-2.37,186.33,0.724,0.653,58.4,-25.45,-15.39,231.33,0.509,0.589,38.05,14.68,-37.3,186.33,0.2,0.5,50.67,-7.62,-4.21,4.33
5,8.25,0.213,0.054,3.39,0.69,0.42,8.25,0.117,0.191,18.34,2.05,1.31,8.25,0.794,0.844,50.44,56.41,45.78,38.25,0.493,0.726,64.65,4.82,35.12,188.25,0.85,0.827,69.62,-28.88,-23.09,8.92
5,302.39,0.034,0.989,96.91,4.3,-2.93,302.39,0.036,0.916,90.42,4.25,-2.9,302.39,0.63,0.87,58.55,70.02,-42.37,347.39,0.625,0.563,35.97,39.61,8.53,152.39,0.962,0.9,80.73,-68.43,36.78,2.81
5,54.9,0.04,0.977,97.48,-1.3,4.5,54.9,0.066,0.914,91.68,-1.99,7.0,54.9,0.751,0.774,74.03,-10.31,65.63,9.9,0.48,0.606,45.98,23.91,17.8,234.9,0.978,0.811,26.99,62.56,-89.2,6.0
5,235.43,0.241,0.121,8.43,1.67,-4.87,235.43,0.293,0.155,11.01,2.64,-7.35,235.43,0.851,0.607,22.39,41.93,-65.67,280.43,0.776,0.654,34.92,56.75,-52.09,25.43,0.82,0.969,66.56,39.26,62.55,5.59
5,328.24,0.03,0.962,94.71,3.15,-1.0,328.24,0.026,0.95,93.95,2.65,-0.85,328.24,0.739,0.887,53.43,69.93,-10.31,283.24,0.44,0.759,55.29,39.24,-35.04,148.24,0.982,0.861,77.29,-69.03,43.43,2.49
5,334.73,0.9,0.9,50.07,75.59,7.45,272.45,0.012,0.976,96.99,1.08,-1.27,272.45,0.536,0.827,52.73,45.8,-49.06,302.45,0.643,0.778,52.29,64.96,-39.21,92.45,0.941,0.992,89.2,-67.94,84.04,1.82
5,120.23,0.001,0.999,99.84,-0.17,0.12,120.23,0.065,0.908,90.33,-7.73,5.58,120.23,0.9,0.782,70.3,-70.15,66.67,75.23,0.446,0.558,56.54,-16.49,31.83,330.23,0.934,0.821,45.74,72.17,0.13,6.83
5,200.59,0.117,0.065,4.77,-0.32,-0.51,200.59,0.149,0.218,21.67,-1.61,-2.59,200.59,0.819,0.065,3.07,-1.56,-3.08,155.59,0.69,0.726,67.55,-46.98,16.5,20.59,0.866,0.863,55.58,45.9,57.19,3.08
5,317.74,0.042,0.963,94.04,4.77,-2.29,317.74,0.064,0.964,92.78,7.26,-3.46,317.74,0.634,0.809,53.05,61.22,-23.1,272.74,0.585,0.714,43.53,44.56,-47.2,107.74,0.888,0.828,74.63,-68.38,70.08,4.32
5,220.97,0.025,0.986,97.28,0.11,-2.24,220.97,0.045,0.964,94.16,0.21,-4.03,220.97,0.677,0.747,44.71,14.97,-50.6,175.97,0.51,0.666,64.32,-27.49,-5.01,70.97,0.925,0.806,77.61,-32.68,75.69,5.97
5,185.96,0.9,0.9,76.95,-34.41,-22.03,114.73,0.285,0.176,17.02,-8.18,6.7,114.73,0.556,0.767,71.24,-50.38,45.26,69.73,0.778,0.747,73.15,-26.61,66.09,294.73,0.856,0.815,47.87,78.19,-54.71,1.0
5,262.04,0.28,0.135,9.48,4.3,-6.02,262.04,0.144,0.126,10.36,2.0,-2.88,262.04,0.87,0.895,36.69,70.32,-85.16,217.04,0.659,0.668,42.97,7.98,-41.6,82.04,0.822,0.9,83.94,-46.71,76.02,7.31
5,358.32,0.234,0.143,11.27,4.23,1.41,358.32,0.181,0.206,18.58,4.42,1.45,358.32,0.864,0.871,47.79,69.08,48.13,313.32,0.564,0.705,49.03,50.84,-23.47,358.32,0.2,0.5,45.67,10.32,3.47,4.48
5,203.54,0.221,0.144,12.59,-1.35,-2.89,203.54,0.232,0.199,18.46,-1.84,-4.0,203.54,0.733,0.85,60.91,-7.54,-39.79,233.54,0.441,0.575,39.6,13.05,-32.68,353.54,0.939,0.934,50.34,75.41,50.11,9.1
5,195.54,0.9,0.9,67.21,-17.92,-37.02,177.35,0.053,0.912,91.31,-4.22,-1.16,177.35,0.522,0.753,71.95,-30.26,-6.72,147.35,0.623,0.688,64.37,-44.97,21.49,357.35,0.822,0.96,53.4,72.81,46.28,1.0
5,245.81,0.037,0.956,93.24,1.93,-4.28,245.81,0.062,0.93,89.07,3.2,-7.02,245.81,0.772,0.801,32.71,53.64,-78.19,200.81,0.792,0.732,53.43,-9.58,-34.6,245.81,0.2,0.5,44.26,6.67,-13.81,7.82
5,134.88,0.004,0.987,98.74,-0.5,0.26,134.88,0.0,0.937,94.38,-0.05,0.03,134.88,0.753,0.729,66.72,-58.45,42.52,164.88,0.429,0.662,64.18,-27.17,2.35,134.88,0.2,0.5,50.95,-13.31,7.42,4.45
5,270.23,0.283,0.109,7.17,3.89,-4.49,270.23,0.144,0.142,12.24,2.54,-3.07,270.23,0.742,0.722,36.53,55.06,-59.83,225.23,0.575,0.71,44.97,14.4,-44.56,90.23,0.864,0.812,75.17,-52.99,70.39,6.59
5,331.16,0.122,0.109,8.9,2.07,-0.54,331.16,0.246,0.127,9.56,4.82,-1.17,331.16,0.509,0.739,52.25,43.9,-7.49,301.16,0.634,0.521,35.55,46.95,-29.25,121.16,0.896,0.998,87.72,-84.42,79.91,7.29
5,77.92,0.2,0.112,10.24,-2.21,3.69,77.92,0.128,0.124,11.85,-1.55,2.56,77.92,0.505,0.697,68.79,-23.51,42.54,32.92,0.743,0.759,59.23,18.21,50.96,77.92,0.2,0.5,52.12,-7.66,12.93,4.86
5,338.32,0.02,0.975,96.48,1.95,-0.27,338.32,0.02,0.9,89.91,1.81,-0.25,338.32,0.86,0.625,34.91,55.54,8.05,23.32,0.668,0.612,45.7,22.32,33.95,128.32,1.0,0.828,74.0,-73.97,68.2,6.34
5,261.64,0.1,0.4,39.64,3.65,-5.3,261.64,0.1,0.4,39.64,3.65,-5.3,261.64,0.1,0.4,39.64,3.65,-5.3,231.64,0.1,0.4,39.73,1.38,-5.2,111.64,0.1,0.4,42.17,-5.53,4.62,1.0
5,48.1,0.122,0.138,13.4,-0.41,2.46,48.1,0.235,0.212,21.49,-0.99,6.87,48.1,0.758,0.853,75.91,-1.49,66.83,18.1,0.405,0.592,49.59,14.53,17.05,198.1,0.863,0.881,64.19,-13.89,-39.08,10.0
5,166.32,0.048,0.999,99.0,-4.47,-0.06,166.32,0.039,0.969,96.52,-3.61,-0.05,166.32,0.502,0.999,92.3,-42.42,3.05,136.32,0.639,0.763,70.3,-53.87,35.53,346.32,0.803,0.829,47.16,65.49,21.05,2.65
5,89.3,0.155,0.132,12.66,-2.45,3.13,89.3,0.297,0.166,16.3,-5.66,7.36,89.3,0.629,0.879,82.42,-43.74,60.3,59.3,0.586,0.788,78.56,-14.42,56.99,299.3,0.841,0.931,57.26,88.69,-56.1,10.0
5,295.16,0.239,0.052,3.21,1.33,-1.04,295.16,0.126,0.133,11.72,2.94,-2.24,295.16,0.509,0.052,2.48,2.69,-2.1,325.16,0.66,0.568,36.43,45.9,-11.18,85.16,0.959,0.898,82.55,-55.33,79.42,4.7
5,351.81,0.1,0.4,39.98,4.38,0.7,351.81,0.1,0.4,39.98,4.38,0.7,351.81,0.1,0.4,39.98,4.38,0.7,36.81,0.1,0.4,41.75,0.33,4.11,171.81,0.1,0.4,42.31,-4.21,-0.55,1.0
5,331.66,0.031,0.986,96.76,3.22,-0.84,331.66,0.027,0.915,90.81,2.64,-0.69,331.66,0.602,0.76,50.02,52.17,-6.87,16.66,0.543,0.627,47.68,22.87,24.45,121.66,0.947,0.833,74.44,-74.32,70.75,5.54
5,224.71,0.044,0.965,94.13,0.54,-4.18,224.71,0.011,0.966,96.29,0.12,-1.01,224.71,0.653,0.795,46.37,19.72,-54.97,194.71,0.648,0.718,59.55,-17.52,-22.97,14.71,0.979,0.976,56.0,67.29,66.47,7.61
5,11.97,0.143,0.057,3.9,0.47,0.37,11.97,0.178,0.204,19.05,2.98,2.43,11.97,0.651,0.849,57.13,42.2,36.56,341.97,0.78,0.703,40.72,57.22,10.59,221.97,0.984,0.811,34.45,41.01,-76.78,5.01
5,219.66,0.12,0.078,5.77,0.03,-1.06,219.66,0.137,0.175,16.37,0.11,-2.97,219.66,0.855,0.791,40.31,25.0,-64.17,174.66,0.777,0.599,57.06,-33.77,-3.56,39.66,0.982,0.905,69.54,19.53,73.47,8.46
5,48.82,0.108,0.074,5.86,-0.19,0.98,48.82,0.176,0.204,20.85,-0.84,5.0,48.82,0.796,0.887,78.64,-2.04,71.79,93.82,0.417,0.683,66.74,-26.94,32.86,228.82,0.957,0.806,30.41,51.78,-82.7,3.87
5,265.23,0.268,0.109,7.27,3.43,-4.38,265.23,0.123,0.151,13.53,2.12,-2.84,265.23,0.69,0.109,3.66,6.56,-9.84,235.23,0.654,0.731,37.1,32.06,-60.44,115.23,0.859,0.93,82.61,-77.58,75.1,5.01
5,21.25,0.167,0.135,11.92,1.31,2.03,21.25,0.255,0.184,16.49,2.74,4.13,21.25,0.848,0.135,6.61,7.45,7.67,51.25,0.64,0.795,74.41,-6.27,56.98,171.25,0.833,0.947,86.25,-52.68,0.99,4.8
5,249.16,0.005,0.988,98.59,0.27,-0.55,249.16,0.016,0.967,95.87,0.91,-1.84,249.16,0.885,0.664,23.19,53.73,-73.18,294.16,0.527,0.528,37.74,38.78,-28.04,39.16,0.954,0.939,72.01,20.04,74.82,6.09
5,40.24,0.033,0.984,97.69,-0.05,2.98,40.24,0.029,0.967,96.36,-0.05,2.61,40.24,0.891,0.662,53.7,11.32,56.22,85.24,0.769,0.54,52.4,-31.93,48.36,220.24,0.883,0.839,41.07,29.78,-69.98,6.78
5,4.15,0.1,0.4,40.14,3.68,1.79,4.15,0.1,0.4,40.14,3.68,1.79,4.15,0.1,0.4,40.14,3.68,1.79,319.15,0.1,0.4,40.15,5.49,-2.48,184.15,0.1,0.4,42.14,-3.48,-1.65,1.0
5,200.56,0.176,0.083,6.25,-0.69,-1.15,200.56,0.137,0.135,12.35,-0.99,-1.57,200.56,0.636,0.083,4.6,-1.65,-3.64,245.56,0.531,0.504,29.41,21.87,-37.86,50.56,0.925,0.925,81.76,-3.1,80.86,4.62
5,260.65,0.041,0.963,93.7,2.98,-4.48,260.65,0.019,0.945,93.77,1.36,-2.06,260.65,0.726,0.665,31.79,47.06,-59.1,305.65,0.565,0.622,43.95,47.99,-27.41,50.65,0.858,0.918,82.0,-4.23,78.24,3.77
5,343.43,0.219,0.113,8.26,3.55,-0.05,343.43,0.187,0.154,13.14,3.96,-0.06,343.43,0.585,0.781,51.31,49.38,5.54,13.43,0.679,0.624,42.31,32.91,30.47,193.43,0.938,0.929,70.73,-21.53,-35.57,9.02
5,259.08,0.024,0.976,96.12,1.69,-2.64,259.08,0.002,0.924,93.13,0.16,-0.25,259.08,0.638,0.976,51.57,55.27,-72.35,229.08,0.528,0.788,50.33,17.58,-47.42,79.08,0.847,0.954,88.85,-46.21,81.43,4.22
5,36.74,0.036,0.976,96.82,0.21,3.08,36.74,0.035,0.955,95.01,0.2,2.91,36.74,0.515,0.667,58.82,6.08,33.5,6.74,0.548,0.501,35.48,25.9,16.89,186.74,0.852,0.904,76.91,-33.24,-22.59,2.05
5,90.16,0.207,0.052,3.74,-0.84,1.01,90.16,0.224,0.213,21.83,-5.36,6.79,90.16,0.854,0.751,70.03,-49.32,65.84,135.16,0.613,0.506,48.01,-37.87,24.97,90.16,0.2,0.5,51.71,-9.71,12.3,5.92
5,345.91,0.9,0.9,49.27,73.35,29.88,183.22,0.05,0.942,93.83,-3.66,-1.62,183.22,0.78,0.799,72.26,-34.36,-15.21,213.22,0.522,0.691,51.58,0.54,-31.33,333.22,0.961,0.96,52.74,80.73,8.89,1.0
5,111.66,0.196,0.124,11.37,-4.06,3.42,111.66,0.196,0.151,14.59,-4.81,4.06,111.66,0.538,0.878,80.91,-52.98,49.29,66.66,0.628,0.715,71.18,-19.86,54.9,321.66,0.903,0.979,55.88,84.95,-18.52,9.81
5,76.7,0.009,0.968,97.07,-0.62,1.03,76.7,0.003,0.923,93.11,-0.18,0.3,76.7,0.761,0.794,76.17,-34.76,66.86,106.7,0.717,0.535,50.49,-42.21,43.34,256.7,0.864,0.884,34.69,67.84,-86.95,5.86
5,115.67,0.188,0.078,5.96,-2.12,1.62,115.67,0.289,0.158,14.89,-7.63,6.15,115.67,0.763,0.667,61.33,-56.74,53.58,160.67,0.703,0.589,55.73,-38.15,9.39,295.67,0.907,0.802,46.92,79.26,-54.41,8.99
5,118.47,0.9,0.9,79.97,-77.84,74.57,172.32,0.006,0.935,94.16,-0.49,-0.08,172.32,0.784,0.617,58.55,-36.09,-1.09,142.32,0.733,0.599,55.83,-46.99,28.18,322.32,0.987,0.916,51.43,81.51,-13.42,2.48
5,231.39,0.003,0.964,96.61,0.07,-0.27,231.39,0.017,0.916,91.43,0.41,-1.68,231.39,0.773,0.848,38.53,41.41,-75.44,261.39,0.674,0.603,30.98,40.35,-50.81,81.39,0.927,0.856,79.84,-47.73,76.78,5.18
5,150.5,0.01,0.957,96.03,-1.05,0.3,150.5,0.041,0.974,96.87,-4.22,1.23,150.5,0.657,0.613,57.74,-41.58,17.99,105.5,0.54,0.509,49.23,-31.85,32.2,300.5,0.865,0.945,58.03,90.84,-55.82,5.06
5,15.28,0.159,0.073,5.2,0.71,0.69,15.28,0.155,0.139,12.34,1.64,1.67,15.28,0.747,0.799,52.29,42.69,43.38,345.28,0.728,0.551,32.7,44.57,9.91,195.28,0.857,0.966,72.87,-20.15,-37.32,10.0
5,197.06,0.002,0.982,98.39,-0.07,-0.08,197.06,0.051,0.912,90.44,-2.2,-2.61,197.06,0.64,0.776,62.68,-15.89,-26.45,242.06,0.735,0.616,25.64,39.62,-61.67,347.06,0.821,0.823,46.4,65.72,23.38,6.89
5,273.09,0.019,0.98,96.84,1.74,-2.01,273.09,0.062,0.909,87.85,5.31,-6.09,273.09,0.643,0.763,43.81,51.76,-54.11,303.09,0.507,0.746,54.52,51.27,-31.28,63.09,0.846,0.97,93.78,-24.98,86.9,5.55
5,196.76,0.189,0.063,4.4,-0.55,-0.68,196.76,0.281,0.177,16.16,-2.96,-3.63,196.76,0.852,0.847,63.37,-15.99,-35.58,166.76,0.578,0.762,71.84,-37.93,2.9,46.76,0.966,0.972,81.32,5.32,82.09,9.97
5,27.71,0.19,0.092,7.12,0.65,1.65,27.71,0.136,0.217,21.64,1.05,2.85,27.71,0.741,0.844,62.14,27.29,52.15,342.71,0.544,0.596,40.85,37.18,2.77,237.71,0.87,0.901,32.54,63.65,-93.13,6.44
5,156.53,0.041,0.975,96.97,-4.1,0.75,156.53,0.031,0.913,91.68,-2.89,0.53,156.53,0.828,0.773,70.87,-54.58,21.01,201.53,0.623,0.705,55.19,-10.08,-27.77,6.53,0.962,0.984,53.77,75.26,64.66,5.69
5,21.37,0.023,0.953,94.79,0.87,1.41,21.37,0.038,0.902,89.68,1.37,2.2,21.37,0.745,0.776,53.93,33.96,45.4,351.37,0.657,0.75,46.45,51.46,17.37,21.37,0.2,0.5,48.13,4.84,7.42,5.59
5,139.01,0.025,0.997,99.18,-2.91,1.37,139.01,0.042,0.962,95.77,-4.63,2.19,139.01,0.607,0.646,60.58,-44.6,26.98,184.01,0.707,0.759,68.85,-30.91,-14.67,319.01,0.834,0.97,56.91,83.24,-24.97,6.67
5,233.57,0.1,0.4,39.64,1.58,-5.34,233.57,0.1,0.4,39.64,1.58,-5.34,233.57,0.1,0.4,39.64,1.58,-5.34,263.57,0.1,0.4,39.67,3.77,-5.25,53.57,0.1,0.4,42.59,-1.37,5.31,1.0
5,326.45,0.044,0.986,95.94,4.73,-1.63,326.45,0.002,0.927,93.44,0.2,-0.07,326.45,0.773,0.639,38.14,55.95,-9.95,296.45,0.463,0.625,47.07,40.18,-28.06,116.45,0.941,0.83,74.25,-73.48,71.16,6.39
5,236.47,0.256,0.111,7.34,1.66,-4.54,236.47,0.114,0.163,14.86,1.01,-2.99,236.47,0.605,0.746,40.01,30.26,-57.95,191.47,0.63,0.536,46.96,-16.5,-15.5,26.47,0.84,0.992,68.1,39.5,65.66,7.86
5,157.98,0.105,0.083,6.74,-1.13,0.18,157.98,0.184,0.169,16.7,-4.21,0.73,157.98,0.872,0.633,58.86,-47.16,17.27,127.98,0.443,0.733,69.29,-40.52,28.72,7.98,0.972,0.888,48.86,68.75,60.31,8.63
5,101.42,0.9,0.9,80.96,-69.25,75.8,68.29,0.182,0.194,20.15,-2.53,5.56,68.29,0.86,0.654,64.82,-23.93,63.29,113.29,0.514,0.528,50.71,-34.45,30.98,248.29,0.942,0.95,32.52,74.43,-100.31,4.22
5,37.55,0.018,0.965,96.38,0.07,1.54,37.55,0.051,0.971,95.94,0.22,4.34,37.55,0.682,0.824,68.07,11.04,53.11,7.55,0.695,0.793,50.21,47.82,35.52,247.55,0.821,0.862,33.24,61.56,-86.23,5.07
5,272.45,0.18,0.092,6.51,2.0,-2.4,272.45,0.227,0.171,14.01,4.94,-5.62,272.45,0.507,0.092,4.18,4.6,-5.85,227.45,0.675,0.755,41.42,24.01,-57.05,62.45,0.948,0.954,92.49,-24.59,89.39,4.06
5,320.14,0.027,0.962,95.01,2.94,-1.31,320.14,0.047,0.945,92.17,5.18,-2.29,320.14,0.589,0.781,52.62,55.36,-19.21,275.14,0.724,0.773,41.41,59.2,-59.46,140.14,0.839,0.934,83.25,-72.97,50.73,4.71
5,142.11,0.108,0.141,13.69,-2.38,1.03,142.11,0.246,0.147,13.88,-5.62,2.54,142.11,0.699,0.608,56.84,-46.16,27.22,172.11,0.449,0.536,52.82,-21.96,-1.87,352.11,0.866,0.944,51.86,74.23,40.41,8.88
5,97.75,0.021,0.96,96.13,-2.0,2.12,97.75,0.051,0.934,93.31,-4.66,4.96,97.75,0.506,0.608,59.04,-31.19,35.76,67.75,0.723,0.67,66.7,-21.6,58.1,277.75,0.882,0.931,44.83,79.0,-76.77,8.3
5,221.9,0.243,0.139,10.98,0.48,-4.5,221.9,0.166,0.206,19.11,0.41,-4.29,221.9,0.878,0.795,37.84,31.21,-68.79,251.9,0.651,0.614,30.9,36.15,-52.73,11.9,0.934,0.862,49.47,61.7,57.8,5.66
5,203.84,0.1,0.4,41.14,-1.48,-3.12,203.84,0.1,0.4,41.14,-1.48,-3.12,203.84,0.1,0.4,41.14,-1.48,-3.12,158.84,0.1,0.4,42.24,-4.69,0.7,23.84,0.1,0.4,41.11,1.65,3.19,1.0
5,124.24,0.024,0.97,96.81,-2.91,1.94,124.24,0.076,0.926,91.72,-8.93,6.03,124.24,0.573,0.71,65.96,-49.96,39.91,154.24,0.454,0.768,72.86,-35.62,10.96,334.24,0.976,0.858,46.96,74.01,10.83,6.66
5,287.58,0.1,0.4,40.05,5.35,-4.65,287.58,0.1,0.4,40.05,5.35,-4.65,287.58,0.1,0.4,40.05,5.35,-4.65,332.58,0.1,0.4,40.08,5.02,-1.17,137.58,0.1,0.4,42.14,-5.46,2.74,1.0
5,268.6,0.013,0.994,98.48,1.11,-1.41,268.6,0.071,0.929,88.87,5.77,-7.24,268.6,0.573,0.862,51.85,48.78,-55.56,313.6,0.685,0.623,40.2,53.81,-23.55,58.6,0.907,0.999,95.66,-18.74,91.32,4.79
5,44.15,0.9,0.9,74.47,8.06,74.22,68.07,0.148,0.167,17.11,-1.82,3.99,68.07,0.599,0.774,76.41,-21.63,55.92,113.07,0.402,0.568,55.29,-29.27,25.6,278.07,0.95,0.895,41.63,78.54,-76.96,1.0
5,244.1,0.026,0.98,96.18,1.3,-3.05,244.1,0.026,0.915,90.47,1.24,-2.91,244.1,0.824,0.872,32.85,61.7,-88.32,289.1,0.781,0.65,37.45,60.28,-47.18,64.1,0.976,0.938,90.61,-27.08,88.16,5.08
5,31.5,0.298,0.073,4.97,0.48,1.75,31.5,0.227,0.148,13.41,0.94,3.75,31.5,0.761,0.663,51.05,18.57,45.94,346.5,0.445,0.671,49.49,32.89,4.07,31.5,0.2,0.5,49.33,2.33,9.11,6.74
5,195.84,0.155,0.072,5.34,-0.61,-0.7,195.84,0.215,0.157,14.55,-2.2,-2.46,195.84,0.556,0.76,64.11,-16.21,-22.03,165.84,0.59,0.686,65.16,-35.85,3.6,15.84,0.924,0.887,52.88,57.65,59.77,10.0
5,261.67,0.1,0.4,39.64,3.65,-5.29,261.67,0.1,0.4,39.64,3.65,-5.29,261.67,0.1,0.4,39.64,3.65,-5.29,231.67,0.1,0.4,39.73,1.38,-5.2,51.67,0.1,0.4,42.49,-1.18,5.17,1.0
5,182.1,0.009,0.984,98.41,-0.73,-0.3,182.1,0.004,0.929,93.62,-0.33,-0.14,182.1,0.572,0.819,76.21,-31.09,-11.91,212.1,0.591,0.799,56.85,0.93,-38.83,2.1,0.979,0.995,53.32,78.82,65.75,5.39
5,38.0,0.11,0.052,3.75,0.02,0.46,38.0,0.186,0.163,15.61,0.23,3.71,38.0,0.574,0.835,71.52,7.6,45.73,353.0,0.791,0.799,45.41,62.01,30.01,38.0,0.2,0.5,50.1,0.73,10.2,7.06
5,174.84,0.007,0.955,95.92,-0.56,-0.12,174.84,0.058,0.919,91.8,-4.71,-0.99,174.84,0.555,0.955,88.68,-39.63,-5.6,219.84,0.404,0.727,56.45,3.89,-28.91,354.84,0.835,0.806,44.81,64.21,36.96,5.2
5,106.38,0.012,0.951,95.41,-1.23,1.11,106.38,0.024,0.957,95.75,-2.51,2.27,106.38,0.884,0.694,63.6,-58.79,61.11,136.38,0.737,0.57,53.16,-47.13,32.61,316.38,0.814,0.998,59.28,85.29,-30.4,2.52
5,146.9,0.039,0.981,97.45,-4.17,1.46,146.9,0.041,0.947,94.49,-4.27,1.5,146.9,0.538,0.743,69.74,-42.76,19.64,176.9,0.702,0.768,72.19,-37.44,-7.05,296.9,0.859,0.908,54.32,86.37,-57.64,3.41
5,132.18,0.047,0.975,96.68,-5.54,3.15,132.18,0.045,0.97,96.38,-5.19,2.96,132.18,0.854,0.758,68.68,-65.14,52.99,162.18,0.506,0.503,49.13,-25.8,4.11,312.18,0.95,0.942,54.8,87.1,-35.22,3.11
5,13.55,0.026,0.961,95.17,1.37,1.26,13.55,0.042,0.911,90.01,2.15,1.97,13.55,0.672,0.779,52.67,38.96,36.3,43.55,0.744,0.599,52.62,3.36,47.41,223.55,0.848,0.921,43.82,36.35,-77.39,8.78
5,36.83,0.1,0.4,41.75,0.32,4.12,36.83,0.1,0.4,41.75,0.32,4.12,36.83,0.1,0.4,41.75,0.32,4.12,6.83,0.1,0.4,40.27,3.4,1.98,246.83,0.1,0.4,39.42,2.69,-5.65,1.0
5,321.5,0.144,0.143,12.54,3.28,-1.36,321.5,0.12,0.203,19.47,3.67,-1.52,321.5,0.836,0.677,39.71,62.34,-15.92,6.5,0.796,0.636,37.57,46.47,35.56,111.5,0.918,0.999,88.09,-82.39,81.8,6.7
5,120.8,0.191,0.067,4.89,-1.72,1.21,120.8,0.165,0.127,11.74,-3.82,2.77,120.8,0.856,0.66,60.2,-60.63,56.62,75.8,0.6,0.749,73.14,-27.09,53.12,300.8,0.858,0.939,57.74,90.03,-54.96,9.61
5,71.38,0.18,0.112,10.33,-1.72,3.41,71.38,0.163,0.186,19.2,-2.39,4.75,71.38,0.652,0.705,69.59,-23.98,55.09,101.38,0.579,0.565,54.36,-34.8,37.87,221.38,0.898,0.818,38.54,32.7,-71.14,6.67
5,161.85,0.146,0.134,12.74,-2.66,0.24,161.85,0.297,0.209,20.79,-7.77,0.91,161.85,0.711,0.788,72.99,-47.78,10.87,191.85,0.621,0.572,49.91,-16.93,-16.41,311.85,0.926,0.942,55.04,86.85,-36.16,10.0
5,119.73,0.012,0.992,98.98,-1.49,1.07,119.73,0.071,0.933,92.42,-8.64,6.29,119.73,0.511,0.808,74.79,-51.44,42.93,89.73,0.655,0.593,57.32,-33.22,45.4,269.73,0.918,0.876,37.44,73.44,-81.12,6.51
5,242.26,0.223,0.124,8.83,2.09,-4.83,242.26,0.246,0.206,16.51,3.67,-8.3,242.26,0.869,0.833,29.27,62.58,-88.54,197.26,0.426,0.796,69.46,-13.34,-18.83,92.26,0.908,0.832,76.32,-57.7,72.73,5.91
5,316.92,0.2,0.069,4.47,1.7,-0.82,316.92,0.125,0.179,16.81,3.57,-1.72,316.92,0.703,0.808,50.97,66.26,-24.92,286.92,0.543,0.534,36.43,37.57,-31.02,106.92,0.922,0.885,79.19,-72.8,74.86,10.0
5,266.21,0.04,0.999,96.95,3.32,-4.4,266.21,0.015,0.924,92.18,1.16,-1.54,266.21,0.744,0.843,41.23,60.76,-70.14,221.21,0.613,0.561,35.92,9.35,-36.49,116.21,0.955,0.848,75.74,-74.92,72.66,5.2
5,216.73,0.032,0.998,97.98,-0.15,-2.74,216.73,0.018,0.9,90.19,-0.08,-1.46,216.73,0.74,0.752,45.05,12.13,-50.82,186.73,0.573,0.608,55.93,-21.1,-12.61,66.73,0.898,0.833,81.0,-27.51,78.1,5.65
5,127.13,0.015,0.999,99.53,-1.9,1.2,127.13,0.075,0.946,93.55,-8.8,5.63,127.13,0.892,0.897,79.82,-76.74,68.66,157.13,0.473,0.777,73.56,-36.33,9.39,277.13,0.922,0.843,39.27,74.04,-73.16,5.54
5,333.73,0.9,0.9,50.17,75.84,5.47,26.63,0.039,0.963,95.16,1.05,2.68,26.63,0.891,0.887,60.16,38.72,62.75,71.63,0.797,0.544,54.27,-22.57,51.93,236.63,0.888,0.913,32.83,64.34,-94.37,1.0
5,113.09,0.283,0.054,3.75,-1.62,1.28,113.09,0.147,0.201,20.5,-4.65,3.81,113.09,0.834,0.633,58.28,-56.07,54.77,83.09,0.748,0.695,66.68,-36.47,58.35,113.09,0.2,0.5,51.0,-13.46,11.2,5.14
5,232.04,0.038,0.966,94.35,1.04,-4.01,232.04,0.047,0.931,90.65,1.27,-4.86,232.04,0.787,0.649,28.41,34.8,-62.35,202.04,0.662,0.663,50.86,-8.94,-28.36,232.04,0.2,0.5,45.01,3.76,-12.68,7.47
5,112.39,0.9,0.9,80.2,-75.79,74.86,150.87,0.268,0.187,18.4,-7.03,2.22,150.87,0.757,0.885,80.15,-60.95,28.66,105.87,0.524,0.604,57.94,-35.79,35.92,330.87,0.898,0.946,52.97,79.55,-0.08,1.0
5,314.24,0.117,0.053,3.6,0.67,-0.36,314.24,0.221,0.153,12.7,5.66,-2.88,314.24,0.667,0.722,46.88,59.15,-25.38,269.24,0.535,0.647,41.19,36.09,-41.01,134.24,0.844,0.885,79.15,-72.41,56.8,8.52
5,125.73,0.009,0.953,95.68,-1.04,0.67,125.73,0.016,0.968,96.83,-1.9,1.23,125.73,0.819,0.953,84.52,-78.24,68.93,95.73,0.586,0.694,66.23,-38.16,45.98,275.73,0.829,0.967,47.29,78.03,-77.87,2.98
5,46.6,0.166,0.082,6.49,-0.24,1.68,46.6,0.26,0.162,15.61,-0.68,5.94,46.6,0.745,0.721,64.39,0.28,56.84,1.6,0.665,0.534,33.04,37.44,21.64,46.6,0.2,0.5,51.13,-1.37,11.65,6.85
5,188.36,0.235,0.061,4.31,-0.91,-0.61,188.36,0.284,0.143,12.9,-3.51,-2.27,188.36,0.548,0.661,59.93,-20.58,-14.15,218.36,0.739,0.678,39.72,13.2,-48.27,38.36,0.899,0.878,68.09,18.21,69.16,9.57
5,118.42,0.1,0.4,42.08,-5.98,4.47,118.42,0.1,0.4,42.08,-5.98,4.47,118.42,0.1,0.4,42.08,-5.98,4.47,148.42,0.1,0.4,42.19,-5.07,1.7,268.42,0.1,0.4,39.75,4.09,-5.13,1.0
5,17.56,0.021,0.99,98.12,0.96,1.16,17.56,0.039,0.929,91.86,1.74,2.11,17.56,0.544,0.616,47.11,21.82,24.5,347.56,0.678,0.649,39.86,47.68,12.07,17.56,0.2,0.5,47.68,5.79,6.78,7.33
5,229.33,0.018,0.953,94.6,0.38,-1.81,229.33,0.076,0.946,90.08,1.71,-7.68,229.33,0.691,0.858,44.8,31.03,-66.62,274.33,0.459,0.672,47.12,33.59,-35.24,49.33,0.966,0.811,71.2,-0.15,73.08,6.07
5,11.56,0.107,0.122,10.77,1.14,0.9,11.56,0.139,0.185,17.55,2.14,1.7,11.56,0.719,0.895,57.28,49.63,43.33,326.56,0.409,0.743,56.96,36.49,-10.16,221.56,0.823,0.877,44.5,28.75,-69.98,7.75
5,231.95,0.9,0.9,34.4,57.26,-89.91,97.86,0.017,0.967,96.76,-1.61,1.7,97.86,0.665,0.791,73.73,-48.58,56.81,67.86,0.756,0.745,73.38,-24.22,65.17,247.86,0.919,0.926,32.13,71.88,-97.4,3.39
5,300.34,0.204,0.14,11.62,5.27,-3.63,300.34,0.129,0.186,17.59,4.18,-2.91,300.34,0.6,0.794,54.82,63.19,-40.09,330.34,0.68,0.76,47.51,57.86,-7.53,150.34,0.84,0.927,83.19,-67.35,34.89,9.79
5,346.23,0.1,0.4,40.01,4.56,0.15,346.23,0.1,0.4,40.01,4.56,0.15,346.23,0.1,0.4,40.01,4.56,0.15,31.23,0.1,0.4,41.47,0.9,3.72,136.23,0.1,0.4,42.13,-5.51,2.87,1.0
5,320.03,0.024,0.995,97.99,2.75,-1.23,320.03,0.071,0.906,87.46,7.53,-3.32,320.03,0.878,0.995,57.34,85.99,-22.63,290.03,0.681,0.77,47.65,63.12,-48.6,170.03,0.887,0.877,80.18,-51.84,3.58,4.39
5,137.64,0.1,0.4,42.14,-5.46,2.74,137.64,0.1,0.4,42.14,-5.46,2.74,137.64,0.1,0.4,42.14,-5.46,2.74,92.64,0.1,0.4,42.43,-4.25,5.03,347.64,0.1,0.4,40.0,4.51,0.29,1.0
5,19.54,0.036,0.956,94.4,1.5,2.1,19.54,0.001,0.976,97.8,0.05,0.07,19.54,0.577,0.848,63.31,28.43,35.46,349.54,0.649,0.765,47.69,52.05,15.02,229.54,0.873,0.885,36.51,49.47,-84.26,6.79
5,348.72,0.14,0.108,8.55,2.09,0.19,348.72,0.117,0.142,12.71,2.19,0.19,348.72,0.805,0.691,39.15,56.47,21.32,18.72,0.532,0.7,54.05,22.65,27.14,348.72,0.2,0.5,45.79,11.03,1.18,2.64
5,142.44,0.183,0.114,10.2,-3.37,1.47,142.44,0.232,0.135,12.56,-4.94,2.19,142.44,0.7,0.837,76.23,-59.35,35.1,187.44,0.67,0.61,54.68,-22.38,-14.76,142.44,0.2,0.5,51.03,-12.65,5.65,3.85
5,357.49,0.293,0.133,9.46,5.06,1.62,357.49,0.153,0.122,10.01,2.38,0.72,357.49,0.833,0.617,34.08,51.84,32.47,327.49,0.763,0.674,40.38,57.66,-9.16,207.49,0.967,0.955,56.18,9.82,-62.28,5.14
5,130.98,0.257,0.118,10.39,-5.24,3.19,130.98,0.116,0.176,17.76,-3.32,1.97,130.98,0.573,0.805,74.16,-53.39,38.0,175.98,0.417,0.528,52.41,-19.45,-3.79,280.98,0.802,0.816,42.98,69.28,-63.08,8.06
5,231.59,0.9,0.9,34.63,56.61,-89.54,258.13,0.061,0.962,92.22,4.19,-6.65,258.13,0.506,0.643,40.65,29.62,-41.32,303.13,0.686,0.524,34.55,49.61,-29.39,48.13,0.934,0.966,82.56,1.73,82.06,3.87
5,182.08,0.031,0.995,98.89,-2.44,-1.0,182.08,0.015,0.907,91.45,-1.13,-0.46,182.08,0.751,0.718,66.51,-32.47,-12.52,137.08,0.552,0.674,63.38,-43.28,26.63,332.08,0.86,0.999,56.39,81.59,0.48,5.69
5,124.97,0.132,0.147,14.23,-3.36,2.25,124.97,0.216,0.165,15.96,-6.05,4.13,124.97,0.865,0.87,77.67,-74.59,67.49,79.97,0.533,0.554,55.34,-21.52,36.86,274.97,0.977,0.862,37.9,75.55,-78.32,6.08
5,329.17,0.005,0.964,96.5,0.51,-0.16,329.17,0.009,0.921,92.42,0.87,-0.27,329.17,0.835,0.785,45.23,67.58,-5.76,14.17,0.717,0.57,38.0,31.86,30.66,119.17,0.951,0.97,85.4,-83.52,80.36,4.32
5,153.82,0.1,0.4,42.22,-4.88,1.18,153.82,0.1,0.4,42.22,-4.88,1.18,153.82,0.1,0.4,42.22,-4.88,1.18,198.82,0.1,0.4,41.39,-1.99,-2.74,333.82,0.1,0.4,40.07,4.98,-1.05,1.0
5,153.03,0.172,0.128,11.95,-3.24,0.85,153.03,0.249,0.211,21.12,-7.1,1.96,153.03,0.658,0.128,10.59,-10.95,3.96,123.03,0.629,0.792,72.44,-58.71,49.06,303.03,0.944,0.829,49.96,82.9,-47.42,2.94
5,113.85,0.19,0.088,7.14,-2.65,2.08,113.85,0.283,0.143,13.29,-6.75,5.58,113.85,0.731,0.708,65.07,-57.17,54.48,158.85,0.457,0.536,52.43,-25.74,5.6,293.85,0.82,0.844,49.79,78.45,-55.89,8.91
5,276.11,0.006,0.994,98.98,0.6,-0.65,276.11,0.067,0.958,91.73,6.29,-6.78,276.11,0.67,0.6,34.16,45.51,-45.12,246.11,0.414,0.585,40.25,18.05,-33.09,126.11,0.944,0.812,72.81,-72.35,66.65,6.39
5,141.05,0.012,0.983,98.25,-1.31,0.57,141.05,0.046,0.927,92.55,-4.87,2.16,141.05,0.637,0.719,66.75,-49.74,29.17,171.05,0.424,0.768,73.76,-28.27,-1.7,141.05,0.2,0.5,51.01,-12.77,5.98,3.58
5,30.85,0.013,0.966,96.52,0.24,1.0,30.85,0.044,0.962,95.07,0.79,3.28,30.85,0.658,0.883,69.08,19.82,49.95,0.85,0.542,0.666,45.21,37.08,18.66,30.85,0.2,0.5,49.25,2.49,9.0,1.69
5,317.19,0.9,0.9,52.14,81.19,-25.74,249.58,0.18,0.192,16.64,2.87,-5.48,249.58,0.851,0.852,32.05,63.56,-86.79,294.58,0.466,0.613,45.85,39.12,-28.28,99.58,0.855,0.978,87.62,-70.24,79.42,2.82
5,230.5,0.021,0.984,97.11,0.51,-2.2,230.5,0.044,0.922,90.14,1.04,-4.42,230.5,0.759,0.661,30.99,31.05,-59.93,275.5,0.709,0.778,42.4,58.58,-58.51,80.5,0.88,0.861,80.62,-45.37,76.05,5.71
5,39.69,0.289,0.117,9.9,0.15,4.18,39.69,0.258,0.153,14.18,0.16,5.05,39.69,0.684,0.612,52.63,6.39,42.95,354.69,0.585,0.582,38.13,37.2,13.82,249.69,0.812,0.923,36.6,64.83,-89.49,6.36
5,301.85,0.139,0.103,8.12,2.7,-1.84,301.85,0.214,0.163,13.86,6.21,-4.15,301.85,0.596,0.888,60.86,68.28,-42.02,346.85,0.422,0.546,41.39,26.22,3.19,121.85,0.965,0.843,75.25,-75.23,71.78,9.53
5,152.46,0.204,0.066,4.87,-1.48,0.4,152.46,0.122,0.149,14.63,-2.62,0.7,152.46,0.784,0.776,71.16,-55.35,24.84,197.46,0.634,0.664,54.14,-13.71,-23.5,332.46,0.861,0.819,46.44,69.9,0.68,8.85
5,241.56,0.012,0.963,95.78,0.53,-1.37,241.56,0.058,0.963,92.23,2.71,-6.8,241.56,0.649,0.837,40.41,42.74,-70.73,196.56,0.455,0.526,46.92,-10.45,-13.99,91.56,0.941,0.94,85.12,-64.17,80.78,5.56
5,235.99,0.032,0.988,96.46,1.18,-3.71,235.99,0.069,0.921,87.96,2.46,-7.54,235.99,0.747,0.988,43.25,52.84,-87.89,280.99,0.411,0.523,39.5,26.35,-24.65,55.99,0.837,0.983,92.09,-13.97,85.41,4.14
5,116.45,0.211,0.073,5.51,-2.16,1.63,116.45,0.189,0.207,20.88,-6.36,4.98,116.45,0.65,0.706,65.2,-53.94,48.96,161.45,0.408,0.57,56.0,-23.82,3.68,266.45,0.801,0.901,41.39,68.26,-78.21,7.2
5,202.04,0.9,0.9,60.65,-5.59,-47.32,90.18,0.074,0.916,91.5,-5.96,7.4,90.18,0.533,0.702,67.79,-32.22,43.13,135.18,0.789,0.504,47.07,-44.93,32.72,270.18,0.898,0.932,40.72,76.6,-83.85,1.0
5,294.99,0.004,0.972,97.34,0.44,-0.34,294.99,0.051,0.915,89.45,5.79,-4.46,294.99,0.731,0.76,47.36,68.22,-47.56,264.99,0.571,0.764,45.6,42.37,-51.41,294.99,0.2,0.5,46.23,14.19,-10.64,7.76
5,162.59,0.248,0.109,9.44,-3.74,0.33,162.59,0.292,0.153,14.54,-5.86,0.57,162.59,0.717,0.844,77.65,-50.21,10.7,117.59,0.643,0.664,61.59,-51.47,46.03,342.59,0.883,0.906,50.07,73.88,21.98,8.91
5,153.57,0.295,0.061,4.29,-1.78,0.47,153.57,0.141,0.154,15.17,-3.11,0.77,153.57,0.591,0.788,73.32,-45.62,16.38,108.57,0.413,0.515,50.54,-26.24,24.6,303.57,0.937,0.975,58.45,93.48,-52.63,10.0
5,88.82,0.022,0.987,98.55,-1.88,2.38,88.82,0.044,0.949,94.83,-3.6,4.57,88.82,0.688,0.697,66.51,-38.7,54.04,58.82,0.595,0.605,61.52,-11.43,46.42,268.82,0.947,0.894,37.04,75.05,-84.43,6.44
5,238.02,0.1,0.4,39.42,2.04,-5.67,238.02,0.1,0.4,39.42,2.04,-5.67,238.02,0.1,0.4,39.42,2.04,-5.67,193.02,0.1,0.4,41.69,-2.58,-2.31,28.02,0.1,0.4,41.32,1.22,3.49,1.0
5,167.27,0.269,0.144,13.54,-4.92,-0.04,167.27,0.185,0.213,21.82,-4.76,-0.08,167.27,0.565,0.647,61.94,-32.51,1.94,137.27,0.525,0.659,62.26,-40.75,24.61,17.27,0.898,0.957,58.3,57.4,62.55,9.91
5,248.15,0.027,0.967,95.01,1.51,-3.14,248.15,0.067,0.969,92.07,3.78,-7.73,248.15,0.52,0.72,43.07,29.66,-48.96,293.15,0.54,0.687,48.09,48.6,-35.72,68.15,0.935,0.871,83.9,-31.0,81.39,4.45
5,44.73,0.24,0.134,12.35,-0.38,4.52,44.73,0.104,0.143,14.01,-0.22,2.06,44.73,0.878,0.134,9.94,0.35,12.87,14.73,0.506,0.767,58.19,26.58,25.6,194.73,0.914,0.833,63.09,-18.13,-33.95,2.88
5,168.48,0.006,0.992,99.16,-0.55,-0.04,168.48,0.033,0.921,92.37,-2.88,-0.18,168.48,0.815,0.874,80.06,-51.18,4.83,123.48,0.75,0.698,63.87,-59.23,51.73,18.48,0.895,0.943,58.31,54.73,62.2,4.81
5,132.1,0.9,0.9,80.11,-75.91,63.88,212.09,0.163,0.158,14.41,-0.45,-2.81,212.09,0.652,0.707,48.48,2.18,-38.66,242.09,0.435,0.638,42.25,19.4,-38.03,62.09,0.829,0.894,87.54,-21.98,81.1,1.17
5,273.92,0.237,0.092,6.02,2.58,-3.04,273.92,0.157,0.174,15.54,3.52,-3.93,273.92,0.854,0.863,40.64,71.81,-73.9,303.92,0.484,0.62,46.34,42.08,-25.38,273.92,0.2,0.5,45.34,10.92,-12.06,3.23
5,159.07,0.109,0.102,8.91,-1.62,0.23,159.07,0.259,0.188,18.56,-6.38,1.05,159.07,0.704,0.849,77.91,-51.91,14.9,129.07,0.586,0.74,68.58,-51.31,38.02,9.07,0.826,0.82,48.54,56.19,47.48,8.86
5,254.37,0.034,0.99,96.5,2.22,-3.89,254.37,0.015,0.928,92.57,0.9,-1.59,254.37,0.55,0.762,44.67,36.05,-52.69,224.37,0.484,0.642,45.24,8.9,-34.03,74.37,0.812,0.887,84.25,-36.86,76.37,5.1
5,89.83,0.1,0.4,42.47,-4.06,5.09,89.83,0.1,0.4,42.47,-4.06,5.09,89.83,0.1,0.4,42.47,-4.06,5.09,134.83,0.1,0.4,42.13,-5.56,3.01,239.83,0.1,0.4,39.32,2.23,-5.81,1.0
5,132.48,0.031,0.973,96.92,-3.65,2.05,132.48,0.049,0.957,95.12,-5.6,3.17,132.48,0.517,0.677,63.84,-42.37,28.38,87.48,0.592,0.559,54.83,-27.91,39.88,312.48,0.948,0.855,49.78,80.7,-32.29,4.54
5,221.9,0.163,0.055,3.57,0.06,-0.78,221.9,0.226,0.157,13.09,0.49,-4.66,221.9,0.863,0.055,1.64,0.28,-3.68,266.9,0.412,0.644,46.52,26.37,-32.05,71.9,0.806,0.943,89.58,-35.4,80.48,5.12
5,312.74,0.12,0.074,5.3,1.23,-0.68,312.74,0.105,0.124,10.93,2.24,-1.22,312.74,0.512,0.84,59.99,53.93,-25.77,342.74,0.631,0.753,47.91,51.42,6.06,162.74,0.979,0.878,79.56,-60.0,18.35,10.0
5,92.79,0.235,0.115,10.27,-3.47,3.87,92.79,0.223,0.147,14.16,-4.08,4.88,92.79,0.607,0.859,80.46,-44.39,56.8,62.79,0.435,0.633,64.69,-11.86,36.03,242.79,0.963,0.872,28.36,70.03,-95.84,4.83
5,177.37,0.9,0.9,82.74,-46.36,-8.5,281.54,0.272,0.191,15.46,7.43,-7.06,281.54,0.584,0.682,43.56,46.6,-42.24,236.54,0.404,0.684,47.96,15.48,-35.93,71.54,0.971,0.906,85.91,-37.55,83.47,2.34
5,75.94,0.276,0.116,10.62,-2.98,5.02,75.94,0.291,0.122,11.22,-3.24,5.53,75.94,0.524,0.75,73.63,-24.4,46.98,30.94,0.657,0.508,41.14,12.25,31.78,75.94,0.2,0.5,52.19,-7.33,13.04,4.04
5,159.18,0.9,0.9,81.27,-62.03,22.32,92.82,0.076,0.953,94.66,-6.55,7.7,92.82,0.767,0.896,82.35,-55.19,70.72,47.82,0.753,0.656,59.61,-1.11,53.81,242.82,0.872,0.878,30.99,65.56,-92.32,3.0
5,307.38,0.037,0.967,94.79,4.44,-2.76,307.38,0.073,0.906,87.43,8.33,-5.12,307.38,0.52,0.638,46.32,45.11,-24.97,262.38,0.698,0.56,27.94,39.79,-49.13,157.38,0.92,0.93,83.48,-65.53,26.9,4.48
5,268.98,0.1,0.4,39.76,4.13,-5.11,268.98,0.1,0.4,39.76,4.13,-5.11,268.98,0.1,0.4,39.76,4.13,-5.11,313.98,0.1,0.4,40.18,5.67,-2.98,118.98,0.1,0.4,42.07,-6.02,4.46,1.0
5,21.69,0.03,0.994,98.09,1.13,1.88,21.69,0.039,0.913,90.6,1.4,2.32,21.69,0.546,0.87,66.91,24.79,35.21,351.69,0.658,0.539,33.38,39.46,13.25,171.69,0.981,0.969,87.71,-56.06,2.4,2.02
5,339.25,0.028,0.975,95.97,2.7,-0.33,339.25,0.027,0.957,94.49,2.59,-0.31,339.25,0.715,0.88,52.84,65.14,5.57,9.25,0.671,0.696,45.63,39.8,30.98,189.25,0.961,0.82,66.91,-26.51,-26.25,3.13
5,292.98,0.026,0.996,97.92,3.1,-2.48,292.98,0.038,0.914,90.11,4.2,-3.35,292.98,0.645,0.872,56.03,68.38,-49.85,247.98,0.514,0.799,47.98,31.84,-52.79,112.98,0.857,0.911,81.18,-75.27,73.92,3.96
5,25.72,0.037,0.978,96.52,1.08,2.54,25.72,0.046,0.923,91.36,1.28,2.98,25.72,0.826,0.601,42.38,26.23,42.93,70.72,0.53,0.737,73.06,-20.82,47.75,205.72,0.847,0.908,59.15,-0.51,-50.83,7.23
5,248.4,0.256,0.067,3.84,0.97,-2.07,248.4,0.262,0.121,8.05,2.81,-5.44,248.4,0.712,0.755,34.16,46.8,-68.84,218.4,0.445,0.675,51.38,3.41,-29.18,38.4,0.891,0.814,63.74,16.69,64.98,6.76
5,239.08,0.254,0.083,4.94,1.09,-3.06,239.08,0.285,0.214,16.35,4.08,-9.9,239.08,0.516,0.604,35.9,22.02,-43.16,209.08,0.433,0.692,56.58,-3.66,-23.74,59.08,0.852,0.936,90.82,-18.54,85.11,6.6
5,250.31,0.018,0.958,94.94,1.03,-2.02,250.31,0.041,0.958,93.14,2.41,-4.69,250.31,0.628,0.637,32.92,35.09,-52.89,205.31,0.67,0.545,40.38,-4.7,-26.94,40.31,0.938,0.863,67.92,15.89,70.52,7.05
5,178.05,0.041,0.992,98.54,-3.45,-1.02,178.05,0.058,0.92,91.89,-4.58,-1.34,178.05,0.788,0.674,63.87,-35.03,-7.76,133.05,0.762,0.783,71.09,-62.8,47.66,358.05,0.811,0.812,45.54,63.24,40.11,7.41
5,59.62,0.017,0.963,96.66,-0.7,1.95,59.62,0.038,0.934,93.88,-1.55,4.36,59.62,0.632,0.632,64.33,-12.9,51.07,29.62,0.536,0.655,54.65,12.39,30.97,209.62,0.944,0.873,50.16,12.27,-60.25,6.86
5,268.55,0.197,0.086,5.8,1.8,-2.35,268.55,0.195,0.205,17.97,4.66,-5.76,268.55,0.896,0.789,33.71,66.71,-74.58,313.55,0.68,0.661,42.78,56.14,-24.63,58.55,0.835,0.853,83.25,-16.43,78.1,7.25
5,148.07,0.9,0.9,80.65,-69.22,40.8,214.86,0.068,0.959,92.68,-0.52,-5.51,214.86,0.584,0.74,51.69,3.7,-38.38,259.86,0.753,0.512,22.97,39.13,-49.58,34.86,0.963,0.933,67.68,28.94,72.03,1.0
5,215.15,0.9,0.9,47.87,21.96,-67.79,155.72,0.162,0.19,19.28,-4.19,0.9,155.72,0.698,0.697,65.01,-45.76,16.04,125.72,0.728,0.613,56.76,-52.21,43.61,305.72,0.857,0.87,52.83,82.62,-44.23,1.0
5,215.3,0.006,0.999,99.56,-0.05,-0.52,215.3,0.036,0.966,95.01,-0.27,-2.96,215.3,0.807,0.814,46.86,14.41,-56.98,245.3,0.496,0.59,36.33,22.73,-40.24,65.3,0.853,0.957,92.13,-27.93,85.68,5.08
5,184.06,0.006,0.964,96.68,-0.47,-0.22,184.06,0.058,0.901,90.01,-3.99,-1.88,184.06,0.875,0.734,65.61,-32.01,-16.08,214.06,0.628,0.687,46.94,3.69,-38.03,4.06,0.99,0.983,52.89,77.55,65.87,5.49
5,357.39,0.019,0.98,96.9,1.65,0.47,357.39,0.009,0.911,91.58,0.68,0.19,357.39,0.85,0.69,38.02,57.22,37.02,312.39,0.77,0.673,41.57,62.09,-27.39,357.39,0.2,0.5,45.68,10.39,3.25,7.86
5,357.03,0.017,0.956,95.0,1.46,0.4,357.03,0.012,0.961,95.76,0.97,0.27,357.03,0.558,0.678,45.23,39.92,16.73,327.03,0.517,0.729,51.44,45.0,-11.01,177.03,0.971,0.972,88.52,-50.29,-8.09,3.66
5,333.83,0.208,0.104,7.58,2.6,-0.66,333.83,0.234,0.154,12.52,5.33,-1.04,333.83,0.79,0.696,40.65,58.82,-0.33,303.83,0.62,0.608,41.64,51.45,-30.3,153.83,0.84,0.974,87.15,-67.76,30.54,8.04
5,206.0,0.029,0.969,95.99,-0.78,-1.95,206.0,0.034,0.964,95.32,-0.9,-2.27,206.0,0.612,0.861,63.93,-6.2,-36.62,176.0,0.716,0.749,70.47,-37.68,-5.9,56.0,0.923,0.905,85.2,-12.85,83.23,1.0
5,98.73,0.245,0.083,6.49,-2.48,2.49,98.73,0.111,0.141,13.78,-2.16,2.27,98.73,0.663,0.822,76.3,-50.64,58.35,53.73,0.424,0.577,57.88,-6.05,30.63,278.73,0.958,0.895,41.8,78.87,-76.56,7.63
5,153.98,0.002,0.975,97.76,-0.24,0.05,153.98,0.005,0.971,97.3,-0.53,0.12,153.98,0.801,0.975,87.4,-66.06,28.45,198.98,0.72,0.643,49.94,-11.74,-26.98,3.98,0.965,0.964,52.15,75.78,63.49,2.57
5,207.69,0.9,0.9,55.04,5.88,-56.24,280.74,0.266,0.147,11.18,5.74,-5.55,280.74,0.637,0.66,39.96,48.85,-44.74,250.74,0.618,0.568,29.76,31.36,-47.35,70.74,0.929,0.918,87.25,-35.93,83.8,2.12
5,292.41,0.162,0.115,9.16,3.23,-2.57,292.41,0.153,0.189,17.46,4.66,-3.7,292.41,0.779,0.639,38.02,60.8,-44.6,247.41,0.689,0.578,26.68,35.56,-54.07,142.41,0.9,0.89,79.64,-71.5,49.27,6.95
5,301.69,0.196,0.14,11.69,5.01,-3.38,301.69,0.202,0.186,16.5,6.57,-4.41,301.69,0.899,0.644,39.32,68.09,-40.6,271.69,0.598,0.774,46.2,48.1,-51.78,121.69,0.919,0.988,86.87,-84.19,79.82,6.9
5,357.99,0.9,0.9,48.82,72.07,52.39,273.53,0.029,0.968,95.18,2.6,-2.97,273.53,0.786,0.77,38.32,62.1,-64.01,303.53,0.749,0.742,47.3,69.13,-40.05,123.53,0.848,0.946,83.79,-79.34,72.52,1.29
5,227.76,0.197,0.145,11.88,0.89,-4.15,227.76,0.204,0.141,11.39,0.9,-4.21,227.76,0.767,0.765,37.22,31.59,-65.31,197.76,0.727,0.706,55.15,-13.96,-28.05,77.76,0.984,0.986,91.12,-50.06,87.44,4.18
5,62.37,0.264,0.071,5.56,-0.98,2.43,62.37,0.286,0.122,11.53,-2.18,6.05,62.37,0.869,0.777,77.05,-20.36,74.18,92.37,0.666,0.698,66.34,-40.27,52.14,62.37,0.2,0.5,52.66,-5.01,13.77,7.6
5,239.37,0.212,0.121,8.7,1.78,-4.52,239.37,0.25,0.139,9.91,2.42,-6.01,239.37,0.544,0.622,35.38,24.65,-46.76,194.37,0.474,0.72,63.42,-15.42,-17.32,59.37,0.916,0.936,91.01,-19.21,87.66,5.16
5,97.24,0.9,0.9,81.38,-65.81,76.32,79.23,0.01,0.941,94.63,-0.68,1.06,79.23,0.521,0.696,68.47,-24.89,43.49,49.23,0.551,0.522,50.36,-3.26,34.5,259.23,0.893,0.982,38.43,76.04,-94.91,3.46
5,324.53,0.143,0.117,9.6,2.69,-0.99,324.53,0.248,0.194,16.46,7.3,-2.56,324.53,0.702,0.603,37.71,50.62,-12.25,279.53,0.736,0.771,42.29,61.83,-57.62,174.53,0.968,0.821,75.8,-46.58,-2.97,7.0
5,113.38,0.126,0.065,4.9,-1.05,0.83,113.38,0.158,0.127,11.87,-3.41,2.78,113.38,0.597,0.887,80.92,-59.07,54.7,143.38,0.553,0.613,58.21,-38.47,19.95,113.38,0.2,0.5,50.99,-13.5,11.18,7.48
5,238.93,0.184,0.079,5.13,0.74,-2.09,238.93,0.182,0.162,13.51,1.9,-4.94,238.93,0.766,0.878,35.77,54.46,-84.47,193.93,0.496,0.565,50.37,-13.41,-14.6,238.93,0.2,0.5,44.18,5.53,-13.95,2.03
5,150.23,0.9,0.9,80.75,-67.98,37.3,48.41,0.009,0.932,93.82,-0.16,0.86,48.41,0.805,0.867,76.63,-1.27,70.71,3.41,0.505,0.61,43.53,30.25,16.56,228.41,0.824,0.845,37.87,40.75,-76.16,2.92
5,138.98,0.1,0.4,42.15,-5.41,2.61,138.98,0.1,0.4,42.15,-5.41,2.61,138.98,0.1,0.4,42.15,-5.41,2.61,168.98,0.1,0.4,42.29,-4.31,-0.28,348.98,0.1,0.4,39.99,4.47,0.42,1.0
5,227.58,0.028,0.999,98.0,0.52,-2.84,227.58,0.063,0.962,92.45,1.19,-6.28,227.58,0.642,0.603,34.43,18.02,-45.29,182.58,0.56,0.789,73.51,-29.33,-11.79,227.58,0.2,0.5,45.56,2.62,-11.86,7.49
5,122.64,0.045,0.977,96.91,-5.63,3.89,122.64,0.037,0.963,95.85,-4.57,3.15,122.64,0.541,0.832,76.51,-54.58,44.2,167.64,0.591,0.523,50.65,-28.27,1.53,272.64,0.98,0.916,39.05,78.3,-84.24,4.27
5,165.31,0.9,0.9,81.7,-57.24,11.91,141.81,0.22,0.129,11.84,-4.52,2.04,141.81,0.563,0.781,72.6,-47.96,26.36,111.81,0.513,0.554,53.2,-35.18,32.29,321.81,0.916,0.93,52.94,81.8,-17.19,1.0
5,189.94,0.165,0.129,11.84,-1.83,-1.32,189.94,0.278,0.194,18.58,-4.22,-3.07,189.94,0.57,0.682,60.65,-20.27,-16.18,159.94,0.709,0.551,52.33,-36.74,9.65,339.94,0.878,0.99,54.85,79.55,17.86,10.0
5,164.49,0.178,0.095,8.1,-2.3,0.09,164.49,0.256,0.123,11.14,-4.22,0.21,164.49,0.814,0.095,6.88,-8.09,0.97,134.49,0.631,0.754,69.54,-53.45,36.51,314.49,0.876,0.835,49.14,77.04,-29.17,3.53
5,359.82,0.014,0.959,95.46,1.16,0.4,359.82,0.037,0.94,92.29,3.01,1.06,359.82,0.642,0.809,50.13,52.31,28.35,29.82,0.652,0.519,41.61,13.27,31.54,209.82,0.965,0.985,55.29,15.81,-67.93,7.44
5,18.17,0.015,0.993,98.62,0.65,0.83,18.17,0.008,0.917,92.29,0.34,0.43,18.17,0.67,0.853,59.67,36.1,41.6,348.17,0.43,0.712,52.98,33.04,5.17,168.17,0.877,0.824,75.74,-50.73,6.1,4.21
5,105.08,0.023,0.991,98.76,-2.47,2.28,105.08,0.052,0.929,92.72,-5.22,4.85,105.08,0.705,0.899,81.7,-61.8,64.95,60.08,0.586,0.578,59.5,-11.91,44.7,285.08,0.888,0.99,51.52,86.74,-74.09,4.5
5,96.95,0.048,0.987,98.06,-4.53,4.89,96.95,0.002,0.932,93.96,-0.14,0.15,96.95,0.603,0.791,74.34,-44.26,52.28,66.95,0.64,0.7,69.78,-20.03,54.83,276.95,0.918,0.94,43.88,80.37,-79.67,6.79
5,221.56,0.243,0.119,8.8,0.38,-3.9,221.56,0.127,0.135,11.95,0.17,-2.27,221.56,0.601,0.72,46.19,11.64,-44.12,191.56,0.441,0.698,63.41,-16.3,-14.2,41.56,0.811,0.937,76.62,10.31,70.78,8.04
5,244.11,0.1,0.4,39.38,2.51,-5.72,244.11,0.1,0.4,39.38,2.51,-5.72,244.11,0.1,0.4,39.38,2.51,-5.72,199.11,0.1,0.4,41.38,-1.96,-2.77,64.11,0.1,0.4,42.85,-2.3,5.68,1.0
5,11.87,0.023,0.954,94.68,1.32,1.08,11.87,0.041,0.926,91.28,2.29,1.87,11.87,0.634,0.791,53.95,38.72,33.21,56.87,0.731,0.727,71.29,-12.15,62.42,191.87,0.866,0.926,73.35,-25.35,-31.12,4.2
5,350.42,0.105,0.123,10.66,1.72,0.21,350.42,0.263,0.125,9.08,4.51,0.66,350.42,0.732,0.841,49.44,61.64,22.79,35.42,0.408,0.536,49.35,4.07,21.59,350.42,0.2,0.5,45.77,10.9,1.59,4.19
5,42.42,0.007,0.968,97.04,-0.05,0.66,42.42,0.067,0.937,92.9,-0.36,6.04,42.42,0.629,0.768,67.49,3.49,49.32,72.42,0.661,0.595,59.34,-21.9,48.45,222.42,0.961,0.985,42.54,47.33,-88.67,7.3
5,351.67,0.042,0.952,93.0,3.64,0.54,351.67,0.052,0.94,91.28,4.54,0.68,351.67,0.875,0.871,47.79,70.06,37.69,321.67,0.674,0.58,37.08,48.24,-14.64,201.67,0.943,0.993,65.61,-4.82,-52.47,3.44
5,67.41,0.123,0.055,4.08,-0.35,0.75,67.41,0.251,0.144,14.09,-2.6,5.97,67.41,0.51,0.719,71.91,-17.69,45.66,112.41,0.75,0.53,49.6,-45.69,44.17,67.41,0.2,0.5,52.49,-5.87,13.49,7.6
5,52.71,0.01,0.97,97.19,-0.27,1.05,52.71,0.008,0.914,92.25,-0.22,0.83,52.71,0.64,0.97,89.89,-9.18,67.8,7.71,0.585,0.527,36.46,28.29,19.65,202.71,0.963,0.953,61.47,-1.54,-53.5,2.83
5,16.18,0.288,0.081,5.29,1.43,1.41,16.18,0.284,0.147,11.96,3.18,3.38,16.18,0.863,0.871,53.72,52.47,55.5,331.18,0.468,0.608,44.78,34.52,-6.32,16.18,0.2,0.5,47.52,6.13,6.55,6.65
5,307.51,0.039,0.992,96.85,4.84,-2.99,307.51,0.06,0.975,94.07,7.3,-4.49,307.51,0.731,0.775,49.24,68.94,-36.07,262.51,0.477,0.743,48.98,32.97,-42.77,97.51,0.95,0.851,77.11,-65.11,74.16,5.72
5,191.29,0.1,0.4,41.77,-2.76,-2.18,191.29,0.1,0.4,41.77,-2.76,-2.18,191.29,0.1,0.4,41.77,-2.76,-2.18,221.29,0.1,0.4,40.25,0.31,-4.42,41.29,0.1,0.4,41.97,-0.13,4.43,1.0
5,143.54,0.9,0.9,80.46,-71.56,47.96,120.31,0.213,0.166,16.14,-6.18,4.57,120.31,0.538,0.839,77.05,-55.34,46.36,150.31,0.537,0.554,53.22,-32.77,13.01,330.31,0.88,0.812,45.92,70.46,-2.24,1.95
5,227.45,0.278,0.115,7.89,1.04,-4.5,227.45,0.263,0.172,13.73,1.44,-6.41,227.45,0.787,0.869,41.44,36.55,-73.75,257.45,0.72,0.631,29.68,43.56,-57.32,17.45,0.851,0.802,50.6,46.65,51.68,6.96
5,236.83,0.1,0.4,39.48,1.92,-5.58,236.83,0.1,0.4,39.48,1.92,-5.58,236.83,0.1,0.4,39.48,1.92,-5.58,206.83,0.1,0.4,40.98,-1.18,-3.34,56.83,0.1,0.4,42.75,-1.7,5.54,1.0
5,275.03,0.1,0.4,39.85,4.52,-4.96,275.03,0.1,0.4,39.85,4.52,-4.96,275.03,0.1,0.4,39.85,4.52,-4.96,320.03,0.1,0.4,40.14,5.46,-2.39,125.03,0.1,0.4,42.08,-5.91,3.95,1.0
5,98.33,0.001,0.953,95.86,-0.09,0.1,98.33,0.077,0.928,92.31,-7.06,7.45,98.33,0.847,0.888,80.56,-63.7,73.51,68.33,0.793,0.658,65.34,-23.04,60.83,278.33,0.858,0.83,40.89,71.64,-68.65,5.14
5,22.56,0.177,0.115,9.57,1.13,1.93,22.56,0.298,0.144,11.82,2.45,4.05,22.56,0.867,0.62,41.31,32.66,44.65,337.56,0.455,0.634,46.82,33.63,-2.11,202.56,0.86,0.81,55.53,-5.73,-42.6,7.45
5,84.12,0.1,0.4,42.56,-3.67,5.22,84.12,0.1,0.4,42.56,-3.67,5.22,84.12,0.1,0.4,42.56,-3.67,5.22,129.12,0.1,0.4,42.1,-5.77,3.56,264.12,0.1,0.4,39.68,3.81,-5.23,1.0
5,112.17,0.189,0.132,12.3,-4.13,3.45,112.17,0.15,0.151,14.71,-3.68,3.06,112.17,0.838,0.748,67.98,-63.55,62.64,67.17,0.507,0.613,62.15,-15.36,39.91,292.17,0.833,0.983,56.44,88.03,-64.98,7.6
5,199.38,0.11,0.109,9.49,-0.71,-1.02,199.38,0.118,0.148,14.12,-1.0,-1.43,199.38,0.84,0.603,44.44,-9.55,-29.59,229.38,0.526,0.736,47.19,16.8,-44.95,49.38,0.858,0.831,73.97,-1.97,71.58,6.87
5,288.68,0.114,0.112,9.32,2.11,-1.8,288.68,0.107,0.173,16.35,2.87,-2.45,288.68,0.603,0.112,5.07,9.45,-8.15,318.68,0.417,0.798,60.8,41.26,-16.71,78.68,0.987,0.932,86.46,-49.28,83.6,5.31
5,326.08,0.229,0.148,12.02,5.29,-1.74,326.08,0.131,0.15,13.47,3.03,-1.04,326.08,0.645,0.698,45.09,52.94,-12.04,296.08,0.661,0.744,48.67,62.97,-43.17,116.08,0.862,0.816,73.34,-70.48,67.86,6.75
5,192.33,0.011,0.953,95.47,-0.61,-0.51,192.33,0.061,0.925,91.6,-3.23,-2.74,192.33,0.65,0.746,63.1,-20.63,-21.52,162.33,0.612,0.706,66.59,-39.25,7.32,12.33,0.939,0.828,47.67,59.53,56.3,6.2
5,173.46,0.05,0.97,96.46,-4.27,-0.75,173.46,0.009,0.966,96.81,-0.74,-0.13,173.46,0.585,0.814,76.55,-36.93,-3.59,143.46,0.413,0.517,50.59,-25.9,12.34,323.46,0.821,0.84,49.22,72.42,-15.61,5.68
5,128.51,0.9,0.9,80.04,-76.82,67.87,268.1,0.035,0.967,94.62,2.87,-3.66,268.1,0.725,0.713,36.13,52.6,-59.17,223.1,0.572,0.538,35.2,9.31,-34.06,88.1,0.991,0.898,81.98,-59.98,79.35,3.39
5,33.18,0.279,0.135,11.68,0.92,4.4,33.18,0.294,0.191,17.61,1.35,6.25,33.18,0.758,0.877,67.42,20.86,58.44,63.18,0.676,0.686,68.97,-17.26,57.16,243.18,0.934,0.8,26.3,64.4,-88.73,5.87
5,239.13,0.0,0.955,96.01,0.02,-0.04,239.13,0.069,0.907,86.6,2.84,-7.68,239.13,0.585,0.669,35.82,29.02,-53.19,194.13,0.427,0.507,46.43,-10.99,-11.74,29.13,0.842,0.953,67.51,33.66,65.28,7.46
5,138.2,0.124,0.107,9.45,-2.21,1.09,138.2,0.29,0.174,16.78,-7.84,4.06,138.2,0.775,0.845,76.3,-65.47,45.26,168.2,0.443,0.685,66.19,-27.64,0.36,348.2,0.99,0.94,50.41,76.98,44.74,8.33
5,38.79,0.039,0.96,95.38,0.06,3.39,38.79,0.002,0.973,97.54,0.0,0.2,38.79,0.856,0.96,75.14,17.11,72.66,83.79,0.532,0.535,53.27,-22.79,35.31,248.79,0.925,0.953,33.17,73.9,-99.56,5.81
5,190.7,0.9,0.9,72.13,-26.49,-29.41,77.16,0.181,0.128,12.14,-2.2,3.74,77.16,0.739,0.793,76.03,-34.46,65.36,122.16,0.686,0.666,61.41,-54.4,47.0,257.16,0.888,0.859,32.94,67.74,-86.28,2.68
5,58.61,0.13,0.1,8.9,-0.76,2.0,58.61,0.246,0.195,20.22,-2.38,7.69,58.61,0.59,0.63,63.79,-11.58,47.53,88.61,0.593,0.7,67.35,-34.23,47.74,58.61,0.2,0.5,52.58,-4.27,13.67,7.71
5,284.89,0.048,0.975,94.6,5.14,-4.72,284.89,0.013,0.955,95.12,1.39,-1.28,284.89,0.803,0.622,33.88,57.47,-48.73,239.89,0.585,0.789,41.83,34.3,-61.4,104.89,0.912,0.943,84.04,-74.84,78.54,5.44
5,27.48,0.9,0.9,61.36,38.28,64.35,338.96,0.188,0.203,18.27,5.22,-0.54,338.96,0.795,0.855,49.25,68.1,8.69,8.96,0.786,0.732,44.36,49.03,40.26,128.96,0.857,0.87,77.79,-73.49,63.11,1.0
5,12.24,0.036,0.991,97.19,2.12,1.77,12.24,0.005,0.905,91.29,0.28,0.24,12.24,0.614,0.662,46.34,31.93,27.62,42.24,0.539,0.663,60.21,1.92,37.61,192.24,0.871,0.9,71.0,-24.16,-31.1,6.24
5,209.07,0.1,0.4,40.87,-0.95,-3.51,209.07,0.1,0.4,40.87,-0.95,-3.51,209.07,0.1,0.4,40.87,-0.95,-3.51,239.07,0.1,0.4,39.36,2.15,-5.75,29.07,0.1,0.4,41.37,1.12,3.56,1.0
5,161.42,0.228,0.071,5.32,-1.74,0.19,161.42,0.286,0.184,18.09,-6.78,0.83,161.42,0.851,0.699,64.79,-48.35,13.66,116.42,0.672,0.793,72.41,-60.46,55.37,341.42,0.868,0.857,47.7,70.55,17.58,9.25
5,272.7,0.101,0.1,8.07,0.67,-1.3,272.7,0.247,0.198,16.4,6.18,-6.97,272.7,0.563,0.726,45.27,43.41,-46.15,317.7,0.435,0.753,56.96,41.21,-17.2,92.7,0.961,0.86,78.35,-61.71,75.6,8.08
5,147.93,0.1,0.4,42.19,-5.09,1.75,147.93,0.1,0.4,42.19,-5.09,1.75,147.93,0.1,0.4,42.19,-5.09,1.75,117.93,0.1,0.4,42.08,-5.95,4.48,327.93,0.1,0.4,40.1,5.18,-1.63,1.0
5,199.17,0.03,0.987,97.67,-1.26,-1.75,199.17,0.071,0.933,91.48,-2.82,-3.96,199.17,0.821,0.749,55.16,-11.6,-34.27,169.17,0.461,0.57,55.79,-24.42,-0.2,19.17,0.909,0.998,61.46,57.19,66.15,6.02
5,209.1,0.041,0.966,94.99,-0.84,-2.98,209.1,0.004,0.939,94.38,-0.08,-0.28,209.1,0.865,0.837,51.23,6.41,-53.33,254.1,0.587,0.753,41.96,38.54,-55.71,29.1,0.967,0.933,62.91,40.47,69.05,3.62
5,57.29,0.269,0.054,3.97,-0.5,1.52,57.29,0.153,0.172,17.62,-1.3,4.24,57.29,0.889,0.836,80.57,-14.31,78.15,27.29,0.461,0.765,64.36,13.37,28.81,237.29,0.904,0.902,31.55,65.99,-95.01,6.24
5,326.65,0.259,0.121,8.75,5.02,-1.6,326.65,0.218,0.217,19.22,6.94,-2.22,326.65,0.619,0.121,5.6,10.67,-2.72,356.65,0.759,0.764,44.08,57.88,31.76,116.65,0.919,0.93,82.41,-79.82,77.18,5.49
5,64.62,0.11,0.135,13.28,-1.04,2.51,64.62,0.115,0.159,16.23,-1.25,3.02,64.62,0.538,0.769,76.68,-17.43,51.18,109.62,0.517,0.595,56.92,-36.59,34.69,214.62,0.873,0.833,45.93,17.5,-61.3,6.32
5,44.62,0.047,0.954,94.96,-0.49,4.49,44.62,0.075,0.967,95.42,-0.75,7.24,44.62,0.772,0.874,74.83,3.94,66.7,14.62,0.464,0.621,49.04,20.24,19.33,224.62,0.849,0.862,40.21,36.5,-74.81,3.84
5,28.34,0.289,0.081,5.63,0.75,1.91,28.34,0.287,0.184,16.57,2.01,5.4,28.34,0.892,0.826,57.4,33.79,60.25,73.34,0.784,0.625,61.62,-26.45,57.05,238.34,0.938,0.9,30.11,69.3,-97.08,6.14
5,6.66,0.25,0.084,5.47,1.81,0.99,6.66,0.178,0.136,11.45,2.49,1.44,6.66,0.709,0.823,51.18,51.27,37.34,36.66,0.796,0.535,43.35,11.04,42.5,216.66,0.813,0.929,51.7,19.44,-65.71,10.0
5,278.66,0.9,0.9,43.31,77.95,-74.81,173.35,0.054,0.963,95.74,-4.6,-0.8,173.35,0.581,0.845,79.24,-37.94,-3.59,218.35,0.557,0.785,53.99,7.05,-41.31,23.35,0.907,0.92,59.59,46.55,63.68,3.38
5,241.22,0.134,0.074,5.06,0.54,-1.4,241.22,0.251,0.137,9.7,2.54,-5.98,241.22,0.666,0.675,31.59,36.99,-61.03,286.22,0.692,0.649,38.93,54.14,-44.77,91.22,0.854,0.874,80.2,-56.68,73.93,6.26
5,188.25,0.011,0.981,98.04,-0.74,-0.47,188.25,0.076,0.907,89.83,-4.54,-2.89,188.25,0.544,0.853,75.83,-25.16,-17.15,218.25,0.57,0.684,46.9,6.49,-37.69,38.25,0.893,0.914,70.67,18.83,71.1,2.81
5,88.07,0.001,0.966,97.01,-0.08,0.11,88.07,0.032,0.951,95.2,-2.56,3.3,88.07,0.872,0.661,62.48,-43.48,60.54,118.07,0.413,0.728,69.13,-38.68,31.76,268.07,0.902,0.942,40.06,76.59,-86.35,7.69
5,116.32,0.192,0.104,8.9,-3.61,2.5,116.32,0.128,0.191,19.42,-4.04,3.14,116.32,0.853,0.104,7.46,-12.19,9.1,71.32,0.798,0.531,53.13,-21.94,51.08,296.32,0.808,0.924,55.84,84.97,-57.46,5.01
5,353.38,0.015,0.995,98.58,1.3,0.24,353.38,0.014,0.966,96.01,1.24,0.23,353.38,0.701,0.624,37.44,46.61,19.15,308.38,0.705,0.549,35.4,51.05,-26.35,143.38,0.945,0.889,79.44,-72.27,50.42,3.71
5,226.11,0.135,0.088,6.55,0.26,-1.61,226.11,0.274,0.193,15.67,1.47,-7.21,226.11,0.522,0.754,49.95,13.58,-43.15,256.11,0.459,0.578,38.62,23.54,-34.7,76.11,0.831,0.944,88.68,-41.55,80.77,8.87
5,308.86,0.131,0.068,4.74,1.18,-0.71,308.86,0.145,0.18,16.65,4.36,-2.57,308.86,0.626,0.897,59.64,68.87,-35.58,278.86,0.52,0.784,52.24,45.47,-43.53,98.86,0.871,0.849,77.17,-62.95,71.8,10.0
5,291.78,0.1,0.4,40.12,5.62,-4.54,291.78,0.1,0.4,40.12,5.62,-4.54,291.78,0.1,0.4,40.12,5.62,-4.54,261.78,0.1,0.4,39.65,3.66,-5.29,141.78,0.1,0.4,42.16,-5.31,2.34,1.0
5,175.34,0.0,0.994,99.51,-0.0,-0.0,175.34,0.001,0.962,96.62,-0.05,-0.01,175.34,0.688,0.757,71.25,-37.61,-5.22,220.34,0.583,0.513,34.19,6.95,-31.71,175.34,0.2,0.5,51.41,-9.59,-1.96,2.33
5,244.68,0.163,0.084,5.75,0.89,-2.1,244.68,0.126,0.178,16.16,1.64,-3.67,244.68,0.637,0.803,39.99,41.24,-66.37,199.68,0.525,0.588,49.5,-10.07,-19.35,64.68,0.902,0.85,82.97,-25.23,80.04,7.39
5,53.16,0.03,0.962,96.25,-0.85,3.2,53.16,0.067,0.923,92.33,-1.78,6.95,53.16,0.584,0.617,60.26,-6.86,43.69,23.16,0.747,0.681,48.48,28.45,41.78,203.16,0.844,1.0,67.36,-5.69,-50.63,4.43
5,315.59,0.04,0.951,93.24,4.47,-2.28,315.59,0.01,0.968,96.57,1.14,-0.58,315.59,0.834,0.717,42.73,66.85,-24.76,270.59,0.504,0.639,42.27,34.01,-37.93,105.59,0.957,0.842,75.69,-70.41,72.85,4.86
5,321.83,0.1,0.4,40.13,5.4,-2.22,321.83,0.1,0.4,40.13,5.4,-2.22,321.83,0.1,0.4,40.13,5.4,-2.22,6.83,0.1,0.4,40.27,3.4,1.98,111.83,0.1,0.4,42.17,-5.54,4.61,1.0
5,103.05,0.9,0.9,80.81,-70.45,75.63,305.84,0.039,0.942,92.45,4.7,-3.0,305.84,0.746,0.711,45.16,65.89,-36.01,260.84,0.788,0.51,21.89,41.08,-51.02,155.84,0.977,0.826,74.8,-62.17,29.12,1.67
5,21.73,0.132,0.085,6.58,0.57,0.9,21.73,0.187,0.172,15.92,1.78,2.85,21.73,0.897,0.716,46.33,39.51,51.15,336.73,0.432,0.592,44.72,30.3,-2.63,171.73,0.988,0.852,78.09,-50.86,2.11,9.15
5,120.51,0.01,0.982,98.22,-1.23,0.88,120.51,0.054,0.966,95.75,-6.72,4.82,120.51,0.85,0.811,72.87,-70.95,66.54,150.51,0.48,0.51,49.64,-27.82,10.5,330.51,0.969,0.814,44.96,71.99,2.43,6.13
5,70.25,0.255,0.076,6.01,-1.33,2.55,70.25,0.19,0.135,13.13,-2.05,4.23,70.25,0.771,0.818,79.34,-29.01,70.52,115.25,0.457,0.769,72.34,-43.04,37.23,280.25,0.873,0.928,46.19,79.63,-74.04,8.73
5,44.23,0.008,0.967,96.87,-0.09,0.8,44.23,0.033,0.972,96.82,-0.33,3.16,44.23,0.578,0.892,79.2,0.98,52.54,359.23,0.466,0.575,41.56,28.61,12.32,254.23,0.951,0.958,33.99,75.9,-98.9,3.55
5,9.04,0.9,0.9,51.21,65.07,57.03,271.91,0.067,0.951,91.05,5.87,-6.88,271.91,0.504,0.68,45.17,36.34,-39.56,301.91,0.648,0.574,38.83,51.49,-31.48,121.91,0.905,0.879,78.27,-76.71,72.29,1.0
5,100.52,0.009,0.954,95.74,-0.87,0.88,100.52,0.047,0.946,94.34,-4.54,4.58,100.52,0.713,0.896,81.82,-58.74,65.98,145.52,0.765,0.76,69.61,-56.94,32.24,310.52,0.86,0.855,51.13,79.56,-36.17,4.02
5,324.88,0.016,0.996,98.6,1.71,-0.64,324.88,0.032,0.951,93.62,3.42,-1.27,324.88,0.67,0.728,46.32,56.71,-13.73,279.88,0.681,0.59,34.07,47.0,-43.61,144.88,0.888,0.838,75.49,-66.69,42.6,6.31
5,66.3,0.9,0.9,86.88,-28.63,83.08,270.18,0.042,0.944,92.16,3.53,-4.31,270.18,0.576,0.705,42.9,42.22,-46.83,315.18,0.431,0.585,45.04,33.75,-15.43,120.18,0.86,0.936,82.91,-79.59,75.18,2.78
5,346.17,0.187,0.108,8.12,2.86,0.11,346.17,0.289,0.219,17.97,8.26,0.52,346.17,0.541,0.85,57.36,48.53,7.57,16.17,0.672,0.649,45.2,30.93,32.39,196.17,0.957,0.911,66.18,-15.48,-40.18,10.0
5,350.32,0.243,0.098,6.67,3.01,0.4,350.32,0.283,0.178,14.06,6.59,1.0,350.32,0.554,0.764,51.15,44.81,11.5,320.32,0.549,0.706,49.12,47.96,-16.97,170.32,0.872,0.887,81.1,-51.76,2.93,9.39
5,197.87,0.025,0.967,96.17,-1.12,-1.41,197.87,0.035,0.942,93.59,-1.5,-1.89,197.87,0.628,0.688,55.85,-13.64,-24.34,152.87,0.647,0.523,49.89,-35.48,13.59,47.87,0.931,0.842,72.76,1.82,73.61,2.68
5,353.74,0.023,0.978,96.56,1.99,0.39,353.74,0.067,0.918,88.45,5.63,1.13,353.74,0.845,0.778,43.11,62.94,34.91,23.74,0.734,0.648,46.79,26.02,39.65,173.74,0.862,0.961,87.49,-51.69,-2.84,4.96
5,34.27,0.273,0.13,11.15,0.74,4.24,34.27,0.171,0.189,18.52,0.58,3.63,34.27,0.575,0.844,70.28,11.8,43.9,4.27,0.415,0.588,45.39,23.14,12.56,34.27,0.2,0.5,49.65,1.65,9.58,6.07
5,112.73,0.014,0.965,96.62,-1.58,1.28,112.73,0.062,0.94,93.35,-6.97,5.68,112.73,0.715,0.849,76.98,-64.45,61.98,142.73,0.41,0.778,73.84,-36.05,17.68,322.73,0.871,0.821,47.39,73.08,-15.47,6.36
5,253.75,0.023,0.97,95.61,1.47,-2.62,253.75,0.032,0.905,89.33,1.89,-3.36,253.75,0.88,0.735,27.22,58.8,-77.33,208.75,0.624,0.57,41.74,-2.09,-28.67,43.75,0.82,0.865,72.74,6.36,68.34,6.37
5,103.37,0.297,0.118,10.45,-5.26,4.88,103.37,0.175,0.13,12.17,-3.37,3.26,103.37,0.573,0.118,9.75,-9.15,8.7,58.37,0.638,0.607,61.43,-11.47,49.22,283.37,0.84,0.919,48.24,79.21,-69.37,3.49
5,275.08,0.02,0.992,97.87,1.87,-2.07,275.08,0.078,0.949,90.17,7.13,-7.84,275.08,0.558,0.714,45.29,43.48,-44.35,230.08,0.548,0.531,33.11,14.14,-36.32,125.08,0.834,0.939,83.27,-78.02,69.71,5.09
5,235.47,0.158,0.149,12.61,1.26,-3.79,235.47,0.29,0.177,13.2,2.96,-8.19,235.47,0.837,0.678,25.93,45.07,-70.93,265.47,0.58,0.723,42.84,41.38,-49.72,55.47,0.899,0.843,79.57,-11.44,77.77,5.48
5,304.51,0.18,0.089,6.4,2.65,-1.74,304.51,0.21,0.196,17.35,7.03,-4.47,304.51,0.756,0.698,44.31,65.91,-37.23,334.51,0.561,0.771,52.1,48.96,-4.32,124.51,0.82,0.831,74.6,-70.57,62.93,7.84
5,216.89,0.007,0.997,99.33,-0.03,-0.61,216.89,0.028,0.904,89.98,-0.11,-2.2,216.89,0.62,0.701,46.63,6.78,-40.62,171.89,0.449,0.769,73.63,-29.4,-2.27,36.89,0.894,0.826,63.41,19.57,64.93,7.29
5,237.36,0.036,0.959,93.61,1.38,-4.08,237.36,0.009,0.912,91.56,0.33,-0.97,237.36,0.599,0.65,34.85,27.42,-51.93,207.36,0.704,0.641,45.2,-2.34,-34.07,237.36,0.2,0.5,44.37,5.13,-13.66,8.0
5,101.1,0.1,0.4,42.32,-4.82,4.84,101.1,0.1,0.4,42.32,-4.82,4.84,101.1,0.1,0.4,42.32,-4.82,4.84,56.1,0.1,0.4,42.71,-1.63,5.49,311.1,0.1,0.4,40.19,5.77,-3.25,1.0
5,244.14,0.26,0.135,9.4,2.8,-6.05,244.14,0.132,0.134,11.28,1.33,-3.01,244.14,0.746,0.827,34.81,52.32,-78.51,214.14,0.696,0.562,36.48,4.78,-35.8,94.14,0.884,0.843,77.16,-59.14,72.53,6.48
5,237.42,0.279,0.095,5.76,1.42,-3.95,237.42,0.109,0.196,18.57,1.19,-3.38,237.42,0.825,0.095,2.02,3.34,-9.78,192.42,0.575,0.683,59.39,-18.21,-18.2,87.42,0.895,0.965,87.98,-58.83,82.05,4.54
5,77.39,0.003,0.983,98.48,-0.21,0.35,77.39,0.01,0.96,96.34,-0.65,1.06,77.39,0.581,0.615,60.94,-23.54,43.76,47.39,0.459,0.626,60.03,-2.52,32.74,77.39,0.2,0.5,52.14,-7.57,12.96,1.75
5,265.13,0.9,0.9,37.07,72.93,-85.31,195.83,0.162,0.142,13.22,-1.54,-1.71,195.83,0.688,0.877,69.83,-19.14,-29.66,150.83,0.652,0.778,71.94,-49.84,21.38,15.83,0.817,0.94,58.91,53.07,55.47,2.31
5,119.61,0.014,0.987,98.5,-1.78,1.28,119.61,0.056,0.976,96.58,-7.05,5.13,119.61,0.79,0.808,72.85,-68.68,63.72,89.61,0.704,0.739,69.89,-41.85,57.44,119.61,0.2,0.5,50.81,-14.49,10.9,2.95
5,240.05,0.123,0.076,5.32,0.5,-1.37,240.05,0.203,0.205,17.32,2.77,-6.84,240.05,0.574,0.631,34.05,27.67,-50.3,270.05,0.632,0.617,35.24,41.65,-45.95,90.05,0.808,0.842,78.02,-51.95,70.04,6.59
5,325.18,0.1,0.4,40.12,5.28,-1.89,325.18,0.1,0.4,40.12,5.28,-1.89,325.18,0.1,0.4,40.12,5.28,-1.89,280.18,0.1,0.4,39.93,4.86,-4.83,115.18,0.1,0.4,42.12,-5.76,4.54,1.0
5,354.12,0.177,0.146,12.31,3.31,0.73,354.12,0.223,0.171,14.34,4.84,1.11,354.12,0.621,0.848,53.46,53.58,20.72,309.12,0.735,0.665,42.13,60.79,-30.35,144.12,0.889,0.948,84.36,-73.86,48.46,7.65
5,303.05,0.147,0.089,6.67,2.24,-1.52,303.05,0.175,0.21,19.4,6.22,-4.09,303.05,0.702,0.734,47.91,65.88,-38.89,348.05,0.622,0.635,40.62,43.37,10.09,153.05,0.804,0.938,84.31,-64.77,29.13,8.94
5,29.54,0.125,0.051,3.58,0.13,0.42,29.54,0.235,0.146,13.04,1.17,3.69,29.54,0.887,0.693,49.4,27.19,52.77,359.54,0.415,0.649,48.81,27.85,11.75,29.54,0.2,0.5,49.09,2.81,8.78,7.14
5,246.99,0.048,0.969,93.5,2.61,-5.56,246.99,0.016,0.942,93.66,0.82,-1.76,246.99,0.679,0.838,39.56,47.49,-72.17,216.99,0.756,0.641,37.76,11.46,-45.81,96.99,0.982,0.985,87.84,-73.79,83.46,4.9
5,232.58,0.9,0.9,34.03,58.35,-90.54,192.61,0.108,0.143,13.72,-1.2,-1.04,192.61,0.861,0.757,60.4,-20.84,-27.36,147.61,0.568,0.511,49.03,-32.9,14.85,342.61,0.982,0.897,48.42,74.91,30.14,1.67
5,179.41,0.264,0.068,5.04,-1.59,-0.53,179.41,0.167,0.189,19.18,-3.46,-1.11,179.41,0.599,0.732,69.76,-31.5,-8.91,134.41,0.41,0.519,50.67,-27.51,16.77,29.41,0.944,0.945,64.46,38.98,69.4,10.0
5,134.63,0.152,0.056,4.06,-0.96,0.52,134.63,0.258,0.182,17.76,-7.41,4.18,134.63,0.834,0.751,68.19,-63.25,48.69,164.63,0.724,0.645,60.79,-39.89,6.52,284.63,0.877,0.951,49.53,83.46,-71.75,7.65
5,344.78,0.172,0.055,3.52,0.82,0.0,344.78,0.294,0.199,16.04,7.85,0.26,344.78,0.602,0.723,46.97,47.32,7.06,314.78,0.632,0.656,43.62,52.43,-22.43,134.78,0.907,0.88,78.56,-74.02,59.89,8.95
5,154.83,0.004,0.956,96.0,-0.35,0.07,154.83,0.05,0.955,95.0,-4.92,1.06,154.83,0.755,0.829,75.78,-55.68,21.82,124.83,0.661,0.748,68.57,-57.62,47.51,334.83,0.844,0.862,48.94,71.53,4.19,5.43
5,124.4,0.208,0.07,5.14,-1.96,1.31,124.4,0.291,0.21,20.63,-9.98,7.04,124.4,0.513,0.769,71.49,-48.69,37.85,94.4,0.607,0.6,57.81,-34.19,42.31,334.4,0.881,0.839,47.05,71.28,5.21,6.66
5,331.19,0.004,0.998,99.57,0.39,-0.11,331.19,0.017,0.978,96.9,1.8,-0.49,331.19,0.717,0.796,48.51,62.13,-6.0,16.19,0.612,0.696,50.19,29.28,30.59,121.19,0.802,0.807,72.67,-68.98,63.34,6.62
5,37.36,0.9,0.9,68.84,20.48,69.95,17.63,0.282,0.135,10.77,2.76,3.23,17.63,0.6,0.796,58.04,30.35,34.12,332.63,0.673,0.528,33.09,42.49,-3.96,227.63,0.901,0.991,41.07,53.38,-92.01,1.83
5,190.83,0.04,0.986,97.59,-2.39,-1.82,190.83,0.05,0.933,92.71,-2.81,-2.14,190.83,0.817,0.884,72.07,-26.44,-27.33,160.83,0.519,0.579,55.89,-29.87,5.75,340.83,0.978,0.9,48.77,75.41,26.01,6.26
5,258.13,0.048,0.993,95.75,3.41,-5.43,258.13,0.065,0.907,87.15,4.31,-6.83,258.13,0.596,0.767,43.02,41.49,-56.04,303.13,0.468,0.522,39.76,35.59,-21.93,48.13,0.862,0.954,82.58,0.23,79.0,5.3
5,39.63,0.036,0.957,95.28,-0.01,3.12,39.63,0.005,0.911,91.94,-0.0,0.41,39.63,0.88,0.957,75.16,16.45,74.13,69.63,0.412,0.641,64.94,-14.63,33.62,219.63,0.801,0.952,50.88,25.07,-70.27,5.2
5,213.41,0.004,0.961,96.32,-0.05,-0.34,213.41,0.049,0.927,91.07,-0.53,-3.72,213.41,0.713,0.84,53.61,6.85,-49.86,183.41,0.658,0.501,47.32,-22.08,-9.72,63.41,0.84,0.835,82.06,-22.59,77.01,4.15
5,51.07,0.241,0.07,5.3,-0.43,1.94,51.07,0.279,0.152,14.6,-1.23,6.41,51.07,0.631,0.875,81.12,-6.54,60.63,21.07,0.504,0.548,44.26,15.66,21.7,201.07,0.93,0.934,62.99,-6.55,-48.38,9.19
5,344.49,0.203,0.065,4.11,1.27,0.0,344.49,0.13,0.181,16.87,3.1,-0.0,344.49,0.833,0.824,46.36,66.7,19.88,299.49,0.537,0.535,38.88,41.8,-27.28,134.49,0.8,0.82,74.06,-66.44,50.34,8.81
5,343.26,0.027,1.0,98.18,2.6,-0.11,343.26,0.011,0.969,96.52,1.07,-0.05,343.26,0.699,0.607,36.89,46.96,7.51,28.26,0.524,0.654,54.41,13.13,29.59,133.26,0.991,0.828,74.13,-72.9,63.37,4.31
5,200.67,0.1,0.4,41.3,-1.8,-2.88,200.67,0.1,0.4,41.3,-1.8,-2.88,200.67,0.1,0.4,41.3,-1.8,-2.88,170.67,0.1,0.4,42.3,-4.25,-0.44,20.67,0.1,0.4,40.95,1.98,2.96,1.0
5,150.06,0.234,0.091,7.35,-3.0,0.96,150.06,0.21,0.179,17.74,-5.35,1.71,150.06,0.607,0.702,65.77,-43.81,18.67,195.06,0.608,0.796,66.17,-18.23,-24.01,300.06,0.837,0.872,54.21,84.52,-52.58,9.62
5,119.47,0.279,0.052,3.56,-1.59,1.15,119.47,0.255,0.145,13.54,-6.57,4.96,119.47,0.653,0.726,66.72,-56.67,50.05,164.47,0.672,0.761,71.02,-43.39,6.73,119.47,0.2,0.5,50.81,-14.47,10.91,7.61
5,154.2,0.134,0.149,14.54,-2.85,0.67,154.2,0.135,0.177,17.84,-3.32,0.79,154.2,0.728,0.712,66.05,-48.57,19.01,184.2,0.444,0.645,61.55,-20.12,-9.39,154.2,0.2,0.5,51.16,-11.59,2.92,5.93
5,137.09,0.1,0.4,42.14,-5.48,2.79,137.09,0.1,0.4,42.14,-5.48,2.79,137.09,0.1,0.4,42.14,-5.48,2.79,182.09,0.1,0.4,42.24,-3.69,-1.49,287.09,0.1,0.4,40.04,5.31,-4.66,1.0
5,254.12,0.181,0.083,5.55,1.19,-2.17,254.12,0.274,0.212,16.68,5.42,-8.99,254.12,0.879,0.682,25.12,55.42,-72.71,209.12,0.489,0.611,48.53,-3.12,-24.21,44.12,0.922,0.805,66.97,7.88,68.68,6.33
5,80.93,0.012,0.989,98.91,-0.9,1.36,80.93,0.055,0.97,96.67,-3.95,6.01,80.93,0.661,0.764,73.44,-33.99,57.64,35.93,0.475,0.699,61.94,6.14,31.67,260.93,1.0,0.978,35.78,79.54,-98.81,6.68
5,56.47,0.036,0.977,97.59,-1.28,4.09,56.47,0.024,0.914,92.17,-0.8,2.54,56.47,0.571,0.858,83.21,-12.25,57.86,11.47,0.558,0.531,38.62,24.3,19.93,206.47,0.977,0.897,53.71,7.42,-58.01,4.57
5,109.75,0.005,0.959,96.31,-0.57,0.48,109.75,0.073,0.95,94.12,-8.05,6.91,109.75,0.626,0.71,66.15,-49.38,48.06,79.75,0.52,0.726,71.07,-26.03,44.85,259.75,0.987,0.925,33.59,75.73,-94.82,6.47
5,115.45,0.265,0.085,6.61,-3.41,2.61,115.45,0.245,0.198,19.6,-7.83,6.29,115.45,0.7,0.835,75.71,-64.19,59.89,70.45,0.5,0.52,53.12,-14.92,34.12,325.45,0.834,0.855,49.62,73.28,-12.26,9.53
5,109.92,0.021,0.951,95.22,-2.33,1.97,109.92,0.057,0.908,90.69,-6.08,5.19,109.92,0.708,0.951,85.47,-68.21,67.58,64.92,0.667,0.768,76.17,-20.3,61.53,319.92,0.903,0.824,47.41,74.96,-19.49,4.55
5,324.29,0.048,0.961,93.48,5.23,-1.98,324.29,0.06,0.974,93.9,6.55,-2.47,324.29,0.537,0.961,65.86,58.99,-16.89,294.29,0.404,0.585,45.86,32.66,-23.96,114.29,0.8,0.916,81.81,-73.86,71.33,1.0
5,94.11,0.026,0.962,96.17,-2.36,2.69,94.11,0.011,0.971,97.29,-0.97,1.1,94.11,0.656,0.623,59.63,-37.43,46.79,64.11,0.73,0.595,60.32,-16.85,53.92,244.11,0.804,0.896,34.7,61.4,-88.74,5.14
5,34.57,0.293,0.139,12.12,0.83,4.87,34.57,0.23,0.126,11.01,0.55,3.49,34.57,0.63,0.712,59.03,11.51,42.08,4.57,0.402,0.501,39.33,19.41,10.62,244.57,0.887,0.989,34.94,73.53,-101.9,4.6
5,190.41,0.283,0.133,11.7,-3.08,-2.31,190.41,0.245,0.133,11.84,-2.69,-2.01,190.41,0.766,0.808,67.43,-25.23,-23.79,160.41,0.774,0.604,56.75,-41.48,11.42,190.41,0.2,0.5,50.16,-6.63,-4.97,4.14
5,75.77,0.115,0.11,10.14,-1.21,2.1,75.77,0.196,0.163,16.36,-2.83,5.01,75.77,0.804,0.891,84.39,-38.45,75.93,30.77,0.465,0.707,60.92,9.97,28.89,255.77,0.955,0.99,35.58,78.24,-100.87,6.58
5,239.2,0.1,0.4,39.36,2.17,-5.76,239.2,0.1,0.4,39.36,2.17,-5.76,239.2,0.1,0.4,39.36,2.17,-5.76,194.2,0.1,0.4,41.63,-2.46,-2.4,89.2,0.1,0.4,42.48,-4.02,5.11,1.0
5,281.07,0.026,0.99,97.35,2.61,-2.58,281.07,0.001,0.966,96.9,0.1,-0.1,281.07,0.571,0.738,47.48,48.51,-44.38,311.07,0.725,0.595,37.7,54.65,-25.76,71.07,0.851,0.813,78.48,-31.57,73.9,6.01
5,36.07,0.273,0.133,11.63,0.56,4.47,36.07,0.251,0.167,15.53,0.61,4.96,36.07,0.803,0.744,58.71,15.83,55.37,66.07,0.467,0.72,72.27,-15.78,42.32,216.07,0.999,0.82,39.36,29.47,-70.07,7.05
5,169.98,0.119,0.11,9.96,-1.72,-0.15,169.98,0.271,0.194,19.28,-6.19,-0.41,169.98,0.651,0.898,82.97,-45.07,0.57,139.98,0.541,0.688,64.74,-42.47,24.17,19.98,0.998,0.964,57.71,60.13,68.0,10.0
5,134.53,0.1,0.4,42.12,-5.57,3.04,134.53,0.1,0.4,42.12,-5.57,3.04,134.53,0.1,0.4,42.12,-5.57,3.04,179.53,0.1,0.4,42.35,-3.92,-1.29,314.53,0.1,0.4,40.17,5.65,-2.92,1.0
5,29.86,0.035,0.985,97.4,0.72,2.62,29.86,0.002,0.951,95.65,0.03,0.11,29.86,0.513,0.888,73.17,14.84,38.12,359.86,0.523,0.756,51.53,40.44,19.21,239.86,0.914,0.927,31.24,70.95,-99.06,5.37
5,108.65,0.105,0.128,12.19,-2.15,1.89,108.65,0.111,0.195,20.05,-3.23,2.84,108.65,0.521,0.676,64.11,-40.33,38.85,138.65,0.727,0.651,60.32,-51.17,33.62,258.65,0.994,0.925,33.03,75.76,-95.8,5.93
5,111.84,0.026,0.977,97.39,-2.98,2.45,111.84,0.062,0.941,93.53,-6.88,5.69,111.84,0.742,0.826,74.94,-64.06,62.5,81.84,0.758,0.623,60.39,-32.79,54.22,321.84,0.878,0.946,54.36,82.0,-18.48,5.05
5,245.03,0.183,0.115,8.46,1.68,-3.65,245.03,0.152,0.163,14.19,1.87,-4.1,245.03,0.584,0.611,33.06,29.13,-48.83,290.03,0.633,0.725,46.53,56.72,-43.81,95.03,0.884,0.823,75.38,-58.81,71.05,6.07
5,152.07,0.9,0.9,80.85,-66.86,34.25,294.74,0.053,0.91,88.9,6.01,-4.64,294.74,0.594,0.761,51.4,58.19,-41.22,324.74,0.617,0.613,40.58,46.36,-12.15,144.74,0.88,0.979,86.93,-75.1,48.15,1.0
5,355.72,0.035,0.969,94.93,3.0,0.73,355.72,0.033,0.928,91.51,2.73,0.67,355.72,0.741,0.822,47.86,60.38,30.96,40.72,0.622,0.705,61.62,4.83,44.58,175.72,0.983,0.984,89.34,-52.36,-5.52,4.83
5,287.39,0.004,0.99,98.82,0.47,-0.42,287.39,0.031,0.906,89.77,3.2,-2.82,287.39,0.67,0.69,42.42,55.91,-45.28,317.39,0.423,0.534,41.41,30.36,-12.94,137.39,0.972,0.881,78.57,-74.85,60.46,6.71
5,18.82,0.227,0.115,9.11,1.79,2.02,18.82,0.135,0.212,20.78,1.74,2.27,18.82,0.82,0.669,43.78,36.93,43.4,63.82,0.413,0.576,59.34,-11.03,31.65,228.82,0.964,0.822,30.83,53.25,-84.4,3.61
5,294.51,0.229,0.101,7.17,3.99,-2.83,294.51,0.144,0.148,13.14,3.64,-2.79,294.51,0.627,0.611,40.63,50.97,-36.18,249.51,0.544,0.578,33.66,26.65,-42.62,144.51,0.911,0.894,79.94,-71.05,46.86,6.57
5,122.88,0.035,0.991,98.32,-4.36,2.99,122.88,0.022,0.96,95.93,-2.73,1.87,122.88,0.833,0.672,61.38,-60.6,55.07,167.88,0.634,0.502,48.51,-28.73,1.64,302.88,0.956,0.839,50.51,83.94,-48.16,7.38
5,163.71,0.28,0.099,8.13,-3.04,-0.02,163.71,0.191,0.199,20.15,-4.77,0.29,163.71,0.607,0.629,59.9,-35.0,5.35,118.71,0.781,0.65,59.65,-57.39,53.21,13.71,0.952,0.868,50.15,60.9,59.35,9.22
5,221.91,0.1,0.4,40.22,0.37,-4.47,221.91,0.1,0.4,40.22,0.37,-4.47,221.91,0.1,0.4,40.22,0.37,-4.47,251.91,0.1,0.4,39.5,3.02,-5.53,11.91,0.1,0.4,40.52,2.88,2.34,1.0
5,93.67,0.1,0.4,42.42,-4.32,5.01,93.67,0.1,0.4,42.42,-4.32,5.01,93.67,0.1,0.4,42.42,-4.32,5.01,63.67,0.1,0.4,42.85,-2.27,5.69,303.67,0.1,0.4,40.23,6.04,-3.97,1.0
5,36.75,0.033,0.999,98.9,0.19,2.87,36.75,0.002,0.977,97.94,0.01,0.15,36.75,0.507,0.852,73.79,7.32,40.33,66.75,0.424,0.527,54.34,-11.66,29.81,246.75,0.973,0.824,26.85,67.63,-91.39,3.88
5,32.55,0.239,0.143,12.73,0.86,3.89,32.55,0.143,0.204,20.35,0.64,3.11,32.55,0.779,0.604,46.92,16.56,44.04,347.55,0.607,0.598,38.79,40.48,8.57,32.55,0.2,0.5,49.45,2.07,9.29,3.47
5,145.62,0.11,0.113,10.26,-1.97,0.74,145.62,0.224,0.217,21.88,-6.92,2.75,145.62,0.619,0.726,67.56,-47.38,24.0,190.62,0.643,0.72,62.21,-21.75,-19.18,145.62,0.2,0.5,51.06,-12.37,4.92,6.87
5,116.11,0.195,0.08,6.18,-2.31,1.75,116.11,0.246,0.204,20.3,-8.15,6.49,116.11,0.86,0.652,59.67,-59.23,56.88,146.11,0.404,0.745,71.2,-33.53,14.59,326.11,0.87,0.927,52.93,79.08,-10.54,8.11
5,178.49,0.006,0.954,95.86,-0.47,-0.15,178.49,0.063,0.912,91.17,-4.88,-1.49,178.49,0.569,0.849,79.94,-34.77,-8.82,148.49,0.788,0.504,47.37,-40.98,21.01,28.49,0.914,0.92,63.01,38.02,66.57,2.41
5,150.99,0.017,0.954,95.6,-1.77,0.49,150.99,0.016,0.951,95.34,-1.66,0.46,150.99,0.699,0.621,58.24,-43.72,19.18,195.99,0.673,0.502,41.49,-12.46,-18.72,0.99,0.993,0.861,46.02,71.14,59.61,5.5
5,327.77,0.9,0.9,50.77,77.52,-6.09,357.85,0.064,0.956,91.88,5.43,1.65,357.85,0.598,0.759,48.84,46.69,21.63,327.85,0.647,0.617,39.74,47.68,-9.29,207.85,0.845,0.856,54.15,3.22,-51.39,1.0
5,248.15,0.049,0.969,93.5,2.74,-5.66,248.15,0.057,0.929,89.44,3.09,-6.35,248.15,0.842,0.857,32.31,62.97,-87.12,218.15,0.668,0.79,49.35,11.31,-49.44,38.15,0.827,0.891,70.33,16.01,66.63,5.76
5,77.26,0.025,0.976,97.62,-1.65,2.73,77.26,0.028,0.96,96.15,-1.85,3.06,77.26,0.862,0.663,64.19,-33.32,62.21,32.26,0.431,0.754,66.08,8.35,28.79,77.26,0.2,0.5,52.14,-7.55,12.97,1.9
5,118.6,0.138,0.052,3.74,-0.83,0.61,118.6,0.135,0.14,13.45,-3.35,2.5,118.6,0.566,0.627,58.9,-45.15,38.83,73.6,0.433,0.542,55.25,-15.0,30.34,328.6,0.837,0.921,52.89,76.78,-7.13,10.0
5,270.42,0.133,0.06,3.99,0.69,-0.85,270.42,0.218,0.194,16.49,5.15,-6.11,270.42,0.56,0.712,44.14,41.45,-45.89,315.42,0.539,0.736,51.8,50.02,-21.7,270.42,0.2,0.5,45.2,10.38,-12.29,4.21
5,44.1,0.278,0.112,9.54,-0.3,4.09,44.1,0.219,0.219,22.0,-0.43,6.2,44.1,0.751,0.879,75.18,4.26,65.29,74.1,0.582,0.686,67.8,-23.47,48.42,224.1,0.902,0.845,37.51,39.59,-76.79,7.58
5,320.37,0.046,0.958,93.47,5.04,-2.22,320.37,0.054,0.925,90.08,5.85,-2.57,320.37,0.835,0.82,48.19,72.59,-19.97,290.37,0.426,0.705,53.28,38.51,-30.24,140.37,0.99,0.84,75.3,-71.5,55.08,5.31
5,77.05,0.105,0.072,5.65,-0.6,0.98,77.05,0.196,0.194,20.01,-3.37,5.79,77.05,0.587,0.634,62.71,-24.12,45.36,32.05,0.533,0.507,43.68,8.24,25.9,257.05,0.938,0.912,33.43,73.13,-93.23,5.94
5,91.03,0.045,0.977,97.26,-3.91,4.75,91.03,0.078,0.906,90.55,-6.27,7.65,91.03,0.635,0.714,68.09,-38.53,51.19,46.03,0.613,0.623,57.4,-0.65,42.44,241.03,0.982,0.823,26.08,67.66,-92.47,6.37
5,290.8,0.033,0.992,97.17,3.77,-3.12,290.8,0.023,0.951,94.22,2.56,-2.13,290.8,0.736,0.787,47.23,68.31,-51.74,245.8,0.452,0.78,50.54,25.57,-45.84,110.8,0.92,0.995,87.74,-81.82,81.6,5.33
5,225.94,0.046,0.962,93.71,0.69,-4.46,225.94,0.029,0.919,90.97,0.41,-2.71,225.94,0.828,0.962,44.82,40.87,-81.7,270.94,0.488,0.605,40.84,31.61,-35.13,75.94,0.813,0.99,92.58,-42.29,82.9,4.46
5,104.91,0.1,0.4,42.26,-5.08,4.76,104.91,0.1,0.4,42.26,-5.08,4.76,104.91,0.1,0.4,42.26,-5.08,4.76,134.91,0.1,0.4,42.13,-5.56,3.0,314.91,0.1,0.4,40.17,5.64,-2.89,1.0
5,257.06,0.183,0.062,3.88,0.76,-1.28,257.06,0.112,0.205,19.54,2.16,-3.49,257.06,0.857,0.703,27.49,56.24,-71.99,302.06,0.565,0.713,50.39,54.65,-33.71,257.06,0.2,0.5,44.68,8.35,-13.13,1.0
5,26.2,0.1,0.4,41.23,1.41,3.36,26.2,0.1,0.4,41.23,1.41,3.36,26.2,0.1,0.4,41.23,1.41,3.36,341.2,0.1,0.4,40.03,4.73,-0.34,236.2,0.1,0.4,39.51,1.85,-5.53,1.0
5,22.92,0.043,0.966,95.06,1.5,2.75,22.92,0.007,0.961,96.23,0.24,0.44,22.92,0.71,0.692,50.05,27.23,39.93,67.92,0.705,0.527,53.4,-17.72,47.04,232.92,0.873,0.943,36.66,58.62,-92.36,7.64
5,103.86,0.044,0.971,96.6,-4.54,4.3,103.86,0.054,0.901,90.27,-5.29,5.02,103.86,0.826,0.672,62.16,-53.82,57.75,58.86,0.636,0.644,65.06,-12.43,51.68,283.86,0.971,0.876,43.49,79.99,-70.94,7.55
5,165.44,0.05,0.986,97.78,-4.63,0.03,165.44,0.044,0.943,94.1,-3.94,0.02,165.44,0.518,0.887,82.83,-39.93,3.79,195.44,0.698,0.753,60.78,-17.55,-26.15,345.44,0.842,0.837,46.82,67.66,22.49,5.74
5,191.7,0.181,0.136,12.48,-1.95,-1.6,191.7,0.103,0.182,18.41,-1.46,-1.18,191.7,0.863,0.631,51.54,-19.41,-22.7,236.7,0.795,0.684,27.27,43.59,-69.49,41.7,0.893,0.877,70.82,11.99,70.93,8.58
5,355.78,0.048,0.987,95.61,4.16,1.03,355.78,0.078,0.908,86.96,6.41,1.62,355.78,0.612,0.987,61.99,59.44,25.31,310.78,0.562,0.524,36.9,40.52,-20.32,145.78,0.971,0.954,84.66,-75.77,50.94,3.43
5,177.8,0.1,0.4,42.34,-3.98,-1.12,177.8,0.1,0.4,42.34,-3.98,-1.12,177.8,0.1,0.4,42.34,-3.98,-1.12,147.8,0.1,0.4,42.19,-5.1,1.76,357.8,0.1,0.4,39.95,4.18,1.28,1.0
5,173.06,0.1,0.4,42.31,-4.16,-0.67,173.06,0.1,0.4,42.31,-4.16,-0.67,173.06,0.1,0.4,42.31,-4.16,-0.67,128.06,0.1,0.4,42.09,-5.8,3.66,23.06,0.1,0.4,41.07,1.73,3.13,1.0
5,242.26,0.126,0.102,7.95,0.26,-2.03,242.26,0.207,0.124,9.11,1.93,-4.51,242.26,0.882,0.842,29.21,64.03,-90.05,287.26,0.738,0.7,40.91,60.79,-49.26,242.26,0.2,0.5,44.13,6.14,-14.01,1.74
5,11.84,0.013,0.98,97.47,0.78,0.63,11.84,0.026,0.97,95.89,1.5,1.22,11.84,0.875,0.732,43.36,51.14,47.38,341.84,0.584,0.673,44.57,43.98,3.23,191.84,0.813,0.811,65.77,-23.33,-26.71,5.11
5,248.28,0.23,0.14,10.44,2.76,-5.4,248.28,0.192,0.121,9.03,2.0,-3.96,248.28,0.752,0.803,34.2,52.67,-75.85,278.28,0.656,0.675,39.54,49.98,-47.75,38.28,0.872,0.982,75.92,19.09,74.37,3.87
5,176.98,0.195,0.11,9.72,-2.61,-0.67,176.98,0.106,0.219,22.9,-2.58,-0.67,176.98,0.787,0.728,68.45,-37.89,-6.9,206.98,0.785,0.517,34.88,-1.13,-31.3,26.98,0.876,0.919,62.83,38.36,64.02,10.0
5,73.36,0.9,0.9,85.25,-38.37,81.1,137.29,0.134,0.123,11.4,-2.72,1.38,137.29,0.889,0.894,79.81,-73.49,56.15,182.29,0.459,0.63,60.79,-21.5,-8.41,347.29,0.93,0.988,53.52,79.26,38.46,1.0
5,206.33,0.9,0.9,56.38,3.06,-54.1,202.92,0.045,0.912,90.42,-1.42,-2.68,202.92,0.739,0.712,51.87,-7.45,-34.12,157.92,0.77,0.799,73.37,-53.02,17.69,352.92,0.83,0.889,49.53,69.34,36.4,1.0
5,152.37,0.164,0.059,4.27,-0.99,0.27,152.37,0.16,0.204,20.82,-4.48,1.23,152.37,0.813,0.892,80.52,-63.05,29.38,122.37,0.482,0.617,58.68,-39.14,30.95,2.37,0.815,0.924,52.18,68.1,49.17,7.98
5,205.54,0.021,0.954,95.04,-0.57,-1.36,205.54,0.05,0.908,89.72,-1.32,-3.19,205.54,0.743,0.752,52.66,-4.05,-38.69,250.54,0.411,0.708,49.05,22.49,-37.61,355.54,0.886,0.882,48.11,70.74,46.17,8.19
5,340.65,0.012,0.966,96.23,1.11,-0.11,340.65,0.057,0.965,93.22,5.53,-0.49,340.65,0.9,0.682,37.52,60.04,14.66,25.65,0.538,0.749,60.21,17.73,32.66,160.65,0.892,0.839,76.38,-57.48,18.44,5.85
5,320.18,0.1,0.4,40.14,5.45,-2.38,320.18,0.1,0.4,40.14,5.45,-2.38,320.18,0.1,0.4,40.14,5.45,-2.38,275.18,0.1,0.4,39.85,4.53,-4.96,140.18,0.1,0.4,42.15,-5.37,2.49,1.0
5,161.51,0.024,0.992,98.79,-2.3,0.19,161.51,0.053,0.935,93.2,-4.91,0.44,161.51,0.862,0.827,75.52,-55.38,15.96,191.51,0.76,0.768,63.61,-22.85,-23.98,341.51,0.864,0.887,49.42,72.3,18.02,6.12
5,324.2,0.276,0.125,9.02,5.6,-1.99,324.2,0.285,0.175,14.01,7.75,-2.72,324.2,0.679,0.89,55.89,67.46,-16.82,294.2,0.608,0.617,41.49,49.93,-35.72,324.2,0.2,0.5,46.1,12.94,-4.63,6.23
5,133.75,0.014,0.989,98.68,-1.65,0.9,133.75,0.017,0.919,92.41,-1.85,1.01,133.75,0.52,0.656,62.01,-41.18,26.87,88.75,0.585,0.738,70.7,-35.38,49.17,313.75,0.914,0.838,48.95,78.46,-30.08,7.01
5,34.3,0.9,0.9,66.42,26.07,68.12,28.12,0.064,0.915,90.08,1.48,4.35,28.12,0.639,0.619,48.93,16.64,34.91,343.12,0.569,0.633,42.46,40.63,3.83,208.12,0.964,0.857,50.14,9.92,-57.96,1.0
5,74.82,0.261,0.107,9.53,-2.56,4.31,74.82,0.223,0.166,16.73,-3.18,5.82,74.82,0.602,0.777,75.69,-27.2,55.06,29.82,0.656,0.556,44.4,14.22,33.62,254.82,0.968,0.83,28.8,68.49,-88.89,5.81
5,315.77,0.035,0.955,93.86,3.95,-2.01,315.77,0.079,0.906,87.01,8.59,-4.31,315.77,0.762,0.633,38.95,57.88,-22.32,345.77,0.758,0.656,38.28,52.58,13.78,165.77,0.836,0.909,82.7,-55.55,9.67,4.71
5,289.74,0.287,0.15,11.4,7.05,-5.77,289.74,0.187,0.143,11.95,4.35,-3.61,289.74,0.724,0.864,51.68,72.21,-55.82,244.74,0.497,0.537,32.95,20.87,-37.42,289.74,0.2,0.5,46.0,13.37,-11.01,4.42
5,21.35,0.049,0.95,93.44,1.83,2.94,21.35,0.076,0.944,91.67,2.88,4.57,21.35,0.781,0.656,45.07,31.35,41.62,51.35,0.559,0.639,61.62,-5.48,42.27,21.35,0.2,0.5,48.13,4.85,7.41,5.19
5,156.27,0.9,0.9,81.08,-64.11,27.25,240.13,0.124,0.177,16.14,1.43,-3.66,240.13,0.657,0.703,33.26,37.21,-62.52,285.13,0.406,0.623,47.5,31.43,-27.26,90.13,0.827,0.895,82.28,-55.44,74.35,3.15
5,115.03,0.018,0.98,97.83,-2.11,1.64,115.03,0.038,0.917,91.82,-4.35,3.4,115.03,0.764,0.7,64.16,-58.7,55.77,160.03,0.465,0.561,54.63,-26.75,5.24,325.03,0.934,0.902,50.77,79.09,-9.99,6.22
5,207.91,0.214,0.059,3.9,-0.26,-0.9,207.91,0.135,0.173,16.59,-0.71,-2.3,207.91,0.639,0.606,44.25,-2.76,-30.17,237.91,0.581,0.574,31.34,24.02,-45.87,207.91,0.2,0.5,47.98,-2.33,-8.22,5.26
5,259.73,0.016,0.957,94.99,1.15,-1.77,259.73,0.039,0.966,94.19,2.74,-4.2,259.73,0.84,0.855,35.39,65.5,-81.53,229.73,0.606,0.749,43.46,22.2,-52.82,79.73,0.9,0.921,85.72,-47.57,80.96,5.4
5,344.22,0.025,0.965,95.3,2.33,-0.05,344.22,0.079,0.97,92.19,7.52,-0.09,344.22,0.777,0.868,50.1,66.98,16.59,314.22,0.774,0.569,34.85,54.13,-22.27,164.22,0.961,0.95,85.57,-62.06,16.21,4.61
5,295.97,0.04,0.999,97.4,4.89,-3.71,295.97,0.037,0.959,94.07,4.45,-3.37,295.97,0.843,0.666,39.88,67.03,-45.66,325.97,0.631,0.78,50.66,56.93,-13.21,145.97,0.963,0.913,81.41,-72.93,48.34,5.08
5,103.53,0.017,0.953,95.55,-1.71,1.62,103.53,0.062,0.957,95.06,-6.29,6.02,103.53,0.721,0.815,74.8,-57.05,61.32,73.53,0.753,0.595,58.93,-24.9,53.37,283.53,0.884,0.839,43.1,75.5,-66.26,5.59
5,65.32,0.014,0.976,97.79,-0.71,1.64,65.32,0.063,0.935,93.74,-3.04,7.12,65.32,0.582,0.976,94.55,-22.87,66.36,95.32,0.611,0.509,49.44,-30.58,37.17,245.32,0.842,0.902,33.5,65.08,-91.64,5.29
5,235.33,0.9,0.9,32.52,62.78,-93.05,345.42,0.025,0.909,90.33,2.24,0.01,345.42,0.751,0.875,51.08,65.7,17.0,300.42,0.564,0.766,54.14,58.32,-37.15,195.42,0.883,0.923,69.25,-18.8,-37.04,4.13
5,311.04,0.17,0.114,8.98,3.4,-1.91,311.04,0.143,0.145,12.87,3.53,-1.99,311.04,0.759,0.829,51.41,73.06,-33.84,341.04,0.601,0.787,51.15,51.39,3.4,161.04,0.827,0.944,85.23,-60.58,17.47,9.57
5,123.63,0.9,0.9,79.96,-77.74,72.21,269.74,0.144,0.144,12.46,2.56,-3.12,269.74,0.515,0.714,46.33,37.82,-42.71,299.74,0.692,0.753,49.6,67.55,-42.87,89.74,0.941,0.834,76.66,-56.58,73.99,1.23
5,117.15,0.002,0.992,99.25,-0.22,0.16,117.15,0.047,0.904,90.44,-5.36,4.05,117.15,0.746,0.637,58.74,-54.58,50.65,87.15,0.522,0.645,63.1,-27.9,39.88,327.15,0.899,0.891,50.38,77.13,-7.27,8.04
5,101.37,0.182,0.087,7.04,-2.13,2.06,101.37,0.134,0.168,16.86,-3.15,3.15,101.37,0.655,0.653,61.7,-43.27,47.66,146.37,0.627,0.797,73.55,-51.26,25.54,281.37,0.826,0.93,48.22,78.25,-70.94,9.35
5,215.37,0.1,0.4,40.55,-0.3,-3.98,215.37,0.1,0.4,40.55,-0.3,-3.98,215.37,0.1,0.4,40.55,-0.3,-3.98,245.37,0.1,0.4,39.4,2.59,-5.69,35.37,0.1,0.4,41.68,0.47,4.01,1.0
5,320.25,0.194,0.127,10.15,4.05,-1.73,320.25,0.116,0.216,20.94,3.78,-1.64,320.25,0.743,0.87,53.14,71.63,-21.86,290.25,0.613,0.511,33.41,41.73,-32.19,110.25,0.823,1.0,88.6,-77.9,78.06,9.8
5,109.83,0.013,0.956,95.82,-1.48,1.26,109.83,0.048,0.907,90.81,-5.05,4.31,109.83,0.806,0.876,78.79,-69.22,69.52,154.83,0.534,0.583,55.96,-32.65,10.29,259.83,0.819,0.914,38.85,67.81,-84.47,6.06
5,181.35,0.011,0.991,98.98,-0.85,-0.33,181.35,0.062,0.912,91.05,-4.61,-1.77,181.35,0.53,0.847,79.38,-31.05,-11.01,151.35,0.662,0.72,66.97,-47.13,19.87,31.35,0.841,0.918,66.87,28.78,64.67,2.78
5,197.64,0.219,0.05,3.36,-0.41,-0.55,197.64,0.152,0.213,21.21,-1.87,-2.38,197.64,0.616,0.731,59.54,-14.48,-24.93,167.64,0.707,0.683,64.36,-39.52,3.34,197.64,0.2,0.5,49.26,-4.86,-6.32,6.11
5,327.75,0.019,0.975,96.54,2.0,-0.66,327.75,0.043,0.963,93.98,4.5,-1.46,327.75,0.726,0.672,41.12,55.61,-9.35,357.75,0.47,0.51,36.84,26.34,10.36,117.75,0.805,0.964,85.45,-78.68,74.29,5.34
5,107.53,0.225,0.102,8.66,-3.03,2.98,107.53,0.142,0.166,16.59,-3.57,3.2,107.53,0.544,0.763,71.48,-45.48,44.81,152.53,0.494,0.58,55.99,-31.1,10.79,317.53,0.909,0.826,47.77,76.08,-23.47,9.19
5,79.51,0.182,0.062,4.66,-0.84,1.27,79.51,0.253,0.153,15.04,-3.73,6.05,79.51,0.801,0.062,4.24,-3.25,4.75,109.51,0.525,0.605,57.8,-37.51,35.68,289.51,0.944,0.881,47.42,82.73,-65.18,3.55
5,346.75,0.011,0.982,97.74,0.99,0.03,346.75,0.079,0.93,88.81,7.09,0.3,346.75,0.855,0.859,47.73,69.34,26.48,316.75,0.436,0.664,50.55,37.47,-16.2,136.75,0.941,0.959,84.81,-79.32,63.61,5.19
5,105.7,0.227,0.057,4.06,-1.32,1.18,105.7,0.16,0.141,13.56,-3.42,3.18,105.7,0.501,0.647,61.95,-36.31,36.39,75.7,0.54,0.725,71.29,-24.17,47.03,315.7,0.834,0.818,48.67,74.07,-27.14,9.37
5,347.05,0.9,0.9,49.21,73.18,32.16,161.3,0.207,0.151,14.61,-4.19,0.47,161.3,0.716,0.632,59.51,-40.55,9.63,116.3,0.72,0.56,52.23,-48.03,44.44,11.3,0.828,0.857,51.55,55.78,50.3,1.0
5,84.9,0.1,0.4,42.54,-3.72,5.2,84.9,0.1,0.4,42.54,-3.72,5.2,84.9,0.1,0.4,42.54,-3.72,5.2,39.9,0.1,0.4,41.91,0.01,4.33,264.9,0.1,0.4,39.69,3.86,-5.22,1.0
5,125.14,0.018,0.973,97.16,-2.24,1.47,125.14,0.069,0.911,90.6,-8.0,5.31,125.14,0.522,0.721,67.35,-46.7,35.96,155.14,0.687,0.588,55.58,-39.82,14.15,275.14,0.971,0.949,42.07,81.2,-83.97,6.74
5,317.55,0.006,0.979,97.8,0.65,-0.32,317.55,0.076,0.941,90.11,8.49,-4.05,317.55,0.556,0.718,49.89,49.87,-19.82,272.55,0.504,0.775,51.23,40.74,-43.81,317.55,0.2,0.5,46.19,13.48,-6.2,6.59
5,210.36,0.109,0.13,11.76,-0.35,-1.53,210.36,0.221,0.209,19.2,-0.93,-4.64,210.36,0.667,0.747,51.59,0.55,-39.61,255.36,0.756,0.66,29.11,46.99,-62.77,0.36,0.968,0.865,46.31,71.11,58.17,7.24
5,72.85,0.002,0.954,95.88,-0.11,0.21,72.85,0.024,0.908,91.6,-1.41,2.61,72.85,0.821,0.616,60.73,-26.48,58.07,42.85,0.618,0.512,46.51,1.86,35.1,222.85,0.814,0.821,41.16,28.78,-67.24,7.28
5,122.48,0.209,0.105,8.95,-4.05,2.56,122.48,0.237,0.189,18.58,-7.57,5.44,122.48,0.816,0.607,55.87,-55.61,50.31,92.48,0.458,0.69,67.08,-28.94,36.52,122.48,0.2,0.5,50.82,-14.35,10.3,6.45
5,109.76,0.198,0.115,10.31,-3.74,3.26,109.76,0.209,0.186,18.57,-5.94,5.2,109.76,0.629,0.889,81.09,-59.32,57.9,79.76,0.644,0.702,68.24,-30.22,52.87,259.76,0.937,0.853,31.98,69.85,-86.9,6.25
5,213.84,0.102,0.084,6.54,-0.11,-0.93,213.84,0.294,0.176,14.59,-0.44,-5.74,213.84,0.873,0.803,44.92,15.44,-58.47,183.84,0.741,0.763,69.09,-31.83,-14.96,33.84,0.911,0.825,60.76,25.5,63.79,8.61
5,37.58,0.261,0.077,5.63,0.16,1.95,37.58,0.172,0.128,11.65,0.19,2.77,37.58,0.641,0.897,74.52,10.52,53.66,352.58,0.472,0.526,38.07,27.85,7.51,187.58,0.916,0.852,71.47,-30.41,-23.73,10.0
5,155.62,0.1,0.4,42.23,-4.81,1.01,155.62,0.1,0.4,42.23,-4.81,1.01,155.62,0.1,0.4,42.23,-4.81,1.01,110.62,0.1,0.4,42.18,-5.46,4.64,5.62,0.1,0.4,40.21,3.52,1.89,1.0
5,136.18,0.213,0.058,4.12,-1.37,0.71,136.18,0.294,0.214,21.12,-9.55,5.26,136.18,0.874,0.864,77.36,-71.45,55.13,166.18,0.407,0.78,74.8,-29.17,1.57,316.18,0.82,0.865,51.58,76.58,-27.6,8.73
5,195.64,0.007,0.963,96.54,-0.34,-0.37,195.64,0.026,0.971,96.56,-1.25,-1.33,195.64,0.807,0.849,65.41,-18.43,-32.63,225.64,0.774,0.688,34.39,26.1,-58.39,15.64,0.957,0.824,48.43,56.43,57.68,4.72
5,204.12,0.034,0.993,97.89,-1.08,-2.25,204.12,0.03,0.979,96.89,-0.94,-1.96,204.12,0.772,0.727,51.18,-5.29,-37.4,174.12,0.437,0.712,68.87,-26.3,-3.66,24.12,0.824,0.923,62.68,40.1,59.65,5.42
5,275.98,0.298,0.138,9.82,5.76,-6.07,275.98,0.273,0.145,10.78,5.47,-5.78,275.98,0.835,0.651,31.57,57.53,-57.11,320.98,0.654,0.548,35.55,45.21,-14.53,275.98,0.2,0.5,45.43,11.24,-11.93,1.0
5,196.66,0.1,0.4,41.5,-2.21,-2.58,196.66,0.1,0.4,41.5,-2.21,-2.58,196.66,0.1,0.4,41.5,-2.21,-2.58,151.66,0.1,0.4,42.21,-4.96,1.39,346.66,0.1,0.4,40.01,4.55,0.19,1.0
5,141.92,0.046,0.983,97.49,-5.07,2.18,141.92,0.003,0.901,91.16,-0.34,0.14,141.92,0.58,0.695,65.14,-44.71,24.68,186.92,0.469,0.605,56.72,-18.2,-10.81,141.92,0.2,0.5,51.02,-12.7,5.78,4.37
5,46.55,0.198,0.143,13.65,-0.51,4.05,46.55,0.12,0.164,16.44,-0.38,2.74,46.55,0.509,0.831,76.6,-2.12,45.16,16.55,0.449,0.778,61.84,21.86,23.28,196.55,0.982,0.882,63.35,-13.75,-40.53,9.74
5,257.78,0.027,0.975,95.77,1.83,-2.96,257.78,0.078,0.966,91.22,5.38,-8.57,257.78,0.779,0.659,28.59,49.16,-63.36,227.78,0.652,0.768,43.11,23.24,-56.19,77.78,0.827,0.943,88.29,-43.46,80.06,5.76
5,78.27,0.9,0.9,84.25,-44.85,79.87,242.67,0.213,0.2,16.62,3.06,-6.96,242.67,0.628,0.813,40.67,40.15,-66.7,212.67,0.416,0.771,61.81,-1.24,-27.01,32.67,0.93,0.851,61.19,29.14,65.23,4.18
5,311.22,0.039,0.993,96.85,4.73,-2.7,311.22,0.059,0.951,92.12,6.85,-3.88,311.22,0.711,0.993,62.36,80.87,-37.78,341.22,0.641,0.665,42.22,47.39,4.02,131.22,0.839,0.901,80.36,-74.2,61.08,2.55
5,58.02,0.177,0.086,7.23,-0.79,2.33,58.02,0.273,0.176,17.97,-2.33,7.8,58.02,0.842,0.644,64.17,-12.66,62.68,88.02,0.655,0.67,64.36,-35.47,50.36,238.02,0.826,0.932,35.49,61.83,-92.77,7.2
5,318.65,0.1,0.4,40.15,5.51,-2.52,318.65,0.1,0.4,40.15,5.51,-2.52,318.65,0.1,0.4,40.15,5.51,-2.52,273.65,0.1,0.4,39.83,4.43,-5.0,108.65,0.1,0.4,42.21,-5.33,4.68,1.0
5,242.68,0.158,0.105,7.83,1.22,-2.65,242.68,0.147,0.131,10.74,1.41,-3.33,242.68,0.548,0.781,44.05,31.93,-56.55,287.68,0.55,0.558,37.98,39.7,-32.3,242.68,0.2,0.5,44.15,6.2,-13.99,1.77
5,342.71,0.049,0.994,96.24,4.77,-0.23,342.71,0.065,0.917,88.58,5.91,-0.27,342.71,0.563,0.733,49.19,45.39,3.87,312.71,0.743,0.568,35.47,53.14,-23.51,162.71,0.896,0.929,83.92,-60.73,16.66,4.28
5,346.89,0.272,0.102,6.83,3.68,0.23,346.89,0.202,0.142,11.57,3.9,0.23,346.89,0.737,0.886,52.03,65.23,18.65,16.89,0.401,0.671,55.6,16.71,18.23,346.89,0.2,0.5,45.81,11.16,0.74,5.74
5,266.01,0.9,0.9,37.43,73.21,-84.7,284.06,0.024,0.93,92.29,2.38,-2.22,284.06,0.669,0.768,46.07,59.18,-50.94,254.06,0.603,0.771,42.06,40.57,-58.27,74.06,0.963,0.834,79.28,-38.47,77.62,3.59
5,251.34,0.228,0.128,9.28,2.69,-4.88,251.34,0.148,0.163,14.26,2.1,-3.88,251.34,0.561,0.729,41.7,34.33,-52.55,281.34,0.653,0.728,43.56,54.31,-49.14,251.34,0.2,0.5,44.47,7.49,-13.48,3.51
5,123.61,0.221,0.125,11.29,-4.93,3.45,123.61,0.281,0.164,15.56,-7.89,5.61,123.61,0.644,0.729,67.07,-55.75,46.42,93.61,0.747,0.602,57.31,-39.96,50.55,273.61,0.825,0.912,43.85,73.42,-75.74,7.7
5,199.71,0.106,0.096,8.09,-0.6,-0.62,199.71,0.149,0.172,16.54,-1.38,-2.05,199.71,0.71,0.826,62.78,-13.12,-33.44,229.71,0.709,0.725,36.92,28.65,-59.92,49.71,0.821,0.84,75.27,-3.01,70.64,9.62
5,190.21,0.169,0.128,11.73,-1.85,-1.36,190.21,0.138,0.124,11.32,-1.47,-1.08,190.21,0.779,0.643,54.55,-21.51,-19.89,220.21,0.534,0.731,50.63,7.77,-38.74,40.21,0.863,0.928,73.87,14.3,71.96,7.82
5,186.39,0.132,0.139,13.35,-1.77,-0.99,186.39,0.266,0.213,21.03,-4.94,-2.75,186.39,0.85,0.821,70.81,-31.42,-20.44,156.39,0.705,0.737,68.39,-47.84,16.3,336.39,0.808,0.84,48.28,68.33,4.97,8.19
5,118.94,0.9,0.9,79.95,-77.96,74.55,173.74,0.215,0.194,19.57,-4.79,-0.79,173.74,0.525,0.889,83.37,-36.51,-4.18,218.74,0.448,0.661,50.2,3.66,-29.08,23.74,0.809,0.817,56.09,35.89,52.9,1.0
5,124.56,0.104,0.052,3.77,-0.62,0.41,124.56,0.278,0.13,11.71,-6.38,4.44,124.56,0.9,0.649,59.27,-60.42,55.27,79.56,0.519,0.635,62.88,-23.24,40.2,124.56,0.2,0.5,50.84,-14.18,9.82,7.21
5,295.54,0.151,0.078,5.54,1.75,-1.35,295.54,0.3,0.153,11.66,7.99,-5.89,295.54,0.669,0.897,57.63,73.43,-50.82,250.54,0.525,0.654,39.3,28.56,-45.21,145.54,0.862,0.847,76.34,-66.05,40.57,9.97
5,228.98,0.004,0.967,96.86,0.07,-0.36,228.98,0.055,0.959,92.65,1.18,-5.56,228.98,0.642,0.602,33.76,19.54,-46.3,198.98,0.507,0.551,47.17,-9.91,-17.38,48.98,0.944,0.984,84.69,0.31,84.1,5.33
5,353.55,0.004,0.975,97.5,0.32,0.06,353.55,0.059,0.904,87.76,4.88,0.95,353.55,0.811,0.975,54.56,73.57,38.78,23.55,0.8,0.742,51.35,32.87,48.27,143.55,0.829,0.899,80.61,-68.84,43.58,4.14
5,175.67,0.023,0.96,96.03,-1.93,-0.45,175.67,0.029,0.915,91.91,-2.33,-0.55,175.67,0.794,0.66,62.44,-36.12,-4.9,205.67,0.517,0.658,52.59,-5.99,-24.85,325.67,0.908,0.885,50.06,77.32,-9.68,6.62
5,335.06,0.125,0.092,7.02,1.62,-0.31,335.06,0.202,0.133,10.74,4.02,-0.72,335.06,0.701,0.662,40.65,52.05,-1.24,20.06,0.626,0.607,45.06,23.34,29.82,125.06,0.809,0.826,74.23,-69.74,61.5,7.65
5,214.61,0.9,0.9,48.38,20.76,-66.97,69.02,0.253,0.132,12.72,-2.56,5.57,69.02,0.577,0.768,75.78,-21.64,53.55,114.02,0.579,0.726,67.56,-49.4,45.05,279.02,0.807,0.807,41.57,68.07,-64.16,1.04
5,93.68,0.002,0.985,98.69,-0.15,0.18,93.68,0.068,0.911,91.06,-5.8,6.7,93.68,0.654,0.648,61.85,-38.24,48.21,123.68,0.677,0.679,62.59,-54.43,45.88,273.68,0.936,0.997,44.27,83.17,-87.22,7.53
5,94.13,0.005,0.966,96.95,-0.48,0.55,94.13,0.02,0.902,91.01,-1.73,1.96,94.13,0.664,0.608,58.25,-37.08,46.36,139.13,0.714,0.594,55.41,-46.86,30.08,304.13,0.914,0.86,51.82,84.14,-46.79,7.08
5,69.21,0.011,0.963,96.65,-0.6,1.22,69.21,0.046,0.944,94.64,-2.5,5.16,69.21,0.61,0.963,92.64,-27.16,67.41,39.21,0.556,0.663,58.7,4.78,37.3,219.21,0.919,0.917,44.21,33.11,-76.24,4.46
5,119.88,0.166,0.132,12.33,-3.97,2.92,119.88,0.139,0.175,17.49,-4.23,3.1,119.88,0.813,0.849,76.05,-72.32,67.51,164.88,0.695,0.614,58.25,-37.26,5.53,119.88,0.2,0.5,50.8,-14.53,10.89,5.68
5,251.03,0.9,0.9,32.45,69.73,-93.12,139.52,0.034,0.943,94.22,-3.67,1.71,139.52,0.596,0.74,68.73,-48.81,29.06,184.52,0.67,0.784,70.92,-30.37,-15.07,319.52,0.923,0.955,54.6,84.52,-21.82,3.58
5,332.68,0.014,0.979,97.24,1.4,-0.34,332.68,0.044,0.946,92.38,4.46,-1.07,332.68,0.787,0.718,42.08,60.42,-1.96,17.68,0.769,0.72,47.83,37.71,42.39,182.68,0.989,0.904,80.21,-39.94,-17.6,5.92
5,354.82,0.111,0.086,6.49,1.11,0.25,354.82,0.16,0.159,13.96,3.18,0.75,354.82,0.867,0.71,38.97,59.31,35.62,24.82,0.782,0.556,39.76,23.72,37.83,174.82,0.904,0.862,79.37,-47.29,-4.05,6.73
5,135.49,0.9,0.9,80.19,-74.85,59.6,100.91,0.152,0.134,12.83,-2.93,2.97,100.91,0.889,0.756,69.23,-59.66,66.0,55.91,0.585,0.549,55.14,-8.36,41.02,280.91,0.909,0.836,41.12,74.85,-69.14,2.38
5,0.5,0.1,0.4,39.96,4.05,1.53,0.5,0.1,0.4,39.96,4.05,1.53,0.5,0.1,0.4,39.96,4.05,1.53,330.5,0.1,0.4,40.09,5.1,-1.38,150.5,0.1,0.4,42.2,-5.0,1.5,1.0
5,79.43,0.245,0.053,3.81,-0.84,1.27,79.43,0.245,0.211,21.76,-4.73,7.71,79.43,0.523,0.656,64.8,-23.91,41.55,109.43,0.602,0.785,72.74,-51.73,50.32,259.43,0.809,0.885,37.93,65.23,-81.75,5.8
5,255.18,0.286,0.122,8.09,2.86,-5.52,255.18,0.255,0.195,15.54,4.75,-7.75,255.18,0.628,0.827,43.71,45.69,-63.77,300.18,0.402,0.546,43.62,32.44,-21.38,75.18,0.963,0.867,81.88,-41.22,79.69,7.78
5,44.75,0.009,0.977,97.76,-0.11,0.89,44.75,0.057,0.953,94.63,-0.6,5.43,44.75,0.73,0.896,77.32,2.93,65.27,74.75,0.744,0.753,72.95,-30.95,63.54,44.75,0.2,0.5,50.91,-0.92,11.34,3.04
5,87.3,0.248,0.065,4.84,-1.4,1.77,87.3,0.136,0.208,21.63,-3.07,4.08,87.3,0.782,0.863,80.24,-49.03,70.46,117.3,0.459,0.625,59.66,-37.33,31.4,87.3,0.2,0.5,51.81,-9.23,12.45,6.24
5,262.54,0.042,0.974,94.68,3.15,-4.53,262.54,0.077,0.973,91.97,5.91,-8.43,262.54,0.721,0.733,35.88,51.26,-62.68,217.54,0.408,0.701,55.21,2.19,-27.09,112.54,0.988,0.919,81.47,-79.28,77.97,5.1
5,10.41,0.9,0.9,51.74,63.6,57.4,285.16,0.074,0.95,90.77,7.76,-7.06,285.16,0.868,0.671,35.25,63.64,-53.98,315.16,0.633,0.533,35.43,44.34,-18.79,105.16,0.883,0.985,87.56,-76.44,80.33,1.48
5,207.35,0.027,0.994,98.16,-0.67,-1.93,207.35,0.054,0.934,91.72,-1.25,-3.66,207.35,0.76,0.825,55.47,-0.94,-44.79,177.35,0.565,0.67,64.42,-29.19,-6.37,357.35,0.864,0.935,51.23,73.09,49.51,7.95
5,251.83,0.208,0.06,3.66,0.73,-1.42,251.83,0.213,0.139,10.7,2.73,-4.9,251.83,0.783,0.06,1.47,2.42,-4.67,206.83,0.478,0.782,62.6,-5.8,-27.33,101.83,0.84,0.971,86.95,-71.03,78.04,5.36
5,73.66,0.12,0.112,10.41,-1.23,2.26,73.66,0.241,0.157,15.65,-3.19,6.05,73.66,0.505,0.722,71.47,-21.56,44.43,28.66,0.727,0.744,56.16,22.68,46.7,253.66,0.921,0.897,32.31,70.95,-92.84,6.39
5,83.96,0.144,0.113,10.41,-1.82,2.6,83.96,0.255,0.218,22.38,-5.54,8.09,83.96,0.808,0.647,62.05,-37.15,57.81,38.96,0.567,0.792,68.8,6.09,43.82,293.96,0.859,0.894,51.96,83.75,-59.6,9.22
5,341.07,0.183,0.084,5.84,1.9,-0.13,341.07,0.189,0.142,11.77,3.8,-0.24,341.07,0.54,0.645,44.29,39.61,1.53,11.07,0.496,0.729,54.58,27.98,22.25,341.07,0.2,0.5,45.88,11.61,-0.64,5.08
5,296.22,0.293,0.086,5.39,3.78,-2.9,296.22,0.233,0.137,10.85,5.66,-4.17,296.22,0.827,0.648,39.13,65.16,-44.16,326.22,0.449,0.557,41.9,31.7,-8.8,296.22,0.2,0.5,46.28,14.38,-10.56,3.83
5,70.54,0.014,0.985,98.54,-0.84,1.66,70.54,0.02,0.94,94.52,-1.15,2.26,70.54,0.554,0.738,73.07,-21.44,49.77,40.54,0.576,0.549,49.35,3.3,33.67,250.54,0.987,0.839,27.71,69.28,-92.05,6.67
5,82.15,0.004,0.978,98.03,-0.28,0.41,82.15,0.004,0.947,95.26,-0.31,0.46,82.15,0.801,0.699,66.85,-37.64,61.43,37.15,0.463,0.734,65.5,5.17,32.67,292.15,0.999,0.831,45.61,81.25,-60.87,5.21
5,317.66,0.004,0.969,96.96,0.46,-0.22,317.66,0.026,0.977,96.32,2.9,-1.4,317.66,0.547,0.867,59.93,57.21,-22.65,2.66,0.519,0.679,47.51,34.58,18.52,137.66,0.983,0.849,75.92,-72.86,58.88,1.73
5,129.96,0.218,0.129,11.8,-4.82,2.98,129.96,0.146,0.141,13.47,-3.49,2.12,129.96,0.589,0.714,66.38,-49.82,36.35,99.96,0.691,0.572,54.43,-39.81,44.98,309.96,0.96,0.912,53.39,86.06,-38.4,7.28
5,322.93,0.044,0.957,93.42,4.81,-1.93,322.93,0.039,0.902,88.94,4.08,-1.64,322.93,0.613,0.844,55.49,60.01,-17.53,292.93,0.63,0.621,40.82,51.17,-37.42,142.93,0.985,0.965,85.38,-78.23,57.16,3.61
5,105.27,0.019,0.975,97.41,-2.05,1.89,105.27,0.014,0.931,93.67,-1.41,1.3,105.27,0.654,0.686,64.2,-47.24,49.09,75.27,0.453,0.793,77.88,-22.14,42.88,285.27,0.968,0.983,49.74,87.99,-76.01,6.53
5,294.51,0.012,0.993,98.61,1.45,-1.13,294.51,0.069,0.966,92.7,8.22,-6.36,294.51,0.637,0.649,42.8,54.11,-38.36,339.51,0.407,0.647,49.57,30.25,-1.11,294.51,0.2,0.5,46.21,14.12,-10.68,7.78
5,236.2,0.007,0.991,98.65,0.25,-0.78,236.2,0.074,0.921,87.59,2.68,-8.1,236.2,0.557,0.697,40.14,24.82,-50.36,191.2,0.407,0.645,59.68,-14.64,-12.22,26.2,0.943,0.93,61.2,44.34,66.96,7.39
5,210.77,0.042,0.963,94.65,-0.71,-3.13,210.77,0.052,0.909,89.51,-0.83,-3.71,210.77,0.617,0.797,56.47,-0.08,-39.12,255.77,0.422,0.71,49.15,25.21,-37.81,60.77,0.936,0.87,85.63,-20.38,83.54,3.0
5,98.94,0.241,0.114,10.06,-3.88,3.83,98.94,0.203,0.18,18.06,-4.87,5.15,98.94,0.507,0.601,58.3,-31.49,35.34,128.94,0.73,0.61,56.51,-51.35,40.82,248.94,0.898,0.952,33.99,72.48,-98.03,7.15
5,9.8,0.226,0.117,9.0,2.56,1.54,9.8,0.197,0.138,11.52,2.55,1.81,9.8,0.541,0.694,50.07,30.75,23.23,39.8,0.635,0.557,48.9,4.88,37.11,189.8,0.942,0.943,75.63,-28.58,-29.88,7.18
5,334.38,0.265,0.076,4.66,2.28,-0.42,334.38,0.22,0.187,16.07,5.85,-1.09,334.38,0.86,0.764,43.19,65.75,3.57,19.38,0.586,0.632,47.75,22.83,28.25,154.38,0.834,0.973,87.12,-67.09,29.29,7.76
5,173.86,0.026,0.979,97.64,-2.22,-0.42,173.86,0.053,0.905,90.65,-4.3,-0.8,173.86,0.749,0.979,89.33,-49.29,-3.95,143.86,0.584,0.707,66.2,-44.94,23.49,323.86,0.856,0.951,54.73,80.95,-15.38,4.44
5,295.08,0.191,0.08,5.47,2.25,-1.75,295.08,0.22,0.201,17.68,7.31,-5.48,295.08,0.526,0.886,62.22,59.25,-42.01,265.08,0.567,0.578,34.81,33.45,-40.67,85.08,0.877,0.883,81.7,-51.54,76.49,9.81
5,128.35,0.9,0.9,80.03,-76.86,68.03,207.78,0.008,0.925,92.99,-0.19,-0.57,207.78,0.768,0.661,44.42,-0.34,-38.23,252.78,0.679,0.799,38.89,47.72,-67.53,27.78,0.844,0.851,59.87,32.89,58.99,2.09
5,247.83,0.275,0.06,3.37,0.86,-1.87,247.83,0.191,0.143,11.38,2.28,-4.57,247.83,0.788,0.891,36.05,60.56,-85.82,292.83,0.713,0.617,38.3,55.91,-40.75,97.83,0.808,0.893,81.27,-61.68,72.1,7.65
5,277.71,0.1,0.4,39.89,4.7,-4.9,277.71,0.1,0.4,39.89,4.7,-4.9,277.71,0.1,0.4,39.89,4.7,-4.9,322.71,0.1,0.4,40.13,5.36,-2.13,67.71,0.1,0.4,42.79,-2.55,5.59,1.0
5,325.61,0.015,0.985,97.67,1.67,-0.61,325.61,0.028,0.935,92.51,2.89,-1.05,325.61,0.594,0.826,54.85,56.75,-14.12,355.61,0.592,0.799,51.59,48.62,19.72,145.61,0.984,0.978,86.54,-77.68,53.1,4.41
5,56.22,0.273,0.059,4.3,-0.53,1.72,56.22,0.281,0.146,14.2,-1.82,6.66,56.22,0.745,0.059,4.05,-1.29,4.23,101.22,0.671,0.764,71.1,-49.86,55.2,266.22,0.869,0.97,41.62,76.35,-87.89,2.74
5,63.81,0.028,0.956,95.87,-1.34,3.25,63.81,0.015,0.954,95.85,-0.72,1.74,63.81,0.53,0.823,81.61,-17.6,53.48,93.81,0.744,0.524,50.32,-35.8,45.12,213.81,0.835,0.852,49.1,13.9,-58.9,2.91
5,248.26,0.1,0.4,39.44,2.78,-5.62,248.26,0.1,0.4,39.44,2.78,-5.62,248.26,0.1,0.4,39.44,2.78,-5.62,203.26,0.1,0.4,41.17,-1.54,-3.08,68.26,0.1,0.4,42.79,-2.59,5.58,1.0
5,53.77,0.144,0.138,13.44,-0.81,3.15,53.77,0.235,0.17,17.02,-1.49,6.14,53.77,0.584,0.702,68.16,-8.13,48.84,98.77,0.64,0.645,61.27,-40.57,46.56,53.77,0.2,0.5,51.99,-3.11,12.85,6.5
5,153.42,0.258,0.116,10.15,-4.4,1.17,153.42,0.123,0.15,14.71,-2.65,0.66,153.42,0.625,0.779,72.31,-47.25,17.6,108.42,0.648,0.697,64.98,-49.26,49.0,3.42,0.971,0.978,52.71,77.1,64.54,9.3
5,199.03,0.025,0.953,94.89,-1.03,-1.42,199.03,0.059,0.941,92.62,-2.36,-3.27,199.03,0.569,0.804,65.38,-13.79,-26.28,169.03,0.583,0.753,71.12,-36.74,0.78,49.03,0.836,0.932,81.91,-1.82,76.95,2.18
5,228.18,0.032,0.959,94.27,0.61,-3.18,228.18,0.023,0.973,96.1,0.44,-2.31,228.18,0.573,0.652,40.19,16.3,-43.57,183.18,0.479,0.588,56.48,-20.44,-8.7,48.18,0.961,0.945,80.66,2.19,81.2,3.38
5,212.33,0.178,0.148,13.16,-0.44,-2.91,212.33,0.113,0.178,17.2,-0.35,-2.16,212.33,0.896,0.807,45.66,13.94,-57.94,182.33,0.481,0.654,62.71,-22.91,-8.99,2.33,0.807,0.998,56.43,71.98,51.66,7.24
5,73.85,0.1,0.4,42.7,-2.97,5.45,73.85,0.1,0.4,42.7,-2.97,5.45,73.85,0.1,0.4,42.7,-2.97,5.45,103.85,0.1,0.4,42.28,-5.0,4.78,223.85,0.1,0.4,40.13,0.57,-4.61,1.0
5,78.92,0.1,0.4,42.63,-3.32,5.34,78.92,0.1,0.4,42.63,-3.32,5.34,78.92,0.1,0.4,42.63,-3.32,5.34,123.92,0.1,0.4,42.07,-5.95,4.06,228.92,0.1,0.4,39.87,1.1,-4.99,1.0
5,211.19,0.044,0.993,97.14,-0.71,-3.35,211.19,0.067,0.944,91.76,-1.02,-4.95,211.19,0.761,0.833,52.95,5.28,-49.9,241.19,0.681,0.66,30.1,37.44,-61.12,211.19,0.2,0.5,47.57,-1.51,-8.83,6.51
5,146.1,0.281,0.113,9.71,-4.95,1.94,146.1,0.295,0.145,13.42,-6.44,2.55,146.1,0.87,0.707,64.74,-57.39,34.6,101.1,0.672,0.778,72.27,-50.57,56.1,326.1,0.996,0.957,53.1,82.98,-5.05,8.89
5,141.28,0.023,0.972,96.98,-2.58,1.13,141.28,0.065,0.976,96.5,-7.17,3.18,141.28,0.631,0.743,68.76,-50.53,29.35,186.28,0.66,0.501,45.95,-19.97,-11.69,321.28,0.822,0.874,51.41,75.45,-19.6,5.48
5,358.87,0.259,0.052,3.1,1.0,0.33,358.87,0.174,0.145,12.24,3.11,1.06,358.87,0.886,0.679,36.87,57.56,41.25,43.87,0.502,0.687,63.43,0.23,36.89,208.87,0.941,0.994,57.64,11.98,-65.35,7.91
5,263.93,0.026,0.966,95.16,1.99,-2.78,263.93,0.049,0.944,91.6,3.66,-5.1,263.93,0.617,0.681,38.29,41.47,-50.75,308.93,0.47,0.547,41.29,35.95,-19.42,113.93,0.967,0.854,76.22,-74.94,73.32,5.84
5,77.14,0.138,0.131,12.64,-1.72,2.9,77.14,0.137,0.17,17.38,-2.14,3.61,77.14,0.589,0.713,69.85,-26.62,49.97,107.14,0.542,0.719,67.75,-43.04,42.61,287.14,0.989,0.934,48.14,85.86,-71.68,8.36
5,283.58,0.201,0.099,7.09,2.97,-2.57,283.58,0.172,0.157,13.66,4.05,-3.76,283.58,0.672,0.099,3.82,7.47,-7.42,238.58,0.698,0.733,33.2,40.25,-67.17,73.58,0.956,0.855,81.18,-38.4,79.1,4.61
5,128.56,0.107,0.064,4.8,-0.89,0.55,128.56,0.165,0.151,14.62,-4.21,2.66,128.56,0.82,0.853,76.49,-71.12,60.22,83.56,0.772,0.688,65.88,-37.42,59.05,308.56,0.906,0.98,57.99,90.65,-43.57,10.0
5,245.02,0.014,0.954,94.8,0.72,-1.66,245.02,0.039,0.913,89.34,1.92,-4.34,245.02,0.795,0.822,32.34,56.6,-81.91,290.02,0.495,0.525,37.86,35.0,-27.45,95.02,0.852,0.894,81.37,-61.3,74.55,5.16
5,149.28,0.264,0.108,9.22,-4.39,1.48,149.28,0.118,0.153,15.14,-2.67,0.85,149.28,0.892,0.763,69.52,-60.07,33.52,104.28,0.445,0.647,62.51,-31.98,32.39,149.28,0.2,0.5,51.1,-12.04,4.07,7.1
5,327.15,0.9,0.9,50.84,77.7,-7.27,333.53,0.027,0.975,96.04,2.72,-0.62,333.53,0.894,0.701,39.13,62.53,3.28,303.53,0.533,0.661,47.75,48.48,-29.19,183.53,0.942,0.981,85.61,-40.98,-19.91,1.79
5,204.59,0.017,0.974,96.93,-0.51,-1.12,204.59,0.024,0.921,91.98,-0.69,-1.51,204.59,0.797,0.667,46.18,-3.89,-36.38,159.59,0.75,0.618,58.05,-41.82,11.94,54.59,0.925,0.809,75.85,-9.55,75.52,6.43
5,114.98,0.106,0.113,10.29,-2.11,1.66,114.98,0.163,0.194,19.57,-5.12,4.09,114.98,0.518,0.665,62.78,-42.51,37.56,159.98,0.706,0.592,56.0,-38.74,10.16,324.98,0.999,0.857,47.68,76.74,-7.13,8.56
5,143.68,0.001,0.97,97.33,-0.14,0.06,143.68,0.018,0.921,92.64,-1.84,0.73,143.68,0.533,0.777,72.52,-45.02,22.98,188.68,0.448,0.57,53.38,-15.75,-10.79,143.68,0.2,0.5,51.04,-12.54,5.37,3.08
5,155.08,0.294,0.097,7.92,-3.99,0.96,155.08,0.236,0.169,16.54,-5.5,1.3,155.08,0.608,0.632,59.83,-38.53,12.81,200.08,0.649,0.799,62.23,-12.68,-30.48,5.08,0.871,0.901,50.54,67.33,53.84,9.17
5,87.68,0.168,0.134,12.8,-2.6,3.44,87.68,0.255,0.169,16.79,-4.79,6.42,87.68,0.745,0.626,60.01,-36.91,52.84,117.68,0.596,0.762,70.24,-54.36,47.86,267.68,0.933,0.9,37.16,74.78,-85.15,4.82
5,358.07,0.045,0.982,95.34,3.84,1.18,358.07,0.071,0.975,92.98,6.11,1.89,358.07,0.77,0.756,43.27,57.8,34.34,43.07,0.657,0.767,67.29,3.26,51.71,178.07,0.873,0.889,81.97,-44.92,-9.6,5.19
5,152.46,0.042,0.992,98.39,-4.39,1.13,152.46,0.015,0.911,91.84,-1.43,0.36,152.46,0.834,0.992,88.5,-69.37,32.99,107.46,0.645,0.748,69.38,-51.34,51.72,2.46,0.972,0.822,44.23,67.82,56.26,4.75
5,266.98,0.049,0.96,93.02,3.93,-5.12,266.98,0.063,0.904,87.22,4.82,-6.27,266.98,0.548,0.755,46.65,40.96,-48.25,221.98,0.541,0.666,45.3,9.03,-37.59,266.98,0.2,0.5,45.07,9.86,-12.51,7.17
5,0.4,0.226,0.099,6.92,2.67,0.97,0.4,0.194,0.203,18.04,4.59,1.77,0.4,0.532,0.713,48.51,38.89,19.07,330.4,0.443,0.583,43.89,31.72,-6.48,180.4,0.975,0.997,90.43,-47.15,-14.79,9.28
5,246.34,0.025,0.967,95.14,1.32,-2.9,246.34,0.026,0.905,89.58,1.32,-2.9,246.34,0.86,0.831,30.18,62.35,-86.76,276.34,0.645,0.703,41.12,49.98,-49.42,36.34,0.9,0.886,67.07,22.06,68.49,7.22
5,228.57,0.0,0.966,97.03,0.0,-0.01,228.57,0.027,0.957,94.33,0.54,-2.73,228.57,0.78,0.739,34.89,32.97,-65.35,183.57,0.465,0.637,60.86,-21.05,-9.29,78.57,0.87,0.886,83.17,-43.72,77.87,5.8
5,105.85,0.267,0.105,8.89,-3.74,3.72,105.85,0.198,0.219,22.32,-6.14,5.74,105.85,0.613,0.758,70.65,-49.01,50.19,60.85,0.68,0.561,57.68,-13.13,49.34,255.85,0.96,0.847,29.95,69.52,-89.55,6.0
5,51.23,0.136,0.131,12.56,-0.6,2.74,51.23,0.299,0.207,20.83,-1.68,8.94,51.23,0.754,0.817,75.16,-5.79,66.34,81.23,0.787,0.76,72.33,-38.82,65.06,51.23,0.2,0.5,51.69,-2.49,12.42,6.66
5,184.95,0.001,0.971,97.38,-0.07,-0.03,184.95,0.05,0.94,93.62,-3.42,-1.72,184.95,0.849,0.72,63.89,-30.27,-16.68,154.95,0.589,0.721,67.72,-41.84,13.86,334.95,0.85,0.872,49.37,72.37,4.81,7.18
5,91.69,0.256,0.068,5.05,-1.65,1.9,91.69,0.193,0.187,18.98,-4.26,5.2,91.69,0.886,0.9,82.11,-59.89,76.72,136.69,0.428,0.72,68.5,-36.68,21.44,241.69,0.952,0.973,32.19,75.79,-104.09,5.69
5,347.47,0.23,0.078,4.98,1.92,0.13,347.47,0.154,0.213,19.85,4.16,0.28,347.47,0.621,0.83,52.74,53.92,12.13,317.47,0.489,0.715,52.11,44.19,-18.18,137.47,0.807,0.898,80.41,-70.48,50.7,7.95
5,208.69,0.019,0.973,96.74,-0.4,-1.34,208.69,0.016,0.961,95.85,-0.34,-1.12,208.69,0.626,0.703,51.0,-2.3,-34.04,178.69,0.76,0.645,61.49,-32.95,-8.16,28.69,0.994,0.981,64.89,44.65,72.13,4.26
5,242.21,0.04,0.973,94.51,1.89,-4.69,242.21,0.068,0.97,91.95,3.31,-8.07,242.21,0.643,0.713,34.84,37.03,-61.43,287.21,0.479,0.778,55.45,45.34,-37.46,62.21,0.872,0.894,87.44,-22.5,82.93,4.88
5,51.67,0.213,0.117,10.68,-0.85,3.93,51.67,0.214,0.186,18.78,-1.24,5.86,51.67,0.546,0.743,71.03,-6.42,46.9,96.67,0.505,0.553,54.13,-28.35,33.14,231.67,0.988,0.997,35.12,70.12,-102.67,6.57
5,22.08,0.9,0.9,57.77,47.38,61.72,358.84,0.134,0.154,13.78,2.5,0.84,358.84,0.558,0.781,51.71,44.52,20.81,28.84,0.682,0.632,49.21,17.81,38.39,148.84,0.974,0.955,84.93,-74.19,45.72,1.0
5,73.36,0.018,0.962,96.45,-1.1,2.01,73.36,0.08,0.963,95.92,-4.81,8.91,73.36,0.844,0.962,90.68,-38.93,83.27,118.36,0.484,0.525,50.42,-34.3,28.63,223.36,0.803,0.823,41.38,28.87,-67.11,4.97
5,100.38,0.124,0.077,6.13,-1.18,1.17,100.38,0.229,0.155,15.02,-4.93,5.09,100.38,0.884,0.639,59.35,-51.82,57.89,145.38,0.594,0.721,67.31,-45.72,22.94,280.38,0.813,0.861,44.7,72.57,-66.85,8.99
5,211.46,0.002,0.966,96.88,-0.03,-0.13,211.46,0.012,0.978,97.47,-0.19,-0.91,211.46,0.505,0.706,54.04,-1.28,-29.65,181.46,0.477,0.773,73.45,-26.67,-9.61,61.46,0.962,0.893,87.48,-21.95,85.57,1.79
5,291.31,0.026,0.963,95.09,2.97,-2.44,291.31,0.011,0.913,91.58,1.23,-1.01,291.31,0.847,0.637,36.2,62.93,-47.25,336.31,0.584,0.666,44.4,44.67,-2.04,81.31,0.896,0.999,91.89,-52.71,85.71,4.26
5,357.26,0.1,0.4,39.95,4.2,1.23,357.26,0.1,0.4,39.95,4.2,1.23,357.26,0.1,0.4,39.95,4.2,1.23,27.26,0.1,0.4,41.28,1.3,3.43,177.26,0.1,0.4,42.33,-4.0,-1.07,1.0
5,132.14,0.003,0.954,95.85,-0.35,0.2,132.14,0.034,0.914,91.66,-3.74,2.12,132.14,0.542,0.679,63.73,-44.19,30.16,102.14,0.636,0.776,72.25,-49.01,53.26,132.14,0.2,0.5,50.92,-13.54,8.05,4.0
5,264.55,0.101,0.137,12.27,1.58,-2.16,264.55,0.111,0.185,17.46,2.25,-3.06,264.55,0.651,0.661,35.77,43.13,-51.89,234.55,0.634,0.733,38.59,29.71,-58.25,114.55,0.857,0.947,84.02,-78.31,76.11,6.84
5,277.14,0.003,0.959,96.19,0.3,-0.32,277.14,0.074,0.91,87.21,6.72,-7.11,277.14,0.752,0.835,44.2,65.81,-63.89,322.14,0.742,0.652,39.97,56.57,-15.48,97.14,0.971,0.846,76.7,-65.29,74.23,6.35
5,45.18,0.023,0.971,96.98,-0.27,2.18,45.18,0.026,0.938,94.01,-0.3,2.43,45.18,0.852,0.892,75.45,4.96,72.55,90.18,0.754,0.691,65.43,-42.31,57.29,195.18,0.999,0.818,60.18,-15.31,-36.44,1.0
5,52.12,0.04,0.965,96.38,-1.05,4.28,52.12,0.062,0.952,94.89,-1.57,6.51,52.12,0.606,0.664,63.81,-6.35,47.33,97.12,0.589,0.552,53.41,-32.56,38.21,202.12,0.923,0.92,61.17,-4.58,-49.28,2.77
5,68.03,0.9,0.9,86.46,-31.05,82.57,295.38,0.157,0.185,16.98,4.85,-3.65,295.38,0.754,0.634,39.22,60.47,-41.8,325.38,0.595,0.727,48.64,51.34,-13.05,85.38,0.872,0.852,79.16,-50.27,74.21,3.61
5,22.55,0.9,0.9,58.07,46.62,61.94,59.29,0.051,0.934,93.84,-2.02,5.8,59.29,0.826,0.755,75.15,-15.94,71.02,89.29,0.772,0.705,66.67,-43.01,59.27,239.29,0.952,0.912,30.02,71.52,-99.0,1.0
5,6.54,0.187,0.126,10.19,2.47,1.42,6.54,0.133,0.126,10.89,1.73,0.99,6.54,0.834,0.785,45.39,57.26,45.6,336.54,0.6,0.671,44.15,46.0,-1.58,6.54,0.2,0.5,46.4,8.55,4.95,1.67
5,318.06,0.103,0.057,3.92,0.65,-0.31,318.06,0.132,0.123,10.45,2.71,-1.27,318.06,0.763,0.057,1.93,4.12,-1.86,3.06,0.588,0.674,44.8,38.9,22.37,138.06,0.946,0.838,75.12,-71.18,55.66,4.46
5,53.7,0.012,0.981,98.14,-0.37,1.35,53.7,0.029,0.961,96.23,-0.87,3.18,53.7,0.715,0.664,63.86,-7.9,55.33,83.7,0.491,0.665,65.39,-25.23,38.99,233.7,0.967,0.885,30.58,64.9,-94.14,5.62
5,38.66,0.029,0.992,98.5,0.05,2.58,38.66,0.076,0.969,95.13,0.19,6.66,38.66,0.771,0.66,54.52,10.12,50.09,353.66,0.497,0.619,43.67,33.33,10.25,188.66,0.842,0.881,73.44,-29.65,-24.72,4.44
5,326.38,0.026,0.995,97.88,2.84,-0.99,326.38,0.072,0.916,88.15,7.41,-2.53,326.38,0.652,0.64,41.21,49.79,-10.99,296.38,0.708,0.738,47.06,65.86,-44.71,146.38,0.842,0.938,83.82,-70.24,41.55,5.21
5,113.75,0.152,0.098,8.3,-1.92,1.79,113.75,0.252,0.164,15.77,-6.75,5.57,113.75,0.881,0.666,60.91,-60.04,58.68,83.75,0.406,0.504,51.05,-17.06,25.91,263.75,0.844,0.875,37.47,68.24,-80.97,7.08
5,273.37,0.043,0.95,92.66,3.83,-4.38,273.37,0.071,0.917,87.96,6.13,-6.97,273.37,0.865,0.68,31.29,59.79,-62.05,228.37,0.454,0.534,37.75,9.35,-29.27,123.37,0.878,0.805,72.29,-70.87,65.38,6.03
5,15.52,0.299,0.053,3.2,0.72,0.7,15.52,0.11,0.152,14.36,1.23,1.27,15.52,0.833,0.677,42.53,41.8,43.2,45.52,0.526,0.664,61.79,-0.91,38.34,165.52,0.922,0.839,76.63,-54.52,11.39,8.1
5,70.31,0.9,0.9,85.93,-34.22,81.92,36.74,0.207,0.164,15.53,0.4,4.07,36.74,0.857,0.815,63.26,18.17,62.73,6.74,0.769,0.632,38.04,44.62,33.69,246.74,0.94,0.929,31.48,72.92,-98.95,4.83
5,42.13,0.1,0.4,42.02,-0.21,4.49,42.13,0.1,0.4,42.02,-0.21,4.49,42.13,0.1,0.4,42.02,-0.21,4.49,87.13,0.1,0.4,42.51,-3.87,5.15,222.13,0.1,0.4,40.21,0.4,-4.49,1.0
5,167.98,0.029,0.994,98.94,-2.65,-0.14,167.98,0.062,0.924,92.14,-5.34,-0.25,167.98,0.797,0.765,70.98,-45.97,4.65,212.98,0.413,0.714,57.5,-0.99,-25.35,347.98,0.924,0.911,49.48,74.29,36.64,6.61
5,288.79,0.007,0.959,95.93,0.75,-0.64,288.79,0.038,0.932,91.56,4.1,-3.51,288.79,0.694,0.959,57.72,75.58,-59.54,333.79,0.537,0.694,48.03,43.35,-4.85,138.79,0.89,0.92,81.94,-74.61,55.44,2.93
5,311.95,0.9,0.9,52.95,83.32,-35.03,35.45,0.141,0.203,20.34,0.39,3.23,35.45,0.746,0.794,63.17,15.56,54.54,350.45,0.588,0.569,37.37,37.35,10.08,185.45,0.876,0.848,73.56,-33.66,-19.98,1.0
5,61.4,0.021,0.998,99.68,-0.98,2.57,61.4,0.007,0.948,95.31,-0.32,0.84,61.4,0.868,0.885,86.84,-21.2,82.34,106.4,0.58,0.749,70.04,-46.62,47.05,211.4,0.844,0.946,56.09,10.95,-61.08,3.59
5,150.64,0.012,0.989,98.82,-1.21,0.34,150.64,0.076,0.973,96.09,-7.83,2.31,150.64,0.595,0.802,74.35,-47.73,19.75,180.64,0.522,0.547,53.39,-22.17,-7.32,150.64,0.2,0.5,51.12,-11.92,3.75,3.62
5,354.13,0.9,0.9,48.92,72.36,45.82,274.88,0.042,0.916,89.81,3.7,-4.1,274.88,0.788,0.726,36.5,59.99,-60.5,319.88,0.62,0.772,50.98,57.32,-19.74,64.88,0.835,0.962,92.71,-27.19,85.3,3.65
5,236.75,0.123,0.064,4.34,0.32,-0.97,236.75,0.154,0.179,15.88,1.55,-4.43,236.75,0.801,0.682,26.94,44.07,-69.84,266.75,0.465,0.666,45.32,30.87,-37.18,56.75,0.994,0.827,78.99,-13.01,79.53,5.85
5,213.49,0.232,0.101,7.45,-0.29,-2.47,213.49,0.247,0.162,13.8,-0.45,-4.47,213.49,0.502,0.679,51.4,0.44,-29.9,183.49,0.431,0.799,75.29,-23.85,-10.44,3.49,0.813,0.87,49.65,63.86,46.9,8.91
5,156.68,0.9,0.9,81.11,-63.82,26.55,23.07,0.109,0.186,18.37,1.0,1.81,23.07,0.735,0.799,56.63,31.96,46.77,68.07,0.712,0.547,55.31,-18.47,48.8,203.07,0.839,0.928,63.12,-5.84,-47.31,1.5
5,16.43,0.017,0.953,94.99,0.81,0.91,16.43,0.009,0.907,91.33,0.43,0.48,16.43,0.563,0.953,69.43,34.06,35.97,46.43,0.493,0.604,57.31,-1.71,33.68,166.43,0.992,0.884,80.24,-57.34,12.03,2.02
5,277.68,0.039,0.98,95.57,3.75,-3.94,277.68,0.041,0.944,92.35,3.8,-3.99,277.68,0.761,0.713,37.68,58.75,-56.52,247.68,0.771,0.59,23.81,41.89,-60.63,277.68,0.2,0.5,45.5,11.5,-11.81,7.81
5,190.71,0.25,0.078,5.71,-1.32,-1.07,190.71,0.11,0.169,16.82,-1.51,-1.15,190.71,0.833,0.675,56.08,-21.76,-22.24,235.71,0.431,0.781,52.96,18.22,-42.27,40.71,0.861,0.863,69.58,12.51,68.2,9.74
5,320.23,0.9,0.9,51.71,80.05,-20.22,282.9,0.042,0.91,89.39,4.11,-3.92,282.9,0.684,0.886,51.82,67.03,-58.88,312.9,0.579,0.692,47.7,51.35,-23.92,72.9,0.926,0.839,80.05,-36.29,77.58,1.0
5,139.39,0.005,0.97,97.21,-0.56,0.26,139.39,0.013,0.931,93.64,-1.37,0.63,139.39,0.619,0.78,71.92,-52.46,31.81,109.39,0.459,0.656,62.84,-35.54,33.35,289.39,0.984,0.818,43.46,78.7,-62.5,5.27
5,111.06,0.9,0.9,80.26,-75.19,74.94,79.83,0.027,0.932,93.69,-1.85,2.87,79.83,0.818,0.667,64.3,-34.71,60.35,49.83,0.514,0.547,53.21,-3.81,33.77,289.83,0.822,0.856,48.52,77.35,-59.8,1.79
5,100.95,0.159,0.113,10.24,-2.64,2.67,100.95,0.244,0.178,17.57,-5.92,6.07,100.95,0.89,0.883,79.71,-67.5,74.49,55.95,0.558,0.737,72.42,-10.3,49.84,310.95,0.806,0.918,55.69,81.72,-37.26,9.91
5,94.96,0.013,0.99,98.94,-1.18,1.32,94.96,0.012,0.9,90.96,-1.06,1.18,94.96,0.635,0.747,70.53,-42.73,52.51,64.96,0.503,0.555,56.89,-12.99,36.86,94.96,0.2,0.5,51.56,-10.51,12.06,3.54
5,106.32,0.02,0.977,97.53,-2.18,1.97,106.32,0.039,0.957,95.47,-4.11,3.73,106.32,0.689,0.977,88.0,-65.9,68.03,136.32,0.72,0.728,66.79,-56.31,38.95,316.32,0.862,0.973,56.95,85.53,-29.49,3.2
5,195.67,0.1,0.4,41.55,-2.31,-2.51,195.67,0.1,0.4,41.55,-2.31,-2.51,195.67,0.1,0.4,41.55,-2.31,-2.51,150.67,0.1,0.4,42.2,-4.99,1.48,45.67,0.1,0.4,42.19,-0.57,4.75,1.0
5,62.63,0.262,0.105,9.34,-1.78,4.4,62.63,0.168,0.181,18.72,-1.87,4.96,62.63,0.796,0.706,70.73,-18.59,65.77,17.63,0.524,0.515,40.16,17.9,20.21,272.63,0.871,0.887,40.63,73.56,-77.39,7.46
5,103.55,0.9,0.9,80.77,-70.81,75.57,324.4,0.037,0.925,91.06,3.86,-1.46,324.4,0.566,0.755,51.52,50.94,-14.22,9.4,0.456,0.567,43.77,21.65,15.61,144.4,0.993,0.833,74.83,-69.44,48.91,1.0
5,112.45,0.9,0.9,80.19,-75.81,74.85,25.57,0.295,0.153,13.08,2.15,4.51,25.57,0.752,0.897,64.05,32.5,54.18,55.57,0.616,0.558,55.66,-8.36,43.34,235.57,0.864,0.858,32.15,57.56,-87.48,4.06
5,137.44,0.106,0.133,12.7,-2.3,1.15,137.44,0.168,0.145,13.9,-3.92,2.0,137.44,0.732,0.811,73.76,-61.59,42.04,167.44,0.484,0.565,55.13,-25.77,0.97,287.44,0.932,0.871,45.88,80.76,-66.26,5.7
5,201.29,0.101,0.137,12.9,-0.72,-1.21,201.29,0.157,0.17,16.24,-1.32,-2.25,201.29,0.582,0.689,55.22,-10.18,-25.45,246.29,0.529,0.556,32.74,23.82,-40.66,51.29,0.965,0.868,77.55,-3.73,78.25,9.55
5,264.37,0.9,0.9,36.76,72.71,-85.82,132.79,0.252,0.128,11.53,-5.43,3.18,132.79,0.528,0.695,65.31,-43.98,29.45,177.79,0.45,0.79,75.74,-27.9,-6.77,312.79,0.844,0.887,52.9,80.37,-33.51,2.16
5,277.39,0.195,0.081,5.43,1.84,-2.0,277.39,0.152,0.16,14.15,3.33,-3.48,277.39,0.501,0.653,44.43,37.13,-36.62,322.39,0.428,0.764,57.76,39.94,-13.75,97.39,0.9,0.984,88.13,-70.75,81.76,8.01
5,143.53,0.016,0.989,98.65,-1.74,0.7,143.53,0.005,0.952,95.63,-0.52,0.21,143.53,0.829,0.872,78.46,-67.27,42.57,188.53,0.65,0.643,57.07,-21.98,-15.96,323.53,0.828,0.823,48.15,71.58,-15.15,5.89
5,75.12,0.019,0.989,98.83,-1.26,2.2,75.12,0.076,0.945,94.34,-4.68,8.26,75.12,0.708,0.751,72.91,-30.15,61.09,30.12,0.507,0.766,64.21,12.63,33.43,285.12,0.844,0.84,44.87,74.79,-63.41,5.93
5,162.29,0.9,0.9,81.48,-59.67,17.05,204.36,0.022,0.927,92.62,-0.64,-1.36,204.36,0.593,0.601,46.85,-6.5,-25.38,234.36,0.524,0.692,42.48,20.68,-45.9,54.36,0.808,0.986,91.08,-11.34,82.85,1.43
5,128.95,0.116,0.11,9.92,-2.26,1.4,128.95,0.105,0.17,17.15,-2.98,1.84,128.95,0.742,0.82,74.15,-65.37,52.72,173.95,0.517,0.588,57.23,-25.88,-3.2,338.95,0.868,0.946,52.74,76.71,14.35,9.36
5,1.9,0.037,0.967,94.67,2.9,1.19,1.9,0.049,0.925,90.23,3.74,1.54,1.9,0.894,0.695,37.95,57.77,44.33,331.9,0.418,0.564,43.34,28.96,-5.29,151.9,0.926,0.845,76.28,-64.52,34.02,5.84
5,116.24,0.9,0.9,80.04,-77.22,74.66,309.98,0.023,0.943,93.58,2.65,-1.56,309.98,0.806,0.61,37.31,59.72,-28.42,354.98,0.798,0.68,38.44,54.73,29.24,129.98,0.981,0.972,85.63,-82.96,75.07,2.94
5,42.41,0.043,0.954,94.89,-0.25,3.89,42.41,0.003,0.916,92.47,-0.02,0.23,42.41,0.621,0.954,82.19,4.13,58.08,12.41,0.792,0.512,31.88,34.13,31.2,222.41,0.829,0.888,44.06,31.23,-72.18,5.66
5,93.85,0.233,0.057,4.12,-1.17,1.3,93.85,0.176,0.171,17.21,-3.75,4.37,93.85,0.885,0.853,78.01,-59.47,73.27,48.85,0.789,0.757,68.23,-2.05,62.99,303.85,0.839,0.925,56.63,86.79,-49.12,9.67
5,203.57,0.262,0.063,4.16,-0.49,-1.11,203.57,0.108,0.199,19.89,-0.91,-1.87,203.57,0.759,0.846,59.86,-6.92,-40.93,233.57,0.578,0.514,29.57,17.93,-39.21,203.57,0.2,0.5,48.52,-3.41,-7.42,5.17
5,108.84,0.265,0.119,10.53,-5.08,4.25,108.84,0.268,0.158,15.15,-6.54,5.86,108.84,0.738,0.755,69.25,-57.83,58.18,153.84,0.701,0.573,54.14,-40.09,15.42,108.84,0.2,0.5,51.13,-12.77,11.39,7.01
5,62.09,0.036,0.953,95.61,-1.63,4.21,62.09,0.013,0.915,92.35,-0.58,1.48,62.09,0.517,0.824,81.94,-16.04,52.62,107.09,0.585,0.692,65.12,-44.48,44.47,242.09,0.801,0.824,31.6,56.67,-83.33,5.01
5,236.64,0.032,0.996,97.12,1.22,-3.72,236.64,0.076,0.914,86.87,2.79,-8.28,236.64,0.697,0.996,46.3,48.8,-83.93,281.64,0.406,0.793,59.08,36.8,-33.98,86.64,0.919,0.94,85.97,-57.73,81.24,5.12
5,323.86,0.149,0.062,4.17,1.04,-0.39,323.86,0.267,0.212,17.86,8.52,-3.05,323.86,0.586,0.816,54.71,56.04,-15.85,353.86,0.705,0.646,38.64,48.07,20.54,113.86,0.993,0.894,79.45,-78.11,76.44,8.51
5,314.77,0.123,0.106,8.61,2.26,-1.16,314.77,0.263,0.178,14.69,7.65,-3.79,314.77,0.631,0.834,55.0,63.44,-27.04,344.77,0.402,0.595,45.83,27.07,1.92,134.77,0.918,0.932,82.67,-77.67,63.45,10.0
5,159.35,0.172,0.096,8.11,-2.32,0.34,159.35,0.231,0.157,15.14,-4.88,0.75,159.35,0.81,0.871,79.25,-57.42,18.33,129.35,0.457,0.675,64.14,-38.69,26.85,339.35,0.855,0.969,54.17,77.59,14.53,9.58
5,312.55,0.184,0.146,12.46,4.55,-2.45,312.55,0.217,0.134,10.71,4.99,-2.66,312.55,0.718,0.898,56.39,74.69,-33.25,342.55,0.709,0.577,34.82,45.71,6.73,162.55,0.847,0.938,84.73,-59.8,15.54,7.98
5,164.77,0.242,0.11,9.61,-3.62,0.15,164.77,0.271,0.159,15.28,-5.51,0.27,164.77,0.837,0.611,57.42,-41.39,8.0,134.77,0.609,0.592,55.77,-42.85,28.56,14.77,0.895,0.863,51.71,56.01,56.54,9.87
5,131.07,0.025,0.986,98.23,-2.95,1.72,131.07,0.058,0.934,92.87,-6.63,3.89,131.07,0.717,0.877,79.03,-66.95,51.49,176.07,0.655,0.599,57.59,-30.03,-5.04,281.07,0.823,0.905,46.92,76.29,-69.51,5.81
5,52.37,0.1,0.4,42.53,-1.25,5.22,52.37,0.1,0.4,42.53,-1.25,5.22,52.37,0.1,0.4,42.53,-1.25,5.22,97.37,0.1,0.4,42.37,-4.57,4.93,232.37,0.1,0.4,39.7,1.46,-5.25,1.0
5,214.82,0.011,0.951,95.08,-0.09,-0.84,214.82,0.029,0.977,96.41,-0.25,-2.34,214.82,0.776,0.857,50.94,12.45,-56.67,259.82,0.769,0.681,30.56,50.44,-63.49,4.82,0.991,0.86,46.44,69.62,59.61,7.22
5,144.78,0.154,0.072,5.44,-1.38,0.54,144.78,0.171,0.184,18.47,-4.65,1.87,144.78,0.88,0.811,73.33,-64.81,41.17,174.78,0.721,0.58,55.56,-31.64,-3.74,294.78,0.951,0.883,50.56,85.74,-60.23,10.0
5,295.31,0.182,0.068,4.46,1.6,-1.24,295.31,0.192,0.176,15.55,5.73,-4.3,295.31,0.805,0.705,42.56,68.21,-47.14,265.31,0.795,0.724,33.04,56.55,-65.89,115.31,0.99,0.99,87.06,-84.75,82.48,8.93
5,245.68,0.136,0.142,12.11,1.49,-3.23,245.68,0.268,0.151,10.86,3.31,-6.82,245.68,0.856,0.142,2.82,8.18,-17.65,275.68,0.436,0.767,54.82,35.94,-36.89,35.68,0.871,0.837,63.72,20.91,64.01,5.84
5,148.88,0.266,0.094,7.71,-3.65,1.26,148.88,0.134,0.215,22.25,-4.04,1.34,148.88,0.607,0.84,77.36,-51.02,22.9,193.88,0.682,0.58,48.65,-15.87,-19.56,148.88,0.2,0.5,51.1,-12.08,4.16,6.68
5,173.42,0.01,0.999,99.75,-0.93,-0.17,173.42,0.069,0.971,96.17,-5.95,-1.03,173.42,0.774,0.648,61.33,-36.59,-2.39,218.42,0.445,0.514,39.59,2.63,-23.33,173.42,0.2,0.5,51.39,-9.78,-1.52,4.78
5,107.83,0.221,0.075,5.66,-2.11,1.82,107.83,0.222,0.21,21.16,-6.81,6.18,107.83,0.723,0.82,74.86,-60.26,61.26,152.83,0.569,0.626,59.5,-37.04,13.44,287.83,0.962,0.932,48.83,85.72,-70.19,7.37
5,35.05,0.1,0.4,41.66,0.51,3.99,35.05,0.1,0.4,41.66,0.51,3.99,35.05,0.1,0.4,41.66,0.51,3.99,350.05,0.1,0.4,39.99,4.43,0.52,245.05,0.1,0.4,39.39,2.57,-5.7,1.0
5,82.04,0.274,0.078,6.12,-1.92,2.71,82.04,0.149,0.17,17.24,-2.56,3.84,82.04,0.528,0.715,69.82,-27.52,44.65,112.04,0.538,0.517,49.6,-34.69,31.92,232.04,0.877,0.996,39.19,60.14,-95.85,7.07
5,45.57,0.9,0.9,75.68,5.5,75.15,175.09,0.105,0.188,19.32,-2.29,-0.49,175.09,0.512,0.876,82.44,-34.75,-5.39,205.09,0.754,0.714,50.13,-4.3,-37.14,325.09,0.973,0.994,55.41,85.54,-8.49,1.0
5,358.1,0.142,0.063,4.23,0.79,0.24,358.1,0.219,0.205,17.83,5.39,1.78,358.1,0.759,0.063,2.0,3.53,1.08,43.1,0.623,0.706,62.9,2.43,46.09,148.1,0.96,0.952,84.67,-74.1,46.17,4.42
5,199.57,0.291,0.138,11.63,-2.14,-3.3,199.57,0.121,0.126,11.43,-0.88,-1.28,199.57,0.85,0.784,56.63,-10.79,-37.09,244.57,0.687,0.683,31.39,39.95,-62.5,19.57,0.853,0.939,59.92,49.93,59.88,8.18
5,117.0,0.024,0.997,99.18,-2.98,2.24,117.0,0.055,0.929,92.47,-6.48,4.92,117.0,0.9,0.704,63.9,-64.11,61.67,162.0,0.622,0.749,70.16,-41.77,8.24,327.0,0.934,0.822,46.1,73.1,-5.9,7.55
5,340.38,0.192,0.092,6.5,2.34,-0.19,340.38,0.103,0.125,10.98,1.83,-0.17,340.38,0.767,0.777,45.39,61.62,8.69,10.38,0.65,0.73,48.91,38.78,31.33,130.38,0.962,0.835,74.68,-73.46,65.32,8.74
5,226.21,0.225,0.102,7.18,0.59,-3.06,226.21,0.166,0.187,16.92,0.77,-4.23,226.21,0.835,0.646,29.55,29.71,-60.0,181.21,0.786,0.536,50.97,-27.19,-9.44,76.21,0.956,0.931,87.0,-44.85,83.7,6.11
5,233.84,0.1,0.4,39.62,1.61,-5.36,233.84,0.1,0.4,39.62,1.61,-5.36,233.84,0.1,0.4,39.62,1.61,-5.36,203.84,0.1,0.4,41.14,-1.48,-3.12,23.84,0.1,0.4,41.11,1.65,3.19,1.0
5,236.01,0.049,0.974,93.99,1.8,-5.58,236.01,0.032,0.92,90.6,1.09,-3.42,236.01,0.893,0.676,23.62,49.87,-74.39,266.01,0.46,0.543,37.29,25.55,-31.29,86.01,0.95,0.913,83.7,-56.79,80.14,5.43
5,8.3,0.218,0.062,3.97,0.91,0.56,8.3,0.143,0.192,18.08,2.54,1.63,8.3,0.625,0.649,43.67,35.63,26.03,53.3,0.444,0.514,51.71,-5.44,29.06,218.3,0.924,0.948,46.27,32.46,-77.27,6.18
5,35.16,0.011,0.985,98.33,0.1,0.95,35.16,0.046,0.927,92.11,0.41,3.63,35.16,0.604,0.899,74.15,12.42,49.23,65.16,0.759,0.626,63.03,-18.82,57.5,35.16,0.2,0.5,49.76,1.43,9.73,2.98
5,80.78,0.9,0.9,83.78,-48.03,79.29,66.3,0.219,0.194,20.1,-2.84,6.75,66.3,0.523,0.683,68.66,-16.6,45.0,21.3,0.661,0.558,41.16,22.17,30.17,276.3,0.952,0.806,36.5,71.88,-72.43,3.45
5,314.15,0.29,0.106,7.18,4.56,-2.4,314.15,0.161,0.167,14.96,4.41,-2.28,314.15,0.594,0.65,44.39,49.67,-22.07,284.15,0.596,0.572,36.71,42.23,-36.5,164.15,0.982,0.834,75.98,-56.55,15.17,8.35
5,6.47,0.166,0.065,4.35,0.8,0.44,6.47,0.281,0.138,10.42,4.13,2.39,6.47,0.658,0.065,2.66,2.72,1.46,36.47,0.628,0.517,44.36,7.12,33.1,216.47,0.854,0.884,47.72,21.05,-65.7,4.37
5,10.71,0.022,0.999,98.64,1.35,1.02,10.71,0.053,0.928,90.79,3.1,2.33,10.71,0.558,0.889,62.77,38.12,30.33,55.71,0.685,0.685,66.99,-10.21,56.0,160.71,0.805,0.945,85.37,-60.03,17.28,2.39
5,311.12,0.011,0.996,98.89,1.37,-0.79,311.12,0.029,0.958,94.53,3.36,-1.92,311.12,0.839,0.731,44.04,69.6,-31.27,266.12,0.432,0.532,37.76,23.43,-28.82,161.12,0.919,0.824,75.07,-57.02,18.25,6.2
5,278.44,0.9,0.9,43.2,77.86,-75.01,230.84,0.242,0.194,16.04,1.92,-6.87,230.84,0.724,0.664,32.53,29.07,-57.88,275.84,0.523,0.528,35.01,32.03,-32.44,20.84,0.892,0.822,52.54,45.34,56.53,1.0
5,94.85,0.012,0.961,96.31,-1.11,1.24,94.85,0.059,0.965,95.99,-5.32,6.0,94.85,0.631,0.692,65.74,-39.88,49.09,49.85,0.537,0.658,62.91,-4.37,40.94,274.85,0.943,0.869,38.9,75.39,-77.65,6.76
5,334.73,0.1,0.4,40.07,4.95,-0.97,334.73,0.1,0.4,40.07,4.95,-0.97,334.73,0.1,0.4,40.07,4.95,-0.97,304.73,0.1,0.4,40.23,6.0,-3.87,124.73,0.1,0.4,42.08,-5.92,3.98,1.0
5,76.59,0.9,0.9,84.58,-42.66,80.27,166.1,0.005,0.94,94.6,-0.41,-0.01,166.1,0.896,0.692,64.39,-46.12,8.32,136.1,0.499,0.552,52.95,-34.05,20.79,16.1,0.941,0.932,55.14,60.68,63.01,1.0
5,25.97,0.9,0.9,60.32,40.89,63.58,276.11,0.205,0.17,14.42,4.69,-4.99,276.11,0.67,0.86,48.75,60.77,-60.18,246.11,0.413,0.789,53.72,23.1,-42.15,96.11,0.863,0.874,79.54,-61.7,73.52,1.0
5,277.03,0.204,0.133,10.49,3.8,-3.98,277.03,0.272,0.174,13.76,6.48,-6.71,277.03,0.875,0.609,28.79,56.41,-55.22,322.03,0.6,0.735,49.14,53.05,-16.58,127.03,0.885,0.988,87.06,-82.48,73.78,5.4
5,11.16,0.237,0.136,10.93,2.93,2.26,11.16,0.251,0.14,11.29,3.21,2.48,11.16,0.734,0.827,52.54,48.07,41.53,56.16,0.593,0.793,77.34,-11.39,55.98,161.16,0.845,0.994,89.17,-63.63,18.68,8.02
5,104.84,0.03,0.972,96.97,-3.13,2.91,104.84,0.059,0.902,90.24,-5.78,5.4,104.84,0.871,0.77,70.17,-62.39,65.97,74.84,0.629,0.505,50.75,-19.94,40.36,254.84,0.984,0.947,32.92,76.26,-99.1,6.77
5,144.99,0.237,0.056,3.92,-1.33,0.53,144.99,0.203,0.161,15.66,-4.91,1.97,144.99,0.711,0.858,77.98,-60.03,33.28,189.99,0.597,0.785,68.54,-23.14,-18.84,354.99,0.841,0.947,52.38,73.1,43.41,9.66
5,67.51,0.049,0.959,95.96,-2.57,5.59,67.51,0.036,0.925,93.04,-1.82,3.93,67.51,0.673,0.675,67.34,-20.57,55.38,97.51,0.758,0.727,67.7,-49.84,58.79,217.51,0.955,0.842,40.71,29.9,-71.0,7.62
5,124.57,0.247,0.116,10.11,-5.15,3.55,124.57,0.256,0.127,11.44,-5.77,3.99,124.57,0.732,0.88,78.99,-69.79,59.89,169.57,0.592,0.536,51.94,-28.2,0.18,274.57,0.863,0.932,43.89,76.93,-78.49,6.27
5,194.02,0.1,0.4,41.63,-2.48,-2.38,194.02,0.1,0.4,41.63,-2.48,-2.38,194.02,0.1,0.4,41.63,-2.48,-2.38,239.02,0.1,0.4,39.37,2.15,-5.74,44.02,0.1,0.4,42.11,-0.4,4.63,1.0
5,256.67,0.163,0.121,9.57,2.01,-3.26,256.67,0.21,0.145,11.36,3.06,-4.89,256.67,0.767,0.121,3.29,7.1,-12.84,286.67,0.726,0.797,46.58,66.33,-54.35,76.67,0.964,0.81,76.71,-41.0,75.32,2.65
5,314.62,0.207,0.109,8.14,3.94,-2.0,314.62,0.268,0.125,9.19,5.78,-2.89,314.62,0.655,0.793,51.66,62.75,-26.63,284.62,0.491,0.659,46.49,39.53,-34.22,314.62,0.2,0.5,46.23,13.73,-6.88,3.82
5,130.08,0.25,0.131,11.89,-5.59,3.47,130.08,0.259,0.19,18.59,-7.92,4.96,130.08,0.717,0.131,10.54,-14.14,9.49,85.08,0.467,0.674,66.29,-25.13,37.41,310.08,0.894,0.946,55.95,87.24,-39.75,4.4
5,197.13,0.201,0.079,5.84,-0.85,-1.09,197.13,0.101,0.126,11.67,-0.83,-1.0,197.13,0.605,0.762,62.43,-15.43,-24.92,242.13,0.494,0.541,33.1,20.08,-37.84,47.13,0.945,0.857,73.12,3.51,74.43,9.79
5,58.22,0.172,0.107,9.74,-1.03,2.93,58.22,0.183,0.18,18.51,-1.68,5.32,58.22,0.782,0.825,80.62,-15.36,73.07,88.22,0.495,0.634,62.15,-26.82,37.26,58.22,0.2,0.5,52.53,-4.18,13.6,6.64
5,266.55,0.005,0.96,96.16,0.38,-0.5,266.55,0.079,0.927,88.06,6.23,-8.15,266.55,0.614,0.626,35.84,39.49,-46.34,221.55,0.512,0.652,45.73,7.52,-34.67,56.55,0.927,0.87,82.74,-13.42,81.25,5.85
5,149.52,0.276,0.115,10.0,-4.83,1.62,149.52,0.278,0.179,17.5,-7.1,2.41,149.52,0.586,0.773,71.95,-46.27,19.9,194.52,0.435,0.648,58.22,-13.29,-14.79,299.52,0.989,0.918,55.26,91.61,-57.44,9.4
5,112.95,0.049,0.995,98.46,-5.82,4.71,112.95,0.032,0.97,96.67,-3.66,2.96,112.95,0.513,0.694,65.49,-42.71,38.7,67.95,0.768,0.798,77.95,-25.9,69.47,262.95,0.972,0.923,35.09,75.89,-92.0,6.93
5,35.75,0.9,0.9,67.56,23.43,68.98,247.22,0.109,0.147,13.19,1.27,-2.66,247.22,0.572,0.813,44.96,36.88,-59.77,217.22,0.574,0.617,42.8,5.02,-34.19,37.22,0.975,0.991,73.36,26.07,77.03,1.0
5,117.71,0.137,0.148,14.35,-3.53,2.68,117.71,0.112,0.148,14.45,-2.88,2.18,117.71,0.797,0.785,70.99,-66.73,62.74,87.71,0.681,0.734,69.86,-39.13,56.01,297.71,0.868,0.862,51.98,83.75,-54.88,6.46
5,70.11,0.021,0.994,99.31,-1.22,2.44,70.11,0.043,0.96,96.07,-2.39,4.8,70.11,0.57,0.632,63.38,-19.07,45.09,115.11,0.532,0.761,70.84,-48.47,43.02,220.11,0.976,0.885,39.61,39.27,-79.17,7.39
5,114.46,0.1,0.4,42.13,-5.72,4.56,114.46,0.1,0.4,42.13,-5.72,4.56,114.46,0.1,0.4,42.13,-5.72,4.56,69.46,0.1,0.4,42.77,-2.67,5.55,264.46,0.1,0.4,39.69,3.83,-5.23,1.0
5,156.44,0.211,0.054,3.83,-1.05,0.21,156.44,0.141,0.14,13.49,-2.79,0.55,156.44,0.74,0.679,63.29,-46.23,16.19,111.44,0.689,0.7,64.73,-53.3,51.56,336.44,0.994,0.941,51.11,78.99,18.33,10.0
5,149.65,0.036,0.983,97.76,-3.83,1.17,149.65,0.018,0.913,91.92,-1.79,0.54,149.65,0.814,0.887,79.99,-64.35,33.31,104.65,0.426,0.56,54.83,-27.47,27.53,329.65,0.986,0.938,51.71,80.52,2.3,5.05
5,143.1,0.1,0.4,42.17,-5.27,2.21,143.1,0.1,0.4,42.17,-5.27,2.21,143.1,0.1,0.4,42.17,-5.27,2.21,113.1,0.1,0.4,42.15,-5.63,4.58,323.1,0.1,0.4,40.13,5.35,-2.09,1.0
5,102.9,0.219,0.065,4.79,-1.56,1.46,102.9,0.261,0.139,12.96,-5.26,5.21,102.9,0.824,0.721,66.36,-56.16,61.0,147.9,0.44,0.732,69.76,-35.2,14.6,102.9,0.2,0.5,51.31,-11.81,11.68,7.76
5,200.68,0.212,0.124,10.6,-1.39,-2.28,200.68,0.28,0.159,13.92,-2.18,-3.7,200.68,0.715,0.124,7.47,-3.09,-7.09,230.68,0.576,0.669,39.97,19.41,-46.46,20.68,0.978,0.927,56.49,55.95,65.57,4.47
5,72.95,0.293,0.051,3.63,-0.8,1.44,72.95,0.214,0.129,12.29,-2.36,4.53,72.95,0.663,0.79,76.87,-28.0,60.9,102.95,0.524,0.622,59.71,-35.27,37.08,252.95,0.85,0.978,37.93,71.72,-95.2,7.58
5,27.78,0.005,0.989,98.86,0.12,0.34,27.78,0.068,0.959,93.77,1.7,4.81,27.78,0.716,0.832,62.06,25.55,49.79,342.78,0.647,0.564,35.61,41.65,4.97,207.78,0.95,0.846,50.25,8.27,-56.12,7.16
5,4.32,0.1,0.4,40.15,3.66,1.8,4.32,0.1,0.4,40.15,3.66,1.8,4.32,0.1,0.4,40.15,3.66,1.8,49.32,0.1,0.4,42.37,-0.94,5.01,154.32,0.1,0.4,42.22,-4.86,1.13,1.0
5,203.94,0.176,0.112,9.31,-0.87,-1.89,203.94,0.164,0.159,14.77,-1.09,-2.36,203.94,0.887,0.633,42.31,-2.45,-37.49,158.94,0.52,0.715,67.9,-36.13,8.44,53.94,0.829,0.801,75.24,-9.05,71.17,7.28
5,270.37,0.049,0.981,94.86,4.23,-5.14,270.37,0.009,0.907,91.16,0.72,-0.88,270.37,0.811,0.795,37.5,63.85,-69.14,315.37,0.475,0.77,56.57,46.24,-20.6,270.37,0.2,0.5,45.2,10.38,-12.29,7.67
5,242.37,0.1,0.4,39.35,2.4,-5.76,242.37,0.1,0.4,39.35,2.4,-5.76,242.37,0.1,0.4,39.35,2.4,-5.76,212.37,0.1,0.4,40.7,-0.61,-3.76,92.37,0.1,0.4,42.44,-4.23,5.04,1.0
5,30.35,0.214,0.102,8.03,0.7,2.06,30.35,0.151,0.215,21.39,0.92,3.31,30.35,0.748,0.669,51.19,19.56,44.91,345.35,0.623,0.513,32.85,36.89,6.05,30.35,0.2,0.5,49.19,2.61,8.92,5.9
5,359.7,0.005,0.961,96.21,0.38,0.13,359.7,0.022,0.95,94.1,1.77,0.61,359.7,0.798,0.826,46.51,63.31,42.07,329.7,0.75,0.673,40.45,56.43,-6.63,149.7,0.904,0.876,78.76,-66.97,37.48,3.7
5,23.72,0.215,0.129,11.01,1.45,2.69,23.72,0.211,0.148,13.12,1.6,2.97,23.72,0.606,0.671,51.76,20.81,33.01,338.72,0.579,0.739,49.15,47.69,0.25,233.72,0.823,0.839,34.23,49.78,-81.3,3.74
5,355.56,0.117,0.067,4.66,0.74,0.18,355.56,0.196,0.207,18.38,4.91,1.29,355.56,0.642,0.831,51.58,54.11,23.57,310.56,0.548,0.617,43.79,45.28,-22.89,175.56,0.803,0.986,89.85,-49.65,-6.35,10.0
5,139.44,0.037,0.977,97.19,-4.14,1.93,139.44,0.019,0.905,91.21,-1.99,0.92,139.44,0.598,0.781,72.23,-51.19,30.62,169.44,0.454,0.516,50.83,-22.18,-0.38,349.44,0.817,0.849,47.81,66.82,27.87,6.03
5,178.81,0.298,0.06,4.3,-1.44,-0.45,178.81,0.262,0.184,18.29,-5.24,-1.55,178.81,0.732,0.06,3.9,-3.21,-1.01,223.81,0.449,0.794,57.4,8.83,-37.07,28.81,0.965,0.835,56.59,37.3,63.29,5.2
5,327.35,0.123,0.109,8.89,2.13,-0.69,327.35,0.117,0.201,19.35,3.44,-1.11,327.35,0.864,0.789,45.14,69.27,-7.77,297.35,0.523,0.599,43.4,43.83,-29.84,177.35,0.836,0.855,79.12,-43.62,-8.27,7.85
5,18.1,0.002,0.959,96.3,0.1,0.13,18.1,0.008,0.944,94.7,0.35,0.44,18.1,0.643,0.733,52.6,30.4,34.96,333.1,0.664,0.735,46.29,54.69,-4.36,168.1,0.883,0.838,76.88,-51.59,6.42,2.59
5,6.14,0.045,0.996,96.86,3.23,1.78,6.14,0.004,0.9,90.92,0.27,0.15,6.14,0.827,0.996,57.18,69.19,54.76,51.14,0.626,0.789,73.96,-6.16,55.4,186.14,0.985,0.896,75.77,-33.66,-23.28,4.45
5,170.21,0.1,0.4,42.3,-4.27,-0.4,170.21,0.1,0.4,42.3,-4.27,-0.4,170.21,0.1,0.4,42.3,-4.27,-0.4,215.21,0.1,0.4,40.56,-0.32,-3.97,350.21,0.1,0.4,39.99,4.43,0.54,1.0
5,357.46,0.281,0.102,6.7,3.49,1.02,357.46,0.236,0.173,14.32,5.06,1.59,357.46,0.674,0.781,47.46,53.44,26.88,42.46,0.759,0.656,56.49,5.24,51.21,207.46,0.871,0.993,61.66,4.49,-58.81,8.13
5,358.79,0.9,0.9,48.81,72.02,53.6,338.19,0.025,0.964,95.22,2.46,-0.35,338.19,0.804,0.83,47.68,67.11,7.64,8.19,0.438,0.57,44.26,21.52,14.48,128.19,0.918,0.956,84.47,-81.03,72.59,1.66
5,22.0,0.1,0.4,41.02,1.84,3.06,22.0,0.1,0.4,41.02,1.84,3.06,22.0,0.1,0.4,41.02,1.84,3.06,67.0,0.1,0.4,42.81,-2.5,5.61,232.0,0.1,0.4,39.72,1.42,-5.22,1.0
5,241.61,0.168,0.116,8.8,1.42,-3.44,241.61,0.209,0.125,9.13,1.93,-4.58,241.61,0.868,0.116,2.03,5.47,-13.76,286.61,0.468,0.622,45.16,36.76,-30.77,61.61,0.804,0.898,88.01,-21.2,80.21,3.01
5,294.16,0.026,0.982,96.81,3.04,-2.39,294.16,0.053,0.966,93.63,6.29,-4.9,294.16,0.775,0.893,53.76,79.77,-56.47,339.16,0.751,0.712,42.13,56.98,5.61,144.16,0.968,0.827,74.34,-68.53,47.6,5.1
5,289.44,0.182,0.118,9.33,3.59,-3.0,289.44,0.133,0.174,16.1,3.64,-3.05,289.44,0.551,0.761,51.7,51.94,-40.84,244.44,0.535,0.646,37.52,26.85,-46.91,289.44,0.2,0.5,45.99,13.32,-11.03,5.24
5,184.52,0.272,0.116,10.1,-3.22,-1.55,184.52,0.202,0.151,14.5,-3.02,-1.46,184.52,0.888,0.84,73.77,-34.85,-18.64,229.52,0.775,0.759,35.53,34.82,-67.31,334.52,0.998,0.856,46.64,74.05,12.78,8.0
5,23.44,0.164,0.142,12.82,1.19,2.19,23.44,0.15,0.177,16.93,1.31,2.42,23.44,0.695,0.859,62.02,31.04,46.9,338.44,0.74,0.752,44.8,59.06,4.51,23.44,0.2,0.5,48.37,4.33,7.76,6.32
5,70.68,0.015,0.966,96.9,-0.87,1.7,70.68,0.001,0.964,96.86,-0.05,0.11,70.68,0.883,0.687,67.29,-27.81,65.95,25.68,0.447,0.556,47.66,10.82,20.87,250.68,0.809,0.825,32.99,59.16,-81.24,4.55
5,253.73,0.267,0.148,10.71,3.81,-6.44,253.73,0.167,0.145,12.02,2.27,-3.93,253.73,0.531,0.857,51.1,37.73,-56.11,298.73,0.575,0.701,49.16,54.81,-36.04,103.73,0.902,0.968,86.18,-75.16,79.98,9.51
5,30.67,0.019,0.951,94.97,0.34,1.39,30.67,0.014,0.95,95.11,0.25,1.04,30.67,0.854,0.79,57.43,27.02,57.67,345.67,0.72,0.792,47.25,58.96,14.17,30.67,0.2,0.5,49.23,2.53,8.97,2.68
5,127.98,0.9,0.9,80.03,-76.94,68.41,52.95,0.247,0.191,19.32,-1.6,7.06,52.95,0.864,0.79,73.26,-7.29,71.17,7.95,0.444,0.744,56.66,27.43,18.32,262.95,0.839,0.949,40.63,72.23,-86.56,2.64
5,277.25,0.258,0.079,4.9,2.26,-2.48,277.25,0.273,0.192,15.46,7.11,-7.32,277.25,0.834,0.813,40.27,68.95,-67.09,307.25,0.74,0.709,44.98,64.87,-34.15,67.25,0.938,0.862,83.33,-29.53,81.07,8.54
5,283.96,0.046,0.988,95.85,4.84,-4.52,283.96,0.058,0.915,88.84,5.79,-5.4,283.96,0.834,0.612,32.33,57.68,-49.84,238.96,0.662,0.778,37.08,39.59,-67.51,133.96,0.939,0.952,84.19,-79.76,66.92,6.0
5,200.85,0.1,0.4,41.29,-1.79,-2.9,200.85,0.1,0.4,41.29,-1.79,-2.9,200.85,0.1,0.4,41.29,-1.79,-2.9,170.85,0.1,0.4,42.3,-4.24,-0.46,350.85,0.1,0.4,39.98,4.41,0.6,1.0
5,0.49,0.288,0.095,6.06,3.05,1.11,0.49,0.12,0.187,17.7,2.6,0.98,0.49,0.858,0.731,40.25,59.71,43.36,45.49,0.446,0.558,53.46,-1.21,28.2,150.49,0.964,0.859,77.27,-67.18,38.67,8.28
5,251.15,0.027,0.969,95.18,1.59,-3.04,251.15,0.054,0.944,91.03,3.18,-6.02,251.15,0.503,0.852,52.22,33.98,-53.55,221.15,0.517,0.784,54.44,8.65,-40.41,101.15,0.837,0.802,73.26,-60.49,67.15,3.89
5,296.99,0.201,0.091,6.42,3.03,-2.29,296.99,0.286,0.129,9.44,6.69,-4.82,296.99,0.746,0.703,44.23,65.89,-44.07,251.99,0.643,0.595,30.3,34.73,-50.81,116.99,0.806,0.918,81.82,-75.48,71.59,8.29
5,11.91,0.04,0.964,94.68,2.28,1.86,11.91,0.055,0.961,93.5,3.21,2.62,11.91,0.547,0.964,68.72,38.41,32.28,56.91,0.46,0.773,76.6,-10.41,43.63,221.91,0.862,0.88,42.59,32.85,-73.57,4.39
5,28.96,0.164,0.125,11.01,0.71,2.19,28.96,0.202,0.215,20.76,1.45,4.34,28.96,0.556,0.125,8.42,3.08,6.4,73.96,0.626,0.636,63.06,-23.27,48.57,238.96,0.889,0.896,31.15,66.52,-94.79,1.22
5,249.35,0.022,0.994,97.77,1.25,-2.51,249.35,0.072,0.904,86.21,3.98,-7.87,249.35,0.548,0.608,35.25,27.98,-44.74,279.35,0.43,0.723,52.73,35.24,-33.86,39.35,0.96,0.977,74.66,20.62,77.31,5.9
5,240.18,0.03,0.968,94.78,1.33,-3.53,240.18,0.075,0.927,87.77,3.33,-8.64,240.18,0.834,0.721,25.86,53.07,-77.57,210.18,0.656,0.513,36.19,-0.31,-28.58,240.18,0.2,0.5,44.06,5.83,-14.14,7.89
5,43.07,0.1,0.4,42.06,-0.31,4.56,43.07,0.1,0.4,42.06,-0.31,4.56,43.07,0.1,0.4,42.06,-0.31,4.56,13.07,0.1,0.4,40.58,2.76,2.42,223.07,0.1,0.4,40.17,0.49,-4.56,1.0
5,237.84,0.254,0.086,5.17,1.09,-3.2,237.84,0.152,0.169,14.83,1.54,-4.22,237.84,0.815,0.793,30.47,52.91,-80.73,282.84,0.624,0.583,36.24,44.19,-39.02,237.84,0.2,0.5,44.31,5.25,-13.75,2.21
5,57.93,0.149,0.121,11.5,-0.98,3.08,57.93,0.128,0.213,22.42,-1.35,4.25,57.93,0.623,0.773,76.31,-13.22,58.3,27.93,0.537,0.692,56.8,14.54,31.67,207.93,0.814,0.971,62.0,2.53,-55.17,9.83
5,225.97,0.025,0.984,96.9,0.38,-2.52,225.97,0.019,0.926,92.24,0.27,-1.78,225.97,0.617,0.839,50.02,20.14,-55.48,195.97,0.687,0.53,43.47,-13.01,-19.85,225.97,0.2,0.5,45.75,2.21,-11.57,7.04
5,124.82,0.169,0.133,12.41,-3.95,2.67,124.82,0.145,0.129,12.02,-3.31,2.23,124.82,0.741,0.133,10.66,-15.13,10.88,94.82,0.761,0.531,50.79,-37.43,46.29,334.82,0.87,0.905,50.82,75.12,5.88,1.83
5,262.16,0.1,0.4,39.65,3.68,-5.28,262.16,0.1,0.4,39.65,3.68,-5.28,262.16,0.1,0.4,39.65,3.68,-5.28,292.16,0.1,0.4,40.13,5.65,-4.53,82.16,0.1,0.4,42.58,-3.54,5.26,1.0
5,208.56,0.043,0.99,96.99,-0.95,-3.16,208.56,0.077,0.948,91.79,-1.58,-5.43,208.56,0.779,0.858,55.9,1.79,-48.86,178.56,0.593,0.757,71.93,-32.58,-8.29,28.56,0.855,0.975,68.18,36.15,66.91,4.88
5,92.05,0.19,0.149,14.51,-3.47,4.19,92.05,0.215,0.203,20.72,-5.1,6.2,92.05,0.605,0.887,82.89,-44.87,58.27,122.05,0.595,0.73,67.45,-53.03,44.23,242.05,0.813,0.921,34.93,63.28,-92.06,6.28
5,118.33,0.049,0.994,98.28,-6.19,4.59,118.33,0.024,0.941,94.2,-2.85,2.1,118.33,0.592,0.754,69.6,-53.99,47.15,73.33,0.716,0.731,71.36,-28.14,60.68,268.33,0.894,0.934,40.07,75.91,-85.19,6.65
5,120.71,0.044,0.976,96.82,-5.56,3.96,120.71,0.032,0.972,96.8,-4.02,2.86,120.71,0.537,0.742,68.93,-50.0,41.55,75.71,0.495,0.602,60.32,-19.35,37.25,330.71,0.913,0.942,52.56,79.63,0.36,3.46
5,314.1,0.218,0.137,11.06,5.08,-2.6,314.1,0.292,0.158,12.32,7.73,-3.89,314.1,0.834,0.616,36.78,59.91,-23.95,344.1,0.622,0.573,36.82,40.53,5.59,134.1,0.888,0.889,79.28,-74.21,60.02,6.85
5,29.84,0.9,0.9,63.05,34.12,65.61,156.45,0.146,0.187,18.94,-3.69,0.73,156.45,0.7,0.836,76.79,-52.56,17.84,126.45,0.488,0.579,55.29,-36.77,27.2,306.45,0.959,0.899,53.3,86.73,-44.39,1.0
5,263.23,0.03,0.986,96.55,2.31,-3.28,263.23,0.038,0.96,93.78,2.85,-4.03,263.23,0.692,0.625,31.77,43.44,-52.95,293.23,0.788,0.741,44.2,69.09,-49.84,263.23,0.2,0.5,44.92,9.29,-12.74,5.99
5,231.36,0.105,0.1,8.04,0.43,-1.41,231.36,0.117,0.144,12.85,0.67,-2.56,231.36,0.785,0.822,36.77,41.36,-74.52,276.36,0.625,0.783,46.57,53.03,-52.48,21.36,0.886,0.895,57.4,47.45,60.44,7.44
5,6.8,0.012,0.971,96.68,0.82,0.47,6.8,0.047,0.956,93.34,3.17,1.84,6.8,0.584,0.851,57.59,42.87,28.93,336.8,0.523,0.741,51.53,43.88,-2.42,156.8,0.963,0.844,76.41,-62.25,27.44,4.48
5,89.42,0.111,0.106,9.58,-1.47,1.85,89.42,0.163,0.191,19.6,-3.55,4.52,89.42,0.532,0.106,8.72,-5.96,7.36,59.42,0.525,0.657,66.8,-11.83,44.59,239.42,0.978,0.945,30.73,74.63,-102.5,1.0
5,195.45,0.035,0.979,96.91,-1.73,-1.83,195.45,0.037,0.961,95.35,-1.78,-1.88,195.45,0.651,0.979,78.38,-21.22,-30.47,165.45,0.757,0.721,67.26,-44.2,6.83,15.45,0.879,0.916,55.52,56.77,58.55,2.06
5,311.24,0.259,0.082,5.27,3.05,-1.71,311.24,0.117,0.136,12.16,2.74,-1.54,311.24,0.636,0.692,46.11,55.95,-26.94,266.24,0.752,0.628,30.24,48.36,-55.84,131.24,0.857,0.982,86.79,-80.07,66.75,8.31
5,66.76,0.043,0.995,99.22,-2.3,5.11,66.76,0.041,0.974,97.34,-2.17,4.81,66.76,0.686,0.632,63.48,-19.17,53.47,96.76,0.474,0.639,62.15,-30.1,34.98,216.76,0.864,0.93,49.4,23.42,-69.56,4.95
5,58.58,0.033,0.971,97.18,-1.33,3.88,58.58,0.077,0.905,91.05,-2.86,8.55,58.58,0.832,0.971,93.44,-18.17,86.27,13.58,0.423,0.665,53.43,19.88,17.89,208.58,0.872,0.983,59.87,6.95,-60.27,2.34
5,274.01,0.259,0.058,3.43,1.27,-1.49,274.01,0.241,0.168,13.58,5.32,-5.86,274.01,0.554,0.679,43.16,40.97,-42.63,304.01,0.451,0.507,39.04,33.4,-20.28,94.01,0.876,0.916,83.19,-62.66,77.1,9.01
5,13.45,0.1,0.4,40.6,2.72,2.45,13.45,0.1,0.4,40.6,2.72,2.45,13.45,0.1,0.4,40.6,2.72,2.45,43.45,0.1,0.4,42.08,-0.35,4.59,193.45,0.1,0.4,41.66,-2.54,-2.34,1.0
5,76.23,0.282,0.135,12.92,-3.47,6.15,76.23,0.193,0.139,13.53,-2.47,4.3,76.23,0.699,0.645,63.29,-27.33,53.34,46.23,0.482,0.709,66.54,-1.79,37.51,286.23,0.953,0.839,43.24,78.29,-66.03,5.46
5,223.78,0.12,0.068,4.78,0.1,-0.88,223.78,0.223,0.186,15.98,0.8,-5.45,223.78,0.51,0.068,3.17,0.49,-3.28,253.78,0.636,0.746,38.8,42.01,-59.79,13.78,0.865,0.983,58.81,61.56,60.33,4.63
5,323.44,0.017,0.977,96.88,1.81,-0.72,323.44,0.003,0.979,97.96,0.29,-0.12,323.44,0.83,0.79,46.23,69.42,-14.85,8.44,0.687,0.533,34.4,33.43,25.23,173.44,0.857,0.925,84.5,-50.33,-2.33,3.13
5,126.45,0.024,0.959,95.85,-2.9,1.86,126.45,0.039,0.941,93.92,-4.58,2.94,126.45,0.749,0.861,77.39,-68.98,58.08,81.45,0.547,0.525,52.43,-21.79,35.92,276.45,0.91,0.808,37.56,71.15,-70.9,4.04
5,318.43,0.015,0.957,95.28,1.62,-0.77,318.43,0.002,0.924,93.14,0.2,-0.09,318.43,0.586,0.631,43.03,46.84,-17.72,273.43,0.549,0.526,33.58,32.74,-34.5,318.43,0.2,0.5,46.18,13.41,-5.99,4.85
5,22.27,0.028,0.983,97.19,1.03,1.79,22.27,0.012,0.939,94.09,0.41,0.72,22.27,0.886,0.851,55.3,44.06,58.41,337.27,0.494,0.533,38.34,31.69,-1.88,172.27,0.89,0.953,86.62,-53.3,0.01,3.43
5,220.36,0.208,0.057,3.61,0.05,-1.03,220.36,0.145,0.213,20.27,0.21,-3.74,220.36,0.729,0.732,41.97,16.6,-52.77,175.36,0.414,0.643,62.92,-22.79,-4.04,70.36,0.984,0.81,77.92,-33.04,77.21,6.46
5,81.15,0.034,0.954,95.54,-2.4,3.62,81.15,0.035,0.922,92.7,-2.46,3.7,81.15,0.738,0.839,79.42,-40.04,67.48,36.15,0.616,0.534,45.87,7.36,33.27,261.15,0.971,0.918,34.23,75.18,-92.76,3.04
5,319.86,0.1,0.4,40.14,5.46,-2.41,319.86,0.1,0.4,40.14,5.46,-2.41,319.86,0.1,0.4,40.14,5.46,-2.41,274.86,0.1,0.4,39.85,4.51,-4.97,169.86,0.1,0.4,42.3,-4.28,-0.36,1.0
5,208.64,0.1,0.4,40.89,-0.99,-3.48,208.64,0.1,0.4,40.89,-0.99,-3.48,208.64,0.1,0.4,40.89,-0.99,-3.48,238.64,0.1,0.4,39.38,2.11,-5.72,28.64,0.1,0.4,41.35,1.16,3.53,1.0
5,211.19,0.002,0.955,95.87,-0.04,-0.17,211.19,0.039,0.964,94.88,-0.62,-2.92,211.19,0.751,0.631,40.87,3.51,-39.43,181.19,0.6,0.52,50.31,-23.04,-8.01,31.19,0.887,0.906,64.77,31.18,66.16,4.86
5,124.39,0.256,0.128,11.56,-5.83,4.05,124.39,0.246,0.206,20.45,-8.37,5.84,124.39,0.781,0.128,10.1,-15.16,10.79,94.39,0.631,0.706,67.03,-40.25,49.98,334.39,0.924,0.881,48.77,74.92,8.07,2.75
5,332.81,0.001,0.955,95.97,0.12,-0.03,332.81,0.036,0.921,90.79,3.49,-0.84,332.81,0.662,0.635,40.2,48.64,-4.34,302.81,0.657,0.624,41.89,55.33,-33.11,152.81,0.934,0.922,82.56,-68.65,35.34,4.7
5,83.51,0.003,0.996,99.57,-0.25,0.35,83.51,0.065,0.915,91.63,-4.67,6.71,83.51,0.835,0.644,61.7,-37.49,58.75,53.51,0.753,0.63,60.55,-7.35,55.09,293.51,0.923,0.812,46.11,79.25,-57.13,7.62
5,13.07,0.024,0.983,97.17,1.36,1.2,13.07,0.067,0.943,91.46,3.67,3.23,13.07,0.854,0.728,44.05,48.42,46.26,328.07,0.47,0.653,47.97,37.34,-8.92,163.07,0.885,0.976,87.7,-62.46,16.38,5.71
5,277.99,0.125,0.072,5.09,1.01,-1.07,277.99,0.215,0.206,17.86,5.93,-6.07,277.99,0.857,0.85,41.72,72.75,-70.11,232.99,0.689,0.538,26.52,24.43,-48.06,127.99,0.811,0.883,78.97,-72.87,61.96,8.26
5,86.25,0.269,0.147,14.15,-4.37,6.04,86.25,0.202,0.178,17.99,-3.88,5.33,86.25,0.597,0.777,74.28,-35.72,52.65,116.25,0.567,0.513,48.82,-37.6,33.1,86.25,0.2,0.5,51.84,-9.06,12.5,6.27
5,357.65,0.26,0.119,8.46,4.05,1.01,357.65,0.261,0.146,11.23,4.86,1.56,357.65,0.852,0.899,49.49,70.37,47.15,327.65,0.516,0.704,49.78,43.47,-10.18,207.65,0.802,0.873,56.79,1.17,-49.64,7.11
5,125.0,0.205,0.073,5.45,-2.09,1.38,125.0,0.232,0.125,11.28,-5.15,3.52,125.0,0.694,0.814,73.9,-63.53,53.15,170.0,0.478,0.681,65.66,-28.74,-0.7,335.0,0.992,0.857,46.71,73.94,13.41,9.41
5,151.02,0.013,0.951,95.41,-1.28,0.35,151.02,0.04,0.955,95.19,-4.03,1.14,151.02,0.576,0.761,71.09,-44.49,17.8,121.02,0.791,0.736,66.86,-63.87,58.43,1.02,0.861,0.981,53.91,74.88,56.0,2.94
5,80.84,0.1,0.4,42.6,-3.45,5.29,80.84,0.1,0.4,42.6,-3.45,5.29,80.84,0.1,0.4,42.6,-3.45,5.29,35.84,0.1,0.4,41.7,0.43,4.04,260.84,0.1,0.4,39.63,3.6,-5.31,1.0
5,294.4,0.03,0.95,93.78,3.46,-2.7,294.4,0.005,0.96,96.14,0.64,-0.5,294.4,0.679,0.722,46.2,61.86,-43.78,339.4,0.537,0.576,39.84,36.26,0.01,294.4,0.2,0.5,46.2,14.1,-10.69,7.39
5,224.63,0.259,0.05,3.0,0.15,-1.1,224.63,0.19,0.207,18.66,0.81,-5.16,224.63,0.635,0.818,48.61,19.0,-54.66,269.63,0.717,0.588,30.26,45.01,-49.53,74.63,0.823,0.946,89.14,-39.44,80.81,8.83
5,320.3,0.2,0.11,8.25,3.7,-1.58,320.3,0.138,0.133,11.54,2.99,-1.29,320.3,0.665,0.857,54.69,65.64,-21.35,5.3,0.558,0.755,51.92,38.34,23.79,110.3,0.987,0.999,87.9,-83.71,83.17,10.0
5,210.78,0.256,0.072,4.74,-0.29,-1.6,210.78,0.206,0.152,13.31,-0.65,-3.34,210.78,0.538,0.632,47.85,-1.42,-28.37,165.78,0.69,0.7,65.8,-40.64,5.17,30.78,0.914,0.918,64.54,33.75,67.65,9.75
5,275.47,0.043,0.968,94.18,4.02,-4.41,275.47,0.011,0.94,93.89,1.02,-1.13,275.47,0.894,0.661,30.41,60.17,-60.61,320.47,0.784,0.544,32.6,51.13,-15.18,95.47,0.867,0.878,79.93,-61.55,74.04,4.85
5,110.29,0.203,0.103,8.78,-2.81,2.68,110.29,0.218,0.202,20.33,-6.71,5.83,110.29,0.62,0.677,63.31,-47.44,45.77,65.29,0.592,0.688,69.03,-17.51,50.84,290.29,0.971,0.912,49.21,85.72,-66.73,8.45
5,290.02,0.212,0.094,6.57,3.08,-2.64,290.02,0.199,0.2,17.83,6.24,-5.13,290.02,0.756,0.662,39.08,60.3,-46.36,335.02,0.683,0.747,46.32,56.14,-1.7,110.02,0.876,0.846,76.0,-70.33,70.68,7.94
5,79.37,0.106,0.107,9.75,-1.17,1.86,79.37,0.165,0.218,22.83,-3.31,5.32,79.37,0.542,0.107,9.04,-4.94,7.92,49.37,0.53,0.691,65.65,-4.13,41.85,229.37,0.901,0.87,34.79,51.09,-84.9,1.53
5,280.78,0.039,0.998,97.19,3.97,-3.94,280.78,0.071,0.94,90.05,6.93,-6.84,280.78,0.666,0.875,51.23,63.74,-58.19,235.78,0.65,0.564,28.41,25.99,-49.1,280.78,0.2,0.5,45.63,11.98,-11.61,7.19
5,332.23,0.9,0.9,50.31,76.24,2.53,353.33,0.277,0.124,8.77,4.61,0.99,353.33,0.768,0.692,39.82,54.26,25.27,308.33,0.403,0.599,47.31,33.47,-18.65,143.33,0.921,0.9,80.38,-72.3,49.53,1.06
5,51.91,0.014,0.955,95.82,-0.37,1.51,51.91,0.023,0.969,96.97,-0.59,2.42,51.91,0.623,0.741,70.32,-6.68,52.92,81.91,0.734,0.692,66.64,-34.86,57.58,231.91,0.833,0.977,40.65,54.22,-90.62,4.07
5,308.1,0.01,0.974,97.11,1.19,-0.73,308.1,0.049,0.908,88.94,5.63,-3.43,308.1,0.723,0.852,54.07,73.58,-37.88,353.1,0.743,0.641,37.45,49.94,21.78,158.1,0.854,0.831,75.67,-57.64,20.94,4.9
5,291.0,0.1,0.4,40.11,5.57,-4.56,291.0,0.1,0.4,40.11,5.57,-4.56,291.0,0.1,0.4,40.11,5.57,-4.56,246.0,0.1,0.4,39.41,2.64,-5.67,141.0,0.1,0.4,42.16,-5.34,2.41,1.0
5,141.75,0.255,0.133,12.19,-5.35,2.45,141.75,0.237,0.167,16.25,-6.05,2.77,141.75,0.586,0.854,78.46,-53.24,29.79,111.75,0.682,0.681,63.18,-51.95,49.99,321.75,0.995,0.98,54.91,86.01,-14.88,9.9
5,91.01,0.049,0.982,97.66,-4.26,5.18,91.01,0.04,0.963,96.08,-3.41,4.14,91.01,0.741,0.813,75.84,-48.25,64.23,121.01,0.498,0.588,55.89,-38.92,31.59,301.01,0.923,0.884,53.78,87.7,-53.05,3.06
5,291.14,0.181,0.117,9.25,3.62,-2.94,291.14,0.2,0.154,13.02,5.06,-4.08,291.14,0.698,0.844,51.89,69.79,-52.56,261.14,0.517,0.522,32.86,26.52,-35.02,81.14,0.87,0.977,90.23,-50.62,83.41,9.1
5,156.93,0.1,0.4,42.23,-4.76,0.88,156.93,0.1,0.4,42.23,-4.76,0.88,156.93,0.1,0.4,42.23,-4.76,0.88,111.93,0.1,0.4,42.17,-5.55,4.61,6.93,0.1,0.4,40.28,3.39,1.99,1.0
5,168.8,0.036,0.991,98.54,-3.3,-0.23,168.8,0.026,0.939,94.1,-2.26,-0.16,168.8,0.604,0.66,62.94,-34.1,1.04,213.8,0.429,0.554,44.53,-0.26,-21.83,318.8,0.849,0.915,53.52,80.12,-24.05,6.06
5,14.13,0.234,0.141,11.66,2.68,2.51,14.13,0.182,0.204,19.03,2.82,2.64,14.13,0.512,0.833,62.39,29.4,27.46,329.13,0.515,0.634,45.0,39.62,-8.26,224.13,0.957,0.964,40.32,50.14,-89.38,7.19
5,62.95,0.038,0.975,97.53,-1.78,4.45,62.95,0.007,0.978,97.98,-0.31,0.77,62.95,0.794,0.678,68.09,-18.31,63.5,107.95,0.661,0.547,51.84,-41.04,41.08,212.95,0.993,0.977,50.37,25.81,-74.71,5.84
5,284.99,0.9,0.9,46.63,80.87,-69.26,351.86,0.194,0.205,18.27,4.94,0.85,351.86,0.659,0.751,46.4,51.56,18.09,321.86,0.659,0.627,40.52,50.43,-15.28,201.86,0.896,0.846,57.55,-5.94,-44.58,1.0
5,18.52,0.145,0.085,6.49,0.74,0.92,18.52,0.286,0.182,15.73,3.5,4.34,18.52,0.702,0.657,45.93,30.42,35.63,333.52,0.771,0.549,32.22,48.19,-1.45,168.52,0.912,0.87,79.45,-53.34,6.48,9.08
5,218.11,0.9,0.9,45.16,28.52,-72.21,10.93,0.251,0.217,19.18,4.71,3.6,10.93,0.753,0.807,50.64,48.71,42.07,325.93,0.777,0.54,32.03,49.32,-9.43,220.93,0.984,0.814,35.41,38.9,-75.63,1.0
5,325.4,0.023,0.964,95.41,2.41,-0.88,325.4,0.028,0.953,94.03,2.99,-1.09,325.4,0.563,0.764,52.13,50.94,-13.33,355.4,0.607,0.671,43.14,43.23,17.49,325.4,0.2,0.5,46.08,12.84,-4.35,4.63
5,160.67,0.012,0.953,95.65,-1.14,0.11,160.67,0.021,0.942,94.49,-1.92,0.19,160.67,0.797,0.724,67.06,-48.46,13.62,205.67,0.555,0.715,55.73,-6.25,-28.45,340.67,0.836,0.895,50.45,72.01,14.66,3.65
5,237.5,0.024,0.998,97.94,0.95,-2.82,237.5,0.049,0.949,91.78,1.89,-5.51,237.5,0.898,0.628,21.0,48.81,-71.34,207.5,0.798,0.706,46.63,0.27,-41.44,87.5,0.869,0.979,89.24,-58.5,82.08,5.01
5,176.08,0.128,0.115,10.57,-1.82,-0.43,176.08,0.114,0.217,22.67,-2.78,-0.66,176.08,0.803,0.895,82.42,-45.62,-6.69,221.08,0.534,0.654,45.14,7.82,-35.96,326.08,0.87,0.867,49.6,75.1,-10.19,8.57
5,104.78,0.266,0.115,10.11,-4.7,4.2,104.78,0.298,0.138,12.72,-6.12,5.89,104.78,0.52,0.115,9.45,-8.24,7.7,74.78,0.67,0.556,55.41,-22.55,46.02,314.78,0.965,0.865,49.87,80.69,-28.1,3.21
5,328.05,0.024,0.956,94.6,2.55,-0.82,328.05,0.005,0.925,93.09,0.5,-0.16,328.05,0.535,0.956,65.4,57.48,-12.6,13.05,0.492,0.53,40.85,19.99,17.57,148.05,0.874,0.935,83.56,-70.4,40.65,1.0
5,356.67,0.036,0.976,95.44,3.08,0.83,356.67,0.046,0.95,92.49,3.9,1.05,356.67,0.51,0.624,43.44,34.05,13.16,326.67,0.712,0.548,33.84,46.98,-9.34,146.67,0.86,0.826,74.7,-64.13,37.97,5.74
5,350.67,0.025,0.973,95.97,2.23,0.27,350.67,0.076,0.94,89.79,6.75,0.88,350.67,0.707,0.895,53.29,63.14,22.7,20.67,0.783,0.557,38.06,28.11,36.19,170.67,0.895,0.868,79.47,-51.04,2.62,4.12
5,16.73,0.131,0.086,6.62,0.74,0.81,16.73,0.104,0.195,19.3,1.36,1.53,16.73,0.818,0.723,46.29,41.85,45.23,61.73,0.636,0.671,67.94,-15.26,53.76,226.73,0.838,0.967,43.85,43.82,-84.01,7.1
5,180.55,0.045,0.955,95.23,-3.54,-1.28,180.55,0.043,0.925,92.63,-3.28,-1.19,180.55,0.818,0.733,68.67,-35.83,-11.44,150.55,0.766,0.663,61.51,-49.07,23.26,180.55,0.2,0.5,51.4,-9.0,-3.14,1.0
5,81.86,0.157,0.065,4.9,-0.81,1.17,81.86,0.188,0.17,17.13,-3.2,4.86,81.86,0.835,0.762,72.19,-41.16,67.27,36.86,0.722,0.634,52.38,10.55,44.93,261.86,0.951,0.877,33.35,72.28,-88.25,6.94
5,170.64,0.108,0.085,7.07,-1.11,-0.12,170.64,0.246,0.144,13.62,-4.37,-0.38,170.64,0.547,0.085,6.3,-4.67,-0.31,140.64,0.591,0.704,65.72,-46.24,26.62,320.64,0.939,0.969,55.01,85.25,-19.25,4.77
5,129.63,0.292,0.094,7.52,-4.43,2.71,129.63,0.292,0.197,19.25,-9.22,5.89,129.63,0.787,0.747,67.97,-62.65,51.09,159.63,0.73,0.623,58.64,-41.4,11.52,279.63,0.981,0.959,44.89,83.86,-80.68,7.97
5,237.74,0.215,0.142,10.9,1.92,-5.13,237.74,0.156,0.123,9.78,1.19,-3.28,237.74,0.602,0.728,38.65,30.91,-57.52,192.74,0.606,0.568,49.39,-15.93,-16.62,87.74,0.936,0.891,81.68,-57.18,78.08,4.92
5,189.65,0.047,1.0,98.65,-2.93,-2.05,189.65,0.053,0.933,92.64,-3.13,-2.2,189.65,0.69,0.661,57.43,-21.91,-18.06,144.65,0.602,0.71,66.27,-45.89,23.69,339.65,0.852,0.884,49.58,72.11,13.68,8.19
5,175.81,0.035,0.952,95.13,-2.95,-0.7,175.81,0.026,0.944,94.55,-2.17,-0.52,175.81,0.53,0.952,88.68,-37.69,-6.54,205.81,0.605,0.623,47.48,-5.24,-27.7,325.81,0.929,0.882,49.65,77.46,-8.56,2.26
5,167.04,0.137,0.122,11.33,-2.2,-0.04,167.04,0.222,0.202,20.35,-5.42,-0.03,167.04,0.898,0.122,9.59,-11.7,1.0,137.04,0.575,0.689,64.49,-45.58,28.45,347.04,0.929,0.824,44.73,68.97,32.16,2.92
5,197.3,0.131,0.105,8.9,-0.91,-1.11,197.3,0.295,0.183,16.66,-3.09,-3.97,197.3,0.68,0.105,6.37,-3.05,-4.96,242.3,0.597,0.559,29.22,27.02,-46.88,347.3,0.901,0.984,53.68,78.4,35.46,4.71
5,329.9,0.143,0.088,6.5,1.78,-0.49,329.9,0.206,0.218,19.47,6.44,-1.72,329.9,0.714,0.734,45.03,58.48,-7.4,284.9,0.678,0.664,39.91,53.65,-45.48,149.9,0.834,0.961,85.86,-69.24,36.29,8.82
5,137.25,0.285,0.149,13.94,-6.8,3.6,137.25,0.23,0.18,17.72,-6.45,3.37,137.25,0.836,0.755,68.58,-62.74,45.98,167.25,0.58,0.748,70.61,-37.26,2.43,287.25,0.985,0.944,48.78,86.57,-72.07,8.77
5,254.43,0.141,0.083,5.83,0.95,-1.71,254.43,0.184,0.199,17.41,3.35,-5.67,254.43,0.697,0.748,35.79,47.26,-65.03,284.43,0.474,0.563,40.48,33.54,-29.22,254.43,0.2,0.5,44.58,7.96,-13.29,2.68
5,214.34,0.9,0.9,48.63,20.18,-66.57,130.23,0.026,0.952,95.12,-3.04,1.8,130.23,0.698,0.831,75.32,-63.31,48.83,85.23,0.594,0.786,75.18,-35.11,53.01,280.23,0.869,0.945,47.16,80.62,-74.96,1.0
5,126.09,0.141,0.146,14.18,-3.56,2.34,126.09,0.106,0.157,15.55,-2.85,1.86,126.09,0.515,0.751,70.04,-47.56,35.96,156.09,0.622,0.696,65.35,-41.91,13.36,306.09,0.904,0.857,51.42,82.84,-43.45,7.15
5,229.34,0.243,0.088,5.7,0.66,-2.93,229.34,0.262,0.12,8.39,1.22,-4.84,229.34,0.738,0.784,38.62,32.45,-65.91,184.34,0.422,0.633,60.68,-18.98,-8.96,79.34,0.937,0.867,81.13,-45.99,78.23,8.23
5,4.0,0.19,0.088,6.16,1.65,0.77,4.0,0.289,0.127,9.12,4.26,1.84,4.0,0.811,0.716,41.15,54.1,39.65,319.0,0.539,0.624,44.06,42.97,-16.27,154.0,0.893,0.88,79.38,-64.31,30.19,8.21
5,210.05,0.135,0.088,6.78,-0.28,-1.22,210.05,0.154,0.183,17.35,-0.65,-2.87,210.05,0.84,0.79,48.5,6.51,-50.84,255.05,0.782,0.6,25.18,44.98,-59.94,30.05,0.858,0.987,69.98,33.99,68.69,8.86
5,191.54,0.1,0.4,41.76,-2.73,-2.2,191.54,0.1,0.4,41.76,-2.73,-2.2,191.54,0.1,0.4,41.76,-2.73,-2.2,161.54,0.1,0.4,42.26,-4.59,0.44,341.54,0.1,0.4,40.03,4.72,-0.3,1.0
5,284.14,0.108,0.052,3.54,0.55,-0.52,284.14,0.207,0.22,19.54,6.52,-5.96,284.14,0.852,0.693,36.42,64.29,-55.49,254.14,0.683,0.648,31.5,40.88,-56.93,74.14,0.868,0.83,79.21,-36.19,74.94,5.23
5,240.97,0.043,0.974,94.3,1.97,-5.07,240.97,0.002,0.979,98.04,0.07,-0.19,240.97,0.524,0.974,55.94,35.24,-65.05,270.97,0.747,0.684,34.58,53.34,-57.29,60.97,0.923,0.906,88.77,-21.28,85.84,3.33
5,146.21,0.252,0.051,3.52,-1.2,0.45,146.21,0.236,0.169,16.46,-5.88,2.28,146.21,0.651,0.702,65.36,-47.68,24.19,176.21,0.483,0.538,52.9,-22.17,-4.29,326.21,0.816,0.851,49.69,72.15,-11.44,9.88
5,230.31,0.009,0.964,96.15,0.22,-0.98,230.31,0.006,0.976,97.41,0.15,-0.66,230.31,0.855,0.625,25.55,36.32,-63.38,200.31,0.619,0.528,42.57,-9.19,-21.04,230.31,0.2,0.5,45.22,3.32,-12.37,6.22
5,43.54,0.287,0.134,12.12,-0.27,5.33,43.54,0.128,0.126,11.74,-0.17,2.22,43.54,0.714,0.685,60.08,3.34,51.07,358.54,0.582,0.503,32.94,32.46,14.98,253.54,0.966,0.823,28.25,67.84,-88.78,5.86
5,55.88,0.1,0.4,42.7,-1.6,5.48,55.88,0.1,0.4,42.7,-1.6,5.48,55.88,0.1,0.4,42.7,-1.6,5.48,85.88,0.1,0.4,42.53,-3.79,5.18,205.88,0.1,0.4,41.03,-1.27,-3.27,1.0
5,293.7,0.112,0.086,6.5,1.52,-1.21,293.7,0.14,0.156,14.05,3.67,-2.85,293.7,0.642,0.706,46.11,57.92,-41.68,263.7,0.799,0.653,29.08,51.83,-61.73,143.7,0.868,0.829,74.82,-66.05,42.83,9.0
5,351.19,0.101,0.081,6.05,0.93,0.13,351.19,0.286,0.151,11.36,5.74,0.98,351.19,0.59,0.819,53.09,50.18,14.89,21.19,0.723,0.686,48.49,29.71,39.61,141.19,0.841,0.983,87.19,-75.51,51.36,10.0
5,173.85,0.229,0.11,9.67,-3.15,-0.54,173.85,0.184,0.176,17.65,-3.8,-0.66,173.85,0.781,0.852,78.74,-45.13,-3.38,203.85,0.769,0.645,45.87,-5.38,-33.54,323.85,0.898,0.811,46.27,72.67,-12.73,8.09
5,36.35,0.189,0.111,9.5,0.27,2.36,36.35,0.286,0.194,18.27,0.81,6.5,36.35,0.789,0.692,55.34,14.07,51.74,81.35,0.476,0.538,53.97,-19.64,32.11,216.35,0.808,0.921,51.79,18.29,-64.42,9.04
5,80.48,0.1,0.4,42.61,-3.42,5.3,80.48,0.1,0.4,42.61,-3.42,5.3,80.48,0.1,0.4,42.61,-3.42,5.3,35.48,0.1,0.4,41.69,0.46,4.02,260.48,0.1,0.4,39.63,3.57,-5.32,1.0
5,20.83,0.23,0.141,12.09,1.97,2.92,20.83,0.19,0.21,19.96,2.26,3.36,20.83,0.863,0.783,50.88,41.85,52.82,65.83,0.691,0.5,51.14,-15.42,44.77,200.83,0.936,0.842,57.28,-6.49,-44.4,8.85
5,182.72,0.005,0.979,98.09,-0.36,-0.15,182.72,0.025,0.966,96.51,-1.92,-0.83,182.72,0.82,0.9,80.62,-38.88,-16.39,137.72,0.425,0.578,56.0,-30.32,17.19,2.72,0.817,0.836,47.42,62.69,45.39,3.87
5,196.61,0.224,0.096,7.5,-1.35,-1.4,196.61,0.16,0.145,13.51,-1.5,-1.76,196.61,0.736,0.096,5.48,-2.88,-4.46,241.61,0.463,0.535,34.16,18.03,-35.14,346.61,0.807,0.968,54.66,74.07,25.09,5.06
5,347.57,0.043,0.999,97.05,4.02,0.22,347.57,0.054,0.974,94.15,5.02,0.28,347.57,0.776,0.857,49.26,65.6,21.81,302.57,0.707,0.561,36.65,53.68,-32.08,137.57,0.947,0.983,86.78,-80.76,64.17,4.96
5,182.9,0.039,0.976,97.09,-2.99,-1.3,182.9,0.013,0.936,94.03,-0.98,-0.43,182.9,0.87,0.976,86.31,-41.63,-18.2,227.9,0.641,0.615,35.05,18.6,-46.15,32.9,0.916,0.875,63.3,28.77,66.41,2.67
5,17.51,0.1,0.4,40.8,2.3,2.74,17.51,0.1,0.4,40.8,2.3,2.74,17.51,0.1,0.4,40.8,2.3,2.74,332.51,0.1,0.4,40.08,5.03,-1.18,227.51,0.1,0.4,39.94,0.95,-4.89,1.0
5,278.41,0.011,0.955,95.24,1.06,-1.11,278.41,0.048,0.944,91.86,4.53,-4.69,278.41,0.743,0.785,42.41,62.68,-59.56,248.41,0.525,0.729,43.34,30.51,-49.98,278.41,0.2,0.5,45.53,11.61,-11.77,7.5
5,129.66,0.036,0.951,94.86,-4.18,2.51,129.66,0.032,0.967,96.3,-3.83,2.3,129.66,0.6,0.951,85.86,-63.6,47.17,174.66,0.474,0.616,60.08,-24.86,-3.72,309.66,0.814,0.919,55.75,82.67,-39.37,1.09
5,298.98,0.01,0.986,98.14,1.25,-0.91,298.98,0.04,0.972,95.08,5.05,-3.64,298.98,0.889,0.745,45.44,76.08,-48.42,253.98,0.783,0.579,23.99,43.44,-58.63,118.98,0.845,0.993,87.5,-82.55,78.19,4.76
5,50.7,0.229,0.129,12.1,-0.89,4.56,50.7,0.29,0.153,14.72,-1.23,6.68,50.7,0.748,0.724,67.12,-4.73,59.67,95.7,0.534,0.655,63.13,-33.57,40.18,200.7,0.97,0.973,64.76,-5.8,-51.01,10.0
5,351.45,0.1,0.4,39.98,4.39,0.66,351.45,0.1,0.4,39.98,4.39,0.66,351.45,0.1,0.4,39.98,4.39,0.66,321.45,0.1,0.4,40.14,5.41,-2.25,141.45,0.1,0.4,42.16,-5.33,2.37,1.0
5,113.09,0.259,0.071,5.22,-2.37,1.88,113.09,0.213,0.14,13.17,-4.95,4.09,113.09,0.614,0.671,62.63,-48.13,44.79,83.09,0.6,0.559,55.17,-25.74,40.96,293.09,0.844,0.802,46.54,75.97,-55.02,9.13
5,129.97,0.223,0.136,12.66,-5.18,3.21,129.97,0.119,0.2,20.53,-3.82,2.32,129.97,0.596,0.762,70.35,-52.93,38.8,159.97,0.556,0.574,55.19,-31.65,6.95,279.97,0.826,0.988,50.44,81.35,-75.61,8.58
5,68.66,0.1,0.4,42.78,-2.61,5.57,68.66,0.1,0.4,42.78,-2.61,5.57,68.66,0.1,0.4,42.78,-2.61,5.57,98.66,0.1,0.4,42.35,-4.66,4.9,278.66,0.1,0.4,39.91,4.76,-4.87,1.0
5,164.47,0.016,0.999,99.62,-1.55,0.03,164.47,0.069,0.966,95.67,-6.41,0.2,164.47,0.7,0.842,77.69,-48.27,7.92,134.47,0.702,0.734,67.35,-56.33,40.05,344.47,0.834,0.815,45.78,66.14,19.75,6.07
5,229.77,0.248,0.054,3.16,0.29,-1.26,229.77,0.177,0.18,15.87,1.14,-4.63,229.77,0.839,0.815,34.91,43.35,-76.66,184.77,0.411,0.793,74.51,-21.93,-10.75,79.77,0.943,0.88,82.08,-47.24,79.11,6.83
5,105.63,0.287,0.129,11.75,-5.67,5.37,105.63,0.23,0.148,14.18,-5.12,4.81,105.63,0.781,0.687,63.5,-53.86,56.5,150.63,0.478,0.556,53.86,-29.66,11.14,105.63,0.2,0.5,51.22,-12.25,11.55,4.67
5,267.62,0.026,0.996,97.72,2.18,-2.81,267.62,0.052,0.917,89.09,4.09,-5.25,267.62,0.566,0.712,43.3,40.72,-47.3,222.62,0.406,0.659,50.49,5.48,-28.22,117.62,0.996,0.829,74.1,-74.45,72.17,5.54
5,13.34,0.047,0.968,94.64,2.61,2.34,13.34,0.073,0.947,91.43,4.01,3.6,13.34,0.761,0.888,56.34,50.14,47.42,43.34,0.738,0.766,66.09,4.45,57.23,193.34,0.862,0.898,69.94,-22.35,-32.45,3.71
5,90.22,0.1,0.4,42.47,-4.08,5.08,90.22,0.1,0.4,42.47,-4.08,5.08,90.22,0.1,0.4,42.47,-4.08,5.08,135.22,0.1,0.4,42.13,-5.55,2.97,270.22,0.1,0.4,39.78,4.21,-5.08,1.0
5,51.06,0.174,0.121,11.19,-0.69,3.27,51.06,0.263,0.206,20.89,-1.5,7.84,51.06,0.712,0.743,69.21,-5.47,58.81,96.06,0.618,0.616,59.06,-36.42,43.74,201.06,0.887,0.875,60.35,-7.83,-44.19,9.43
5,136.41,0.015,0.954,95.65,-1.67,0.84,136.41,0.018,0.923,92.77,-1.95,0.99,136.41,0.638,0.79,72.57,-55.25,36.38,91.41,0.744,0.776,72.66,-46.95,61.99,316.41,0.96,0.856,49.13,79.33,-25.0,3.09
5,234.82,0.18,0.112,8.27,1.08,-3.36,234.82,0.176,0.151,12.59,1.39,-4.26,234.82,0.641,0.841,43.61,34.44,-66.11,189.82,0.598,0.741,65.05,-22.29,-17.85,54.82,0.848,0.935,87.02,-11.48,81.84,7.34
5,352.13,0.1,0.4,39.98,4.36,0.73,352.13,0.1,0.4,39.98,4.36,0.73,352.13,0.1,0.4,39.98,4.36,0.73,322.13,0.1,0.4,40.13,5.38,-2.19,202.13,0.1,0.4,41.22,-1.65,-2.99,1.0
5,206.12,0.045,0.985,96.66,-1.21,-3.09,206.12,0.066,0.962,93.66,-1.72,-4.45,206.12,0.611,0.662,49.96,-5.09,-29.6,161.12,0.518,0.593,57.24,-30.35,5.66,26.12,0.931,0.907,60.07,42.81,65.26,6.59
5,79.45,0.9,0.9,84.03,-46.34,79.59,8.05,0.201,0.138,11.46,2.75,1.74,8.05,0.519,0.823,59.03,35.44,24.49,38.05,0.451,0.564,51.71,3.37,26.0,158.05,0.803,0.887,80.52,-58.83,20.3,1.0
5,347.16,0.026,0.979,96.39,2.39,0.1,347.16,0.053,0.964,93.31,4.9,0.23,347.16,0.743,0.829,48.59,62.18,18.35,317.16,0.673,0.742,47.74,60.0,-22.76,137.16,0.973,0.828,74.2,-71.4,57.78,5.51
5,251.73,0.101,0.057,3.9,0.34,-0.66,251.73,0.236,0.149,11.33,3.23,-5.78,251.73,0.655,0.793,39.7,45.0,-65.29,206.73,0.733,0.66,46.01,-2.51,-35.61,71.73,0.859,0.852,81.65,-33.73,76.74,7.8
5,280.71,0.04,0.951,92.97,3.97,-3.94,280.71,0.062,0.916,88.53,5.96,-5.89,280.71,0.734,0.734,40.74,59.89,-54.67,310.71,0.456,0.601,45.54,37.32,-19.3,70.71,0.962,0.872,83.26,-35.1,81.17,4.49
5,20.11,0.002,0.958,96.18,0.09,0.13,20.11,0.078,0.932,90.43,3.14,4.54,20.11,0.837,0.812,52.93,42.58,52.54,50.11,0.442,0.574,56.32,-4.01,30.42,230.11,0.891,0.973,38.94,56.63,-92.91,8.49
5,258.21,0.1,0.4,39.59,3.43,-5.38,258.21,0.1,0.4,39.59,3.43,-5.38,258.21,0.1,0.4,39.59,3.43,-5.38,288.21,0.1,0.4,40.06,5.39,-4.63,48.21,0.1,0.4,42.32,-0.83,4.93,1.0
5,229.73,0.241,0.069,4.17,0.43,-1.87,229.73,0.251,0.15,11.56,1.46,-5.63,229.73,0.67,0.604,32.33,22.03,-48.95,184.73,0.675,0.774,69.91,-29.95,-15.21,79.73,0.927,0.992,91.46,-51.37,86.45,6.26
5,200.07,0.122,0.071,5.31,-0.39,-0.61,200.07,0.27,0.171,15.33,-2.32,-3.73,200.07,0.893,0.635,45.18,-7.92,-33.23,245.07,0.687,0.719,33.23,41.88,-65.04,200.07,0.2,0.5,48.95,-4.27,-6.77,5.15
5,112.79,0.173,0.095,8.0,-2.76,2.21,112.79,0.27,0.121,10.76,-5.52,4.62,112.79,0.547,0.806,74.66,-50.71,46.58,82.79,0.574,0.517,51.4,-23.1,36.91,262.79,0.855,0.858,35.95,67.52,-81.05,6.72
5,348.13,0.036,0.984,96.22,3.32,0.22,348.13,0.019,0.945,93.91,1.65,0.1,348.13,0.643,0.672,42.29,46.74,11.56,18.13,0.454,0.537,43.85,15.29,17.88,168.13,0.953,0.992,89.28,-60.28,8.95,3.46
5,253.91,0.163,0.1,7.3,1.5,-2.43,253.91,0.289,0.122,8.09,2.84,-5.65,253.91,0.818,0.676,26.96,51.54,-68.69,298.91,0.708,0.54,35.18,52.43,-33.86,103.91,0.998,0.974,86.28,-79.13,82.23,6.43
5,260.85,0.9,0.9,35.43,71.74,-88.08,328.14,0.241,0.157,12.73,5.77,-1.7,328.14,0.592,0.753,50.16,51.85,-10.54,358.14,0.673,0.769,46.8,52.66,27.35,148.14,0.916,0.979,86.91,-74.39,44.56,4.08
5,219.09,0.021,0.997,98.49,0.0,-1.88,219.09,0.077,0.94,90.35,0.1,-6.56,219.09,0.716,0.817,48.18,15.54,-55.3,264.09,0.544,0.639,39.41,34.33,-42.64,39.09,0.948,0.849,65.71,18.25,69.08,6.91
5,335.71,0.152,0.1,7.68,1.58,-0.39,335.71,0.272,0.169,13.47,6.63,-1.02,335.71,0.693,0.786,48.29,58.94,-0.55,305.71,0.771,0.572,35.89,56.64,-30.99,335.71,0.2,0.5,45.95,12.02,-1.91,4.85
5,94.34,0.201,0.128,11.94,-3.35,3.87,94.34,0.187,0.142,13.68,-3.41,3.93,94.34,0.589,0.872,81.52,-44.99,55.75,49.34,0.517,0.607,58.38,-3.74,36.74,304.34,0.823,0.931,57.14,86.23,-48.29,8.03
5,214.48,0.175,0.143,12.55,-0.26,-2.9,214.48,0.291,0.178,14.84,-0.34,-5.83,214.48,0.529,0.747,54.65,1.99,-34.76,169.48,0.417,0.579,56.91,-22.58,-0.54,34.48,0.941,0.816,59.96,25.5,64.38,9.85
5,135.52,0.273,0.057,3.95,-1.66,0.89,135.52,0.211,0.217,21.88,-7.0,3.82,135.52,0.54,0.762,70.99,-47.41,30.14,180.52,0.477,0.568,55.66,-21.44,-7.04,285.52,0.847,0.861,46.12,76.62,-64.5,6.95
5,284.74,0.166,0.147,12.61,3.73,-3.39,284.74,0.11,0.126,11.02,2.15,-1.97,284.74,0.781,0.866,47.91,73.29,-62.3,314.74,0.538,0.701,49.54,48.19,-21.43,134.74,0.94,0.934,82.81,-78.42,65.0,5.65
5,125.29,0.9,0.9,79.99,-77.47,70.89,252.32,0.012,0.91,91.13,0.68,-1.27,252.32,0.814,0.808,32.41,58.97,-79.65,207.32,0.523,0.515,40.9,-3.88,-21.49,72.32,0.974,0.87,82.73,-37.57,80.82,3.37
5,176.64,0.047,0.966,96.17,-3.96,-1.02,176.64,0.049,0.971,96.58,-4.1,-1.05,176.64,0.752,0.709,66.9,-36.6,-6.37,146.64,0.585,0.734,68.6,-45.41,21.72,176.64,0.2,0.5,51.43,-9.46,-2.26,1.04
5,24.95,0.104,0.1,8.31,0.49,0.76,24.95,0.221,0.142,12.47,1.5,3.08,24.95,0.728,0.869,62.54,31.19,50.71,354.95,0.7,0.68,40.77,49.71,22.55,234.95,0.834,0.897,35.39,55.81,-87.8,6.41
5,304.59,0.165,0.054,3.53,1.02,-0.67,304.59,0.185,0.217,19.95,6.72,-4.28,304.59,0.818,0.61,37.74,61.88,-34.58,349.59,0.484,0.686,48.82,35.96,7.49,154.59,0.869,0.919,82.63,-65.3,29.19,6.27
5,285.55,0.231,0.085,5.57,2.61,-2.43,285.55,0.284,0.138,10.12,6.16,-5.45,285.55,0.624,0.712,44.86,53.22,-44.71,240.55,0.422,0.645,43.29,18.3,-37.41,75.55,0.971,0.981,91.27,-46.16,87.53,9.2
5,188.08,0.9,0.9,74.79,-30.93,-25.32,45.09,0.052,0.911,91.08,-0.57,4.81,45.09,0.657,0.77,68.64,0.93,53.06,15.09,0.735,0.719,47.53,38.65,38.88,225.09,0.892,0.972,42.7,46.0,-86.51,1.84
5,92.38,0.254,0.101,8.5,-2.63,3.51,92.38,0.117,0.183,18.75,-2.58,3.07,92.38,0.728,0.702,66.25,-43.35,56.18,47.38,0.685,0.799,71.96,-1.41,58.13,242.38,0.84,0.915,33.59,65.33,-93.49,6.42
5,6.11,0.127,0.075,5.36,0.8,0.43,6.11,0.254,0.183,15.36,4.8,2.71,6.11,0.655,0.648,41.9,39.39,26.85,51.11,0.594,0.529,51.35,-4.61,38.27,186.11,0.893,0.922,78.54,-34.79,-22.58,7.81
5,311.46,0.275,0.141,10.79,6.7,-3.63,311.46,0.228,0.14,11.27,5.5,-3.01,311.46,0.536,0.874,61.34,58.5,-28.81,281.46,0.573,0.655,42.3,44.25,-40.22,101.46,0.957,0.971,86.4,-75.83,81.68,7.36
5,357.69,0.016,0.994,98.39,1.33,0.39,357.69,0.036,0.953,93.45,3.02,0.89,357.69,0.596,0.751,48.37,46.22,21.19,327.69,0.666,0.704,44.75,54.24,-10.29,147.69,0.855,0.979,87.1,-72.44,41.69,5.93
5,173.86,0.1,0.4,42.32,-4.13,-0.75,173.86,0.1,0.4,42.32,-4.13,-0.75,173.86,0.1,0.4,42.32,-4.13,-0.75,143.86,0.1,0.4,42.17,-5.24,2.14,323.86,0.1,0.4,40.12,5.32,-2.02,1.0
5,324.22,0.3,0.132,9.46,6.37,-2.24,324.22,0.183,0.155,13.41,4.43,-1.62,324.22,0.81,0.753,44.37,65.88,-13.59,354.22,0.46,0.741,53.48,35.61,11.01,174.22,1.0,0.996,90.09,-54.7,-2.39,8.44
5,312.26,0.1,0.4,40.19,5.73,-3.14,312.26,0.1,0.4,40.19,5.73,-3.14,312.26,0.1,0.4,40.19,5.73,-3.14,282.26,0.1,0.4,39.97,5.0,-4.78,132.26,0.1,0.4,42.11,-5.65,3.25,1.0
5,41.78,0.113,0.062,4.54,-0.03,0.66,41.78,0.275,0.121,10.51,-0.07,4.27,41.78,0.777,0.831,69.44,7.99,62.54,71.78,0.775,0.697,68.33,-27.11,62.0,221.78,0.875,0.822,39.36,31.73,-70.38,7.33
5,185.33,0.236,0.052,3.65,-0.78,-0.42,185.33,0.255,0.141,13.05,-3.48,-1.79,185.33,0.763,0.634,57.14,-26.37,-14.6,155.33,0.537,0.782,73.39,-41.33,12.8,35.33,0.921,0.872,64.88,24.5,67.74,10.0
5,297.85,0.9,0.9,53.86,87.62,-57.23,183.27,0.018,0.931,93.51,-1.29,-0.58,183.27,0.551,0.716,67.06,-26.32,-11.33,213.27,0.58,0.606,43.56,1.42,-31.27,3.27,0.851,0.848,47.52,64.74,49.16,1.0
5,245.61,0.012,0.998,98.88,0.65,-1.46,245.61,0.028,0.975,95.57,1.46,-3.26,245.61,0.739,0.601,25.33,39.87,-59.92,215.61,0.532,0.541,39.61,2.25,-27.5,95.61,0.987,0.956,85.66,-70.96,81.84,5.34
5,268.59,0.011,0.967,96.28,0.93,-1.17,268.59,0.033,0.948,93.07,2.69,-3.4,268.59,0.84,0.676,30.22,56.94,-63.31,298.59,0.79,0.523,32.6,54.7,-35.32,118.59,0.903,0.829,74.21,-73.16,70.03,5.71
5,337.65,0.296,0.142,10.49,6.19,-0.71,337.65,0.274,0.128,9.27,5.21,-0.62,337.65,0.842,0.886,50.05,72.31,9.39,7.65,0.543,0.521,37.28,25.86,17.57,157.65,0.918,0.978,87.39,-67.87,27.44,7.24
5,37.91,0.034,0.95,94.66,0.11,2.87,37.91,0.001,0.962,96.62,0.0,0.1,37.91,0.53,0.692,60.98,5.6,36.13,352.91,0.422,0.687,51.38,30.73,8.09,187.91,0.912,0.912,75.73,-31.46,-25.51,3.09
5,108.73,0.234,0.055,3.88,-1.33,1.13,108.73,0.177,0.124,11.45,-3.52,3.11,108.73,0.643,0.626,58.87,-45.09,44.57,78.73,0.481,0.573,57.44,-19.64,34.51,108.73,0.2,0.5,51.13,-12.75,11.4,7.57
5,199.13,0.257,0.142,12.41,-2.02,-2.97,199.13,0.133,0.163,15.7,-1.22,-1.73,199.13,0.673,0.706,55.49,-12.57,-27.59,154.13,0.47,0.625,60.24,-31.14,9.72,199.13,0.2,0.5,49.07,-4.5,-6.59,5.99
5,298.63,0.019,0.973,96.4,2.36,-1.72,298.63,0.067,0.907,87.83,7.97,-5.75,298.63,0.738,0.773,49.41,71.39,-46.16,253.63,0.56,0.537,31.06,27.26,-40.44,148.63,0.893,0.891,79.99,-68.16,39.2,5.16
5,173.02,0.177,0.11,9.8,-2.47,-0.38,173.02,0.204,0.18,17.99,-4.3,-0.64,173.02,0.5,0.638,61.81,-27.25,-2.73,143.02,0.52,0.691,65.24,-40.33,20.79,23.02,0.844,0.956,63.4,44.4,61.99,9.46
5,107.9,0.016,0.989,98.7,-1.73,1.52,107.9,0.0,0.96,96.45,-0.05,0.04,107.9,0.824,0.87,78.4,-68.56,70.26,62.9,0.542,0.665,67.4,-14.5,46.11,287.9,0.994,0.976,50.71,89.23,-73.44,4.9
5,63.1,0.031,0.998,99.58,-1.5,3.74,63.1,0.056,0.91,91.63,-2.49,6.24,63.1,0.659,0.875,85.92,-20.5,68.03,93.1,0.533,0.632,61.32,-31.23,39.32,243.1,0.871,0.898,31.83,66.76,-93.87,5.03
5,166.58,0.036,0.965,96.22,-3.29,-0.07,166.58,0.037,0.918,92.01,-3.23,-0.06,166.58,0.809,0.618,58.22,-40.03,5.53,211.58,0.405,0.627,51.7,-1.87,-21.71,16.58,0.985,0.874,51.12,59.55,61.77,7.26
5,235.83,0.1,0.4,39.53,1.82,-5.51,235.83,0.1,0.4,39.53,1.82,-5.51,235.83,0.1,0.4,39.53,1.82,-5.51,265.83,0.1,0.4,39.71,3.92,-5.19,25.83,0.1,0.4,41.21,1.45,3.33,1.0
5,3.36,0.048,0.987,95.75,3.7,1.69,3.36,0.007,0.933,93.67,0.49,0.22,3.36,0.78,0.887,51.41,62.95,44.56,333.36,0.769,0.767,45.3,62.59,-1.56,153.36,0.999,0.86,77.39,-66.32,35.46,4.57
5,326.89,0.247,0.147,11.68,5.66,-1.78,326.89,0.279,0.142,10.7,6.19,-1.92,326.89,0.804,0.615,36.05,55.4,-8.71,11.89,0.579,0.776,54.98,34.3,28.98,176.89,0.81,0.832,77.26,-42.61,-7.47,4.62
5,319.76,0.1,0.4,40.15,5.47,-2.42,319.76,0.1,0.4,40.15,5.47,-2.42,319.76,0.1,0.4,40.15,5.47,-2.42,274.76,0.1,0.4,39.85,4.5,-4.97,109.76,0.1,0.4,42.2,-5.4,4.66,1.0
5,204.15,0.201,0.08,5.74,-0.56,-1.31,204.15,0.147,0.209,20.52,-1.22,-2.7,204.15,0.52,0.797,63.58,-8.38,-27.98,249.15,0.766,0.529,21.46,38.24,-54.88,24.15,0.977,0.828,52.74,45.53,61.26,10.0
5,92.1,0.1,0.4,42.44,-4.21,5.04,92.1,0.1,0.4,42.44,-4.21,5.04,92.1,0.1,0.4,42.44,-4.21,5.04,62.1,0.1,0.4,42.88,-2.16,5.72,242.1,0.1,0.4,39.35,2.38,-5.77,1.0
5,274.32,0.1,0.4,39.84,4.48,-4.98,274.32,0.1,0.4,39.84,4.48,-4.98,274.32,0.1,0.4,39.84,4.48,-4.98,319.32,0.1,0.4,40.15,5.48,-2.46,124.32,0.1,0.4,42.08,-5.93,4.02,1.0
5,225.93,0.048,0.962,93.53,0.72,-4.66,225.93,0.044,0.933,91.28,0.64,-4.13,225.93,0.717,0.681,36.35,22.49,-54.13,255.93,0.432,0.506,34.9,19.56,-29.28,45.93,0.949,0.941,78.43,6.34,79.25,3.74
5,301.62,0.273,0.08,5.03,3.23,-2.24,301.62,0.185,0.151,13.02,5.04,-3.4,301.62,0.534,0.08,3.85,5.59,-3.86,346.62,0.401,0.788,59.68,33.69,3.84,151.62,0.89,0.81,73.53,-61.58,31.63,4.47
5,67.43,0.9,0.9,86.61,-30.21,82.74,331.47,0.267,0.166,13.28,6.6,-1.53,331.47,0.545,0.881,59.97,53.84,-8.2,1.47,0.646,0.569,35.77,38.52,21.83,121.47,0.827,0.854,76.46,-72.97,67.45,1.0
5,201.96,0.1,0.4,41.23,-1.67,-2.98,201.96,0.1,0.4,41.23,-1.67,-2.98,201.96,0.1,0.4,41.23,-1.67,-2.98,156.96,0.1,0.4,42.23,-4.76,0.88,351.96,0.1,0.4,39.98,4.37,0.71,1.0
5,244.13,0.223,0.138,10.28,2.4,-5.26,244.13,0.176,0.21,18.51,2.67,-5.92,244.13,0.515,0.634,37.83,24.98,-44.51,274.13,0.428,0.625,45.3,29.31,-31.03,94.13,0.913,0.861,78.52,-61.34,74.58,7.01
5,97.63,0.033,0.952,95.16,-3.11,3.3,97.63,0.0,0.902,91.3,-0.01,0.01,97.63,0.68,0.767,71.59,-48.0,56.41,127.63,0.435,0.593,57.06,-33.7,23.91,277.63,0.931,0.926,43.27,80.05,-78.69,7.02
5,247.79,0.1,0.4,39.43,2.75,-5.63,247.79,0.1,0.4,39.43,2.75,-5.63,247.79,0.1,0.4,39.43,2.75,-5.63,277.79,0.1,0.4,39.9,4.7,-4.89,97.79,0.1,0.4,42.36,-4.6,4.92,1.0
5,113.27,0.1,0.4,42.15,-5.64,4.58,113.27,0.1,0.4,42.15,-5.64,4.58,113.27,0.1,0.4,42.15,-5.64,4.58,158.27,0.1,0.4,42.24,-4.71,0.75,323.27,0.1,0.4,40.13,5.35,-2.08,1.0
5,156.73,0.159,0.103,8.89,-2.4,0.46,156.73,0.111,0.219,22.83,-3.2,0.6,156.73,0.67,0.878,80.45,-52.88,17.15,201.73,0.762,0.665,48.85,-8.28,-31.94,156.73,0.2,0.5,51.19,-11.36,2.34,7.07
5,167.66,0.9,0.9,81.88,-55.26,7.92,250.89,0.247,0.188,14.93,4.09,-7.4,250.89,0.693,0.883,41.68,52.35,-75.27,205.89,0.542,0.673,52.94,-5.84,-26.62,100.89,0.859,0.821,74.74,-62.38,69.31,2.65
5,338.34,0.9,0.9,49.77,74.75,14.65,281.08,0.04,0.948,92.76,3.95,-3.9,281.08,0.606,0.661,41.29,46.9,-42.79,311.08,0.644,0.697,46.25,56.97,-27.49,71.08,0.944,0.885,84.3,-35.68,81.67,1.63
5,136.22,0.044,0.968,96.23,-4.98,2.56,136.22,0.069,0.94,93.24,-7.62,3.94,136.22,0.583,0.784,72.45,-51.35,32.91,181.22,0.576,0.651,62.22,-26.79,-9.35,286.22,0.848,0.947,50.95,82.94,-68.94,5.16
5,118.59,0.028,0.951,95.02,-3.39,2.49,118.59,0.059,0.913,91.0,-6.99,5.18,118.59,0.776,0.831,74.77,-69.18,64.35,73.59,0.677,0.731,71.47,-27.25,58.01,298.59,0.993,0.805,47.99,82.53,-52.98,5.77
5,121.29,0.049,0.995,98.38,-6.17,4.36,121.29,0.045,0.963,95.62,-5.62,3.97,121.29,0.864,0.673,61.33,-61.71,57.54,91.29,0.502,0.773,74.17,-33.72,43.92,331.29,0.876,0.942,53.06,78.61,-0.41,5.47
5,59.8,0.23,0.074,5.84,-0.84,2.3,59.8,0.176,0.169,17.35,-1.67,4.95,59.8,0.619,0.804,80.18,-15.58,60.97,104.8,0.798,0.72,66.3,-56.22,59.63,59.8,0.2,0.5,52.73,-4.56,13.87,7.65
5,138.15,0.9,0.9,80.27,-73.89,55.95,340.54,0.063,0.958,92.2,6.05,-0.54,340.54,0.76,0.89,51.97,68.13,9.84,310.54,0.447,0.512,39.24,32.18,-16.79,160.54,0.891,0.93,83.86,-62.34,20.26,1.0
5,32.79,0.019,0.971,96.81,0.26,1.49,32.79,0.072,0.969,94.84,1.07,5.68,32.79,0.576,0.767,63.67,12.42,39.83,347.79,0.75,0.767,44.82,58.72,18.39,212.79,0.997,0.952,49.15,25.1,-73.15,6.45
5,293.25,0.044,0.996,96.84,5.25,-4.16,293.25,0.041,0.952,93.26,4.69,-3.73,293.25,0.504,0.772,55.17,50.12,-36.9,263.25,0.64,0.788,42.8,48.36,-59.43,113.25,0.96,0.811,72.81,-71.74,70.43,4.77
5,261.01,0.002,0.956,95.99,0.11,-0.17,261.01,0.025,0.926,91.65,1.77,-2.64,261.01,0.86,0.805,32.9,63.94,-78.37,306.01,0.779,0.628,39.32,61.2,-33.13,111.01,0.998,0.956,84.49,-81.47,80.62,5.17
5,128.77,0.023,0.995,99.0,-2.81,1.72,128.77,0.004,0.963,96.62,-0.45,0.27,128.77,0.682,0.713,65.59,-55.62,43.44,83.77,0.554,0.56,55.46,-24.46,38.05,278.77,0.828,0.861,43.51,72.54,-68.79,7.71
5,240.05,0.001,0.97,97.24,0.05,-0.14,240.05,0.079,0.951,89.43,3.59,-9.35,240.05,0.634,0.675,33.15,33.99,-58.46,195.05,0.677,0.615,50.82,-15.4,-21.33,60.05,0.827,0.873,86.15,-18.94,80.07,5.53
5,216.24,0.023,0.958,94.98,-0.13,-1.93,216.24,0.069,0.904,87.88,-0.32,-5.44,216.24,0.608,0.633,43.03,5.11,-36.18,246.24,0.733,0.651,27.98,42.4,-63.34,6.24,0.916,0.925,51.33,70.02,58.84,8.48
5,209.99,0.9,0.9,52.78,10.75,-59.86,178.45,0.042,0.919,92.05,-3.34,-1.02,178.45,0.546,0.771,73.41,-31.33,-7.98,223.45,0.506,0.782,53.81,10.55,-41.15,328.45,0.896,0.992,55.77,83.21,-5.13,1.0
5,75.31,0.013,0.973,97.45,-0.81,1.41,75.31,0.005,0.944,95.03,-0.32,0.55,75.31,0.624,0.621,61.61,-23.72,47.34,120.31,0.712,0.511,47.77,-45.58,40.52,285.31,0.988,0.917,46.15,83.76,-72.53,5.32
5,223.34,0.02,0.957,94.99,0.18,-1.87,223.34,0.007,0.96,95.99,0.06,-0.66,223.34,0.595,0.854,53.58,15.62,-51.91,268.34,0.603,0.513,29.97,33.56,-38.35,223.34,0.2,0.5,46.08,1.54,-11.08,3.45
5,135.44,0.1,0.4,42.13,-5.54,2.95,135.44,0.1,0.4,42.13,-5.54,2.95,135.44,0.1,0.4,42.13,-5.54,2.95,165.44,0.1,0.4,42.27,-4.45,0.06,315.44,0.1,0.4,40.17,5.62,-2.83,1.0
5,118.6,0.208,0.122,11.03,-4.59,3.47,118.6,0.196,0.126,11.53,-4.44,3.35,118.6,0.507,0.664,62.57,-43.2,36.38,148.6,0.732,0.775,71.16,-54.87,27.37,328.6,0.838,0.918,52.73,76.64,-7.08,7.75
5,299.44,0.273,0.058,3.48,1.87,-1.35,299.44,0.13,0.133,11.71,3.18,-2.25,299.44,0.544,0.058,2.68,3.47,-2.51,329.44,0.711,0.638,39.3,52.25,-7.32,119.44,0.88,0.999,87.85,-84.12,80.11,4.8
5,355.86,0.242,0.093,6.19,2.6,0.66,355.86,0.203,0.208,18.37,5.11,1.38,355.86,0.883,0.767,41.85,63.34,41.12,310.86,0.447,0.617,47.05,37.37,-19.29,145.86,0.859,0.884,79.41,-68.03,41.37,8.34
5,151.55,0.209,0.065,4.76,-1.48,0.43,151.55,0.143,0.149,14.5,-3.1,0.88,151.55,0.654,0.875,80.01,-54.48,22.79,121.55,0.566,0.743,68.82,-51.93,43.12,301.55,0.947,0.912,55.14,90.01,-53.61,10.0
5,119.4,0.24,0.144,13.49,-6.16,4.64,119.4,0.156,0.218,22.31,-5.69,4.23,119.4,0.664,0.144,12.1,-15.95,12.18,164.4,0.535,0.587,56.64,-29.81,3.55,299.4,0.819,0.836,51.99,80.7,-51.0,3.82
5,106.63,0.288,0.145,13.55,-6.35,5.91,106.63,0.269,0.121,10.81,-5.1,4.72,106.63,0.511,0.603,57.91,-35.32,34.94,61.63,0.508,0.633,64.68,-12.62,41.98,286.63,0.911,0.987,51.78,87.95,-73.16,9.82
5,1.75,0.9,0.9,49.11,71.02,55.57,195.74,0.151,0.139,12.89,-1.42,-1.55,195.74,0.574,0.614,52.22,-14.01,-18.99,150.74,0.498,0.545,52.66,-30.19,11.43,345.74,0.85,0.901,50.14,71.93,25.32,1.0
5,128.28,0.9,0.9,80.03,-76.87,68.11,283.59,0.008,0.966,96.45,0.82,-0.77,283.59,0.702,0.756,44.04,60.6,-52.56,238.59,0.733,0.787,33.77,46.13,-74.34,103.59,0.826,0.811,73.84,-62.22,66.96,1.44
5,119.6,0.1,0.4,42.06,-6.06,4.45,119.6,0.1,0.4,42.06,-6.06,4.45,119.6,0.1,0.4,42.06,-6.06,4.45,89.6,0.1,0.4,42.48,-4.04,5.1,329.6,0.1,0.4,40.09,5.13,-1.46,1.0
5,321.66,0.003,0.96,96.3,0.37,-0.16,321.66,0.062,0.965,93.04,6.83,-2.86,321.66,0.7,0.96,59.57,74.07,-21.47,351.66,0.759,0.783,45.35,59.58,25.04,171.66,0.939,0.983,88.92,-56.09,1.84,2.91
5,293.34,0.251,0.127,9.58,5.57,-4.3,293.34,0.158,0.196,18.16,5.03,-3.93,293.34,0.549,0.632,44.11,46.2,-33.81,263.34,0.72,0.741,36.49,51.97,-62.82,143.34,0.866,0.895,80.19,-70.2,46.01,8.33
5,319.05,0.9,0.9,51.88,80.48,-22.37,196.26,0.182,0.123,10.79,-1.5,-1.72,196.26,0.56,0.754,63.28,-15.74,-22.34,226.26,0.582,0.742,46.06,16.55,-47.66,346.26,0.875,0.984,54.15,77.82,30.73,1.0
5,58.07,0.9,0.9,86.76,-16.44,83.69,128.14,0.002,0.94,94.65,-0.27,0.17,128.14,0.859,0.839,75.18,-71.64,62.19,98.14,0.515,0.73,69.72,-36.93,42.15,308.14,0.957,0.83,49.02,80.86,-38.97,2.45
5,266.1,0.186,0.078,5.13,1.36,-1.87,266.1,0.162,0.134,11.01,2.55,-3.34,266.1,0.831,0.643,28.19,53.52,-61.6,221.1,0.576,0.728,48.1,10.21,-42.35,116.1,0.871,0.944,83.63,-79.2,76.41,6.12
5,117.43,0.01,0.991,98.97,-1.27,0.95,117.43,0.034,0.936,93.53,-3.99,2.99,117.43,0.72,0.779,70.83,-62.69,57.75,162.43,0.778,0.608,57.19,-40.82,9.41,327.43,0.858,0.835,47.82,72.19,-8.04,6.55
5,251.72,0.029,0.973,95.35,1.78,-3.35,251.72,0.021,0.973,95.97,1.27,-2.39,251.72,0.585,0.685,37.96,34.59,-52.05,281.72,0.748,0.724,40.07,60.51,-54.26,101.72,0.838,0.841,76.42,-63.21,69.62,3.27
5,78.45,0.013,0.997,99.6,-0.88,1.41,78.45,0.039,0.968,96.71,-2.65,4.27,78.45,0.586,0.652,64.24,-25.54,46.08,123.45,0.485,0.705,66.34,-43.58,33.97,228.45,0.813,0.983,44.58,45.34,-85.06,7.45
5,295.2,0.286,0.109,7.49,4.89,-3.91,295.2,0.16,0.198,18.31,5.24,-3.95,295.2,0.568,0.628,43.66,48.19,-33.96,325.2,0.557,0.566,39.18,39.63,-10.71,145.2,0.991,0.975,86.26,-77.87,54.08,7.26
5,97.33,0.014,0.982,98.19,-1.33,1.41,97.33,0.062,0.979,97.06,-5.85,6.28,97.33,0.888,0.874,79.32,-63.87,74.24,67.33,0.793,0.518,52.43,-18.32,50.55,97.33,0.2,0.5,51.48,-10.9,11.95,2.48
5,170.91,0.179,0.087,7.09,-1.84,-0.2,170.91,0.266,0.187,18.6,-5.87,-0.53,170.91,0.875,0.734,68.29,-44.3,1.6,140.91,0.615,0.787,72.59,-52.01,30.25,320.91,0.968,0.837,47.35,76.44,-16.07,8.32
5,317.82,0.182,0.119,9.42,3.64,-1.69,317.82,0.272,0.157,12.47,6.99,-3.16,317.82,0.605,0.651,43.86,49.46,-19.0,2.82,0.495,0.576,41.33,28.61,15.11,167.82,0.979,0.902,81.85,-56.71,9.34,7.93
5,58.37,0.164,0.128,12.31,-1.15,3.56,58.37,0.143,0.215,22.65,-1.56,4.83,58.37,0.697,0.632,63.6,-12.27,54.64,13.37,0.495,0.562,43.31,20.96,18.75,208.37,0.837,0.867,54.57,3.9,-52.22,9.72
5,358.63,0.034,0.981,96.01,2.89,0.92,358.63,0.079,0.905,86.54,6.37,2.08,358.63,0.53,0.768,52.08,41.68,18.65,43.63,0.661,0.68,60.42,2.35,47.42,208.63,0.833,0.934,58.41,4.64,-55.62,6.29
5,106.6,0.233,0.105,8.95,-3.91,3.23,106.6,0.285,0.124,11.07,-5.49,5.11,106.6,0.688,0.105,8.04,-9.8,8.2,151.6,0.548,0.569,54.51,-33.62,12.7,286.6,0.88,0.962,51.18,85.36,-70.71,3.6
5,6.34,0.018,0.969,96.18,1.22,0.68,6.34,0.006,0.965,96.55,0.42,0.24,6.34,0.662,0.747,47.99,44.51,30.89,36.34,0.494,0.547,49.05,5.03,27.17,186.34,0.845,0.993,84.24,-36.37,-23.61,3.26
5,106.18,0.101,0.127,12.04,-1.99,1.82,106.18,0.136,0.125,11.74,-2.64,2.42,106.18,0.87,0.838,75.63,-67.42,70.24,61.18,0.563,0.654,66.53,-13.55,47.43,286.18,0.981,0.909,46.36,83.51,-70.96,6.36
5,328.12,0.043,0.957,93.46,4.46,-1.42,328.12,0.074,0.901,86.72,7.45,-2.34,328.12,0.829,0.684,39.6,60.8,-7.06,13.12,0.613,0.529,37.48,25.74,23.13,178.12,0.957,0.993,90.39,-49.79,-10.38,5.3
5,149.16,0.9,0.9,80.7,-68.6,39.03,349.61,0.04,0.979,95.51,3.63,0.36,349.61,0.528,0.809,55.15,44.85,10.26,319.61,0.731,0.612,37.96,53.95,-17.53,169.61,0.918,0.951,86.13,-56.26,5.18,1.0
5,349.87,0.042,0.972,94.74,3.83,0.41,349.87,0.053,0.963,93.21,4.78,0.51,349.87,0.51,0.777,53.81,41.87,9.49,34.87,0.657,0.748,61.34,12.54,45.86,139.87,0.821,0.999,88.51,-76.24,52.74,1.23
5,284.72,0.029,0.974,95.79,3.07,-2.83,284.72,0.068,0.936,89.94,7.01,-6.44,284.72,0.879,0.604,31.22,58.87,-50.37,254.72,0.779,0.511,21.1,39.16,-52.62,74.72,0.919,0.973,90.99,-43.26,86.28,6.09
5,183.17,0.1,0.4,42.19,-3.58,-1.57,183.17,0.1,0.4,42.19,-3.58,-1.57,183.17,0.1,0.4,42.19,-3.58,-1.57,213.17,0.1,0.4,40.66,-0.53,-3.82,33.17,0.1,0.4,41.57,0.7,3.85,1.0
5,78.49,0.1,0.4,42.64,-3.29,5.35,78.49,0.1,0.4,42.64,-3.29,5.35,78.49,0.1,0.4,42.64,-3.29,5.35,33.49,0.1,0.4,41.59,0.67,3.88,288.49,0.1,0.4,40.07,5.41,-4.62,1.0
5,115.1,0.223,0.1,8.3,-3.21,2.73,115.1,0.242,0.153,14.58,-6.23,5.02,115.1,0.548,0.648,61.05,-43.66,38.86,70.1,0.504,0.632,63.62,-17.34,40.28,325.1,0.843,0.936,54.02,79.07,-13.36,10.0
5,206.74,0.02,0.992,98.39,-0.53,-1.43,206.74,0.033,0.936,92.82,-0.82,-2.22,206.74,0.737,0.637,44.36,-2.41,-34.75,176.74,0.552,0.504,49.4,-23.09,-4.67,26.74,0.937,0.819,54.85,38.66,60.73,7.53
5,10.0,0.294,0.093,6.1,2.31,1.53,10.0,0.179,0.124,10.16,2.08,1.49,10.0,0.548,0.882,62.46,37.79,28.97,55.0,0.426,0.669,66.71,-7.63,35.3,190.0,0.918,0.949,76.22,-28.64,-29.89,10.0
5,222.51,0.258,0.11,7.86,0.46,-3.67,222.51,0.24,0.163,13.49,0.63,-5.15,222.51,0.87,0.751,35.59,30.19,-65.94,252.51,0.589,0.538,29.66,28.67,-42.77,42.51,0.846,0.815,67.6,8.58,65.67,6.47
5,332.76,0.154,0.068,4.57,1.16,-0.27,332.76,0.144,0.128,10.88,2.79,-0.64,332.76,0.681,0.864,53.5,63.51,-4.89,302.76,0.446,0.563,43.49,36.28,-22.59,332.76,0.2,0.5,45.99,12.25,-2.61,5.68
5,47.0,0.121,0.093,7.95,-0.25,1.61,47.0,0.155,0.137,13.05,-0.43,3.06,47.0,0.705,0.835,74.4,-0.7,61.42,92.0,0.603,0.515,50.36,-28.89,37.45,257.0,0.946,0.911,33.16,73.33,-93.57,6.64
5,153.91,0.022,0.954,95.5,-2.15,0.49,153.91,0.062,0.92,91.72,-5.97,1.4,153.91,0.781,0.743,68.39,-52.61,22.02,183.91,0.415,0.628,60.45,-18.84,-8.56,3.91,0.849,0.934,52.46,69.18,53.23,5.39
5,239.68,0.104,0.063,4.28,0.3,-0.82,239.68,0.24,0.173,13.42,2.84,-6.98,239.68,0.613,0.654,33.32,31.1,-54.97,209.68,0.401,0.578,48.52,-2.89,-19.27,89.68,0.974,0.826,75.91,-57.26,74.0,6.68
5,281.34,0.9,0.9,44.69,79.15,-72.5,143.48,0.231,0.18,17.7,-6.19,2.66,143.48,0.755,0.669,61.86,-51.85,30.75,113.48,0.567,0.587,55.63,-40.77,37.19,353.48,0.892,0.952,51.84,75.42,46.01,1.0
5,221.03,0.042,0.988,96.37,0.2,-3.89,221.03,0.076,0.978,93.45,0.41,-6.89,221.03,0.809,0.686,35.78,21.25,-55.9,191.03,0.755,0.676,56.86,-21.28,-21.06,41.03,0.883,0.84,67.75,12.37,67.84,7.24
5,38.19,0.205,0.111,9.48,0.17,2.67,38.19,0.3,0.134,11.7,0.38,5.12,38.19,0.745,0.743,61.05,11.11,53.27,8.19,0.54,0.589,42.29,28.04,19.57,248.19,0.955,0.98,33.27,76.74,-103.31,6.02
5,49.99,0.127,0.07,5.37,-0.22,1.04,49.99,0.215,0.149,14.38,-0.88,4.77,49.99,0.647,0.879,80.62,-5.17,61.52,19.99,0.701,0.553,39.36,24.95,31.46,49.99,0.2,0.5,51.54,-2.19,12.22,7.52
5,218.0,0.185,0.101,7.73,0.0,-2.14,218.0,0.266,0.213,18.39,0.19,-6.62,218.0,0.792,0.828,46.17,18.54,-60.11,248.0,0.476,0.742,47.02,27.04,-45.89,218.0,0.2,0.5,46.73,0.2,-10.09,4.62
5,46.95,0.216,0.104,8.84,-0.45,3.0,46.95,0.289,0.189,18.59,-0.86,7.56,46.95,0.618,0.104,7.89,-0.68,7.41,91.95,0.497,0.779,74.68,-34.06,43.73,256.95,0.913,0.821,30.53,66.46,-84.75,1.0
5,275.2,0.9,0.9,41.59,76.5,-77.7,227.59,0.04,0.94,92.1,0.72,-3.89,227.59,0.77,0.634,30.76,26.72,-56.17,197.59,0.733,0.685,53.6,-13.84,-27.43,47.59,0.993,0.916,77.53,4.01,79.43,2.73
5,284.11,0.002,0.973,97.49,0.25,-0.24,284.11,0.074,0.979,93.27,7.82,-7.26,284.11,0.577,0.861,55.5,57.02,-49.32,254.11,0.44,0.638,43.21,23.65,-36.43,284.11,0.2,0.5,45.76,12.5,-11.39,5.95
5,163.43,0.9,0.9,81.56,-58.76,15.1,322.48,0.063,0.978,94.1,6.94,-2.81,322.48,0.803,0.663,39.35,59.88,-14.8,292.48,0.61,0.767,50.64,58.73,-43.37,112.48,0.875,0.859,76.93,-72.31,71.33,3.02
5,343.28,0.1,0.4,40.02,4.66,-0.13,343.28,0.1,0.4,40.02,4.66,-0.13,343.28,0.1,0.4,40.02,4.66,-0.13,298.28,0.1,0.4,40.22,6.05,-4.37,163.28,0.1,0.4,42.26,-4.53,0.27,1.0
5,227.09,0.049,0.952,92.52,0.86,-4.86,227.09,0.013,0.914,91.55,0.22,-1.28,227.09,0.679,0.612,33.67,19.72,-48.06,182.09,0.494,0.654,62.64,-23.52,-9.01,47.09,0.922,0.868,74.27,3.13,74.7,5.95
5,227.08,0.102,0.13,11.55,0.35,-1.93,227.08,0.113,0.172,16.18,0.51,-2.73,227.08,0.796,0.673,31.86,29.29,-60.25,197.08,0.516,0.708,60.33,-13.74,-20.32,17.08,0.941,0.84,50.36,54.5,58.34,5.36
5,357.66,0.201,0.137,11.08,3.49,1.09,357.66,0.281,0.171,13.45,6.04,1.97,357.66,0.52,0.779,53.22,41.55,17.42,27.66,0.553,0.503,41.58,11.73,25.03,147.66,0.912,0.821,74.15,-65.01,39.05,9.41
5,51.82,0.1,0.4,42.5,-1.19,5.19,51.82,0.1,0.4,42.5,-1.19,5.19,51.82,0.1,0.4,42.5,-1.19,5.19,96.82,0.1,0.4,42.38,-4.53,4.94,231.82,0.1,0.4,39.73,1.4,-5.21,1.0
5,306.3,0.9,0.9,53.92,85.82,-44.72,32.14,0.12,0.148,14.11,0.42,1.96,32.14,0.649,0.631,51.32,13.31,38.1,2.14,0.501,0.555,39.51,28.53,14.63,182.14,0.917,0.901,80.88,-40.61,-16.28,1.0
5,349.48,0.294,0.141,10.26,5.62,0.74,349.48,0.172,0.157,13.6,3.54,0.4,349.48,0.841,0.819,45.63,65.9,28.98,319.48,0.424,0.689,52.74,37.06,-14.53,199.48,0.916,0.889,62.16,-10.0,-43.44,8.77
5,357.13,0.229,0.08,5.18,1.88,0.53,357.13,0.21,0.214,18.91,5.38,1.63,357.13,0.761,0.08,2.62,5.05,1.46,312.13,0.754,0.621,38.7,57.68,-25.9,207.13,0.808,0.904,58.91,0.53,-50.6,4.38
5,58.4,0.033,1.0,99.71,-1.32,3.89,58.4,0.022,0.937,94.25,-0.84,2.45,58.4,0.512,0.73,73.13,-11.82,46.92,103.4,0.462,0.658,63.4,-33.21,34.26,268.4,0.866,0.922,40.57,73.96,-82.65,6.65
5,304.95,0.129,0.113,9.32,2.66,-1.71,304.95,0.103,0.145,13.31,2.61,-1.68,304.95,0.737,0.737,47.07,67.51,-37.83,334.95,0.494,0.685,48.96,39.35,-4.02,154.95,0.856,0.937,84.14,-65.58,28.46,8.04
5,147.87,0.24,0.136,12.63,-4.92,1.77,147.87,0.292,0.143,13.3,-6.23,2.29,147.87,0.742,0.68,63.02,-50.22,25.77,102.87,0.638,0.776,72.2,-49.63,53.34,297.87,0.929,0.978,58.03,94.11,-61.45,8.35
5,22.37,0.036,0.986,97.17,1.29,2.26,22.37,0.014,0.953,95.26,0.49,0.87,22.37,0.612,0.678,51.52,22.6,32.97,52.37,0.724,0.792,74.1,-7.31,63.49,172.37,0.865,0.891,81.6,-50.0,-0.48,2.97
5,286.95,0.039,0.963,94.16,4.22,-3.74,286.95,0.016,0.97,96.32,1.71,-1.52,286.95,0.724,0.614,36.11,53.86,-43.91,256.95,0.555,0.584,34.45,30.09,-42.18,286.95,0.2,0.5,45.88,12.94,-11.2,7.43
5,232.45,0.111,0.139,12.38,0.67,-2.41,232.45,0.165,0.183,16.25,1.31,-4.55,232.45,0.866,0.843,33.2,51.94,-83.58,277.45,0.755,0.526,27.56,45.75,-44.19,52.45,0.962,0.922,82.99,-6.11,82.69,5.88
5,107.13,0.252,0.091,7.31,-3.33,2.9,107.13,0.125,0.194,19.89,-3.58,3.23,107.13,0.865,0.709,64.93,-59.54,61.48,152.13,0.529,0.626,59.79,-35.13,12.79,107.13,0.2,0.5,51.18,-12.5,11.47,6.99
5,357.1,0.9,0.9,48.84,72.13,50.96,279.83,0.245,0.194,16.2,6.6,-6.5,279.83,0.572,0.723,46.27,47.16,-44.13,249.83,0.797,0.715,28.63,51.62,-71.96,69.83,0.982,0.868,83.04,-34.04,81.44,1.99
5,282.84,0.041,0.97,94.64,4.17,-3.98,282.84,0.043,0.943,92.16,4.35,-4.15,282.84,0.588,0.635,40.77,44.88,-39.73,327.84,0.709,0.783,48.23,61.78,-10.47,72.84,0.837,0.941,89.1,-37.42,81.71,2.26
5,316.42,0.047,0.993,96.35,5.51,-2.74,316.42,0.032,0.951,93.67,3.62,-1.81,316.42,0.686,0.71,45.43,58.92,-22.95,286.42,0.602,0.617,39.9,46.3,-38.35,136.42,0.903,0.837,75.08,-70.52,55.17,6.57
5,249.76,0.01,0.968,96.47,0.55,-1.09,249.76,0.027,0.979,96.02,1.59,-3.15,249.76,0.883,0.968,35.36,72.72,-98.16,294.76,0.655,0.764,49.65,63.15,-44.46,69.76,0.854,0.904,86.57,-32.66,80.72,2.8
5,275.42,0.008,0.999,99.38,0.71,-0.79,275.42,0.026,0.973,95.89,2.38,-2.62,275.42,0.765,0.999,51.3,75.9,-75.86,305.42,0.544,0.741,52.72,53.6,-30.86,65.42,0.829,0.958,92.26,-27.75,84.57,4.8
5,147.32,0.233,0.078,5.94,-2.31,0.84,147.32,0.268,0.141,13.08,-5.66,2.11,147.32,0.816,0.855,77.27,-63.83,35.76,192.32,0.651,0.575,49.49,-16.92,-17.48,147.32,0.2,0.5,51.08,-12.22,4.52,6.78
5,338.19,0.047,0.968,94.08,4.67,-0.64,338.19,0.001,0.944,95.01,0.08,-0.01,338.19,0.865,0.637,35.57,56.6,8.31,308.19,0.634,0.563,37.9,48.15,-25.42,158.19,0.977,0.974,86.98,-68.81,28.89,4.67
5,138.79,0.9,0.9,80.29,-73.64,55.05,95.29,0.24,0.199,20.11,-5.89,6.73,95.29,0.571,0.636,61.2,-34.55,41.88,50.29,0.453,0.528,52.07,-3.9,29.19,275.29,0.96,0.934,41.72,80.16,-82.44,2.2
5,159.79,0.01,0.992,99.07,-0.98,0.11,159.79,0.02,0.933,93.7,-1.9,0.22,159.79,0.663,0.992,89.92,-56.0,14.59,204.79,0.4,0.597,51.53,-5.84,-17.52,9.79,0.91,0.886,50.47,64.02,57.15,4.73
5,46.31,0.049,0.951,94.73,-0.67,4.72,46.31,0.009,0.925,93.16,-0.13,0.89,46.31,0.704,0.665,60.04,0.03,50.71,76.31,0.639,0.783,75.82,-29.9,57.99,256.31,0.976,0.989,35.18,78.8,-101.37,7.31
5,166.22,0.139,0.074,5.71,-1.12,-0.01,166.22,0.292,0.122,10.89,-4.67,0.08,166.22,0.645,0.612,58.3,-34.73,3.59,196.22,0.582,0.597,50.53,-13.4,-19.13,316.22,0.92,0.869,50.31,79.83,-26.45,9.66
5,145.64,0.037,0.958,95.53,-3.87,1.43,145.64,0.01,0.967,96.89,-1.04,0.38,145.64,0.636,0.958,86.7,-60.29,31.11,190.64,0.703,0.522,45.27,-17.57,-15.93,295.64,0.931,0.982,56.81,93.12,-64.08,4.13
5,312.83,0.1,0.4,40.18,5.71,-3.09,312.83,0.1,0.4,40.18,5.71,-3.09,312.83,0.1,0.4,40.18,5.71,-3.09,267.83,0.1,0.4,39.74,4.05,-5.14,102.83,0.1,0.4,42.29,-4.94,4.81,1.0
5,161.96,0.155,0.148,14.42,-3.08,0.28,161.96,0.209,0.21,21.28,-5.53,0.56,161.96,0.734,0.807,74.44,-49.57,11.53,191.96,0.657,0.754,63.9,-21.3,-21.55,11.96,0.824,0.863,52.3,55.03,50.56,9.03
5,27.75,0.217,0.124,10.55,1.07,2.85,27.75,0.287,0.125,10.12,1.48,3.53,27.75,0.81,0.64,46.41,24.45,45.32,357.75,0.536,0.626,42.6,35.79,15.2,207.75,0.931,0.9,53.99,7.68,-57.95,4.66
5,79.68,0.033,0.973,97.18,-2.33,3.64,79.68,0.02,0.903,91.16,-1.34,2.08,79.68,0.856,0.839,79.05,-42.73,73.88,124.68,0.622,0.611,57.1,-47.04,38.01,229.68,0.875,0.969,39.82,53.86,-90.83,5.77
5,248.24,0.017,0.95,94.3,0.93,-1.94,248.24,0.064,0.978,93.03,3.65,-7.46,248.24,0.893,0.727,25.31,58.14,-79.33,293.24,0.713,0.582,36.23,53.6,-38.76,38.24,0.82,0.905,71.55,15.85,67.18,6.21
5,133.11,0.9,0.9,80.13,-75.62,62.66,292.76,0.111,0.132,11.76,2.48,-1.97,292.76,0.83,0.884,51.3,81.19,-59.18,337.76,0.57,0.658,44.28,43.0,-0.88,142.76,0.877,0.952,84.69,-74.34,49.98,1.4
5,130.07,0.233,0.057,4.05,-1.51,0.91,130.07,0.157,0.162,16.0,-4.24,2.59,130.07,0.843,0.769,69.56,-66.04,55.19,85.07,0.434,0.689,67.87,-23.96,35.49,280.07,0.987,0.842,39.45,76.31,-72.79,8.01
5,145.96,0.156,0.101,8.63,-2.51,0.95,145.96,0.153,0.13,12.25,-3.08,1.17,145.96,0.82,0.811,73.56,-62.04,36.28,115.96,0.629,0.708,65.59,-52.58,47.64,325.96,0.958,0.955,53.3,82.54,-7.21,9.71
5,27.38,0.021,0.992,98.45,0.53,1.48,27.38,0.025,0.939,93.6,0.62,1.72,27.38,0.695,0.785,59.17,23.88,45.91,357.38,0.661,0.794,48.68,53.27,26.24,207.38,0.885,0.859,53.45,4.2,-52.95,7.14
5,164.97,0.042,0.995,98.76,-3.99,0.06,164.97,0.051,0.929,92.74,-4.58,0.08,164.97,0.8,0.688,64.2,-44.2,7.9,134.97,0.458,0.56,54.01,-32.21,19.82,314.97,0.976,0.915,52.59,84.25,-28.65,6.33
5,22.42,0.252,0.097,7.17,1.33,2.06,22.42,0.22,0.163,14.58,1.95,3.26,22.42,0.527,0.822,64.5,21.86,32.64,337.42,0.658,0.556,35.02,42.64,0.18,232.42,0.911,0.921,34.49,60.31,-92.82,7.22
5,74.01,0.116,0.095,8.24,-0.35,1.56,74.01,0.202,0.154,15.33,-2.66,4.95,74.01,0.665,0.765,74.45,-28.25,59.24,104.01,0.66,0.675,63.37,-46.27,49.01,254.01,0.86,0.949,36.68,70.96,-93.21,7.23
5,160.87,0.9,0.9,81.38,-60.76,19.47,165.41,0.158,0.197,20.07,-3.88,0.08,165.41,0.826,0.868,79.3,-53.53,9.62,120.41,0.573,0.615,57.72,-45.33,38.26,315.41,0.864,0.835,49.22,76.4,-27.81,1.0
5,59.2,0.245,0.068,5.28,-0.75,2.11,59.2,0.295,0.157,15.69,-2.41,7.72,59.2,0.665,0.068,5.1,-1.76,4.96,104.2,0.676,0.582,55.11,-41.96,44.37,239.2,0.921,0.929,31.35,70.88,-99.22,1.32
5,20.07,0.202,0.07,4.79,0.66,0.9,20.07,0.256,0.188,16.79,2.97,4.12,20.07,0.539,0.785,60.44,23.96,30.98,335.07,0.641,0.67,42.86,48.97,-2.41,230.07,0.83,0.998,43.01,51.2,-89.72,8.1
5,353.32,0.147,0.145,12.68,2.74,0.54,353.32,0.23,0.125,9.43,3.82,0.8,353.32,0.634,0.145,6.8,11.71,3.07,38.32,0.441,0.687,62.48,3.66,30.0,173.32,0.958,0.855,78.52,-49.08,-1.04,4.56
5,300.82,0.04,0.957,93.77,4.99,-3.49,300.82,0.053,0.96,93.2,6.66,-4.65,300.82,0.521,0.627,45.9,46.13,-29.4,255.82,0.77,0.561,23.97,42.02,-55.77,90.82,0.912,0.806,74.35,-55.08,71.31,3.62
5,68.72,0.103,0.082,6.82,-0.63,1.28,68.72,0.13,0.175,18.01,-1.7,3.63,68.72,0.86,0.806,78.32,-28.71,74.32,23.72,0.786,0.595,41.94,26.52,39.72,248.72,0.898,0.985,35.23,74.41,-100.74,7.4
5,355.42,0.228,0.099,6.89,2.8,0.68,355.42,0.203,0.18,15.59,4.54,1.17,355.42,0.849,0.644,35.44,54.33,32.14,325.42,0.631,0.623,40.73,47.61,-11.69,175.42,0.904,0.806,74.72,-44.36,-4.82,6.64
5,143.59,0.028,0.985,98.1,-3.02,1.21,143.59,0.005,0.928,93.53,-0.49,0.19,143.59,0.792,0.805,73.16,-61.64,37.73,188.59,0.546,0.658,59.65,-20.3,-14.23,143.59,0.2,0.5,51.04,-12.55,5.39,3.12
5,318.29,0.188,0.132,10.85,4.13,-1.88,318.29,0.271,0.16,12.73,7.04,-3.13,318.29,0.898,0.855,49.49,77.62,-22.95,3.29,0.799,0.572,32.8,45.23,31.76,168.29,0.989,0.884,80.44,-55.6,8.53,8.62
5,348.93,0.1,0.4,39.99,4.47,0.42,348.93,0.1,0.4,39.99,4.47,0.42,348.93,0.1,0.4,39.99,4.47,0.42,303.93,0.1,0.4,40.23,6.03,-3.95,198.93,0.1,0.4,41.39,-1.98,-2.75,1.0
5,336.27,0.9,0.9,49.94,75.22,10.5,359.25,0.208,0.129,10.04,3.39,1.2,359.25,0.511,0.709,48.98,37.48,16.98,44.25,0.6,0.792,70.87,1.12,49.52,179.25,0.931,0.853,78.99,-43.0,-11.2,1.0
5,40.1,0.034,0.961,95.65,-0.04,3.01,40.1,0.038,0.904,90.53,-0.04,3.2,40.1,0.897,0.734,58.99,12.83,61.07,355.1,0.685,0.719,43.52,51.03,22.9,250.1,0.983,0.866,28.77,70.78,-94.3,7.7
5,152.34,0.284,0.143,13.3,-5.86,1.7,152.34,0.257,0.13,11.86,-4.89,1.4,152.34,0.51,0.641,61.26,-34.65,12.32,197.34,0.672,0.682,54.82,-14.21,-25.15,2.34,0.829,0.951,53.32,70.43,51.67,7.16
5,28.69,0.046,0.982,96.68,1.06,3.35,28.69,0.026,0.961,95.56,0.58,1.87,28.69,0.681,0.982,73.97,26.01,54.82,58.69,0.481,0.754,75.5,-11.9,45.53,208.69,0.845,0.895,55.68,5.08,-54.52,2.83
5,221.01,0.14,0.061,4.14,0.05,-0.81,221.01,0.272,0.143,11.11,0.48,-5.11,221.01,0.508,0.793,55.53,8.26,-39.94,266.01,0.648,0.718,39.32,46.5,-54.64,71.01,0.922,0.967,91.34,-37.69,86.97,10.0
5,104.76,0.024,0.978,97.63,-2.52,2.34,104.76,0.045,0.962,95.79,-4.67,4.35,104.76,0.83,0.622,57.77,-51.28,54.42,149.76,0.483,0.554,53.61,-30.04,11.77,254.76,0.922,0.802,28.88,65.19,-84.63,9.02
5,343.4,0.9,0.9,49.42,73.76,24.83,355.86,0.195,0.197,17.42,4.69,1.26,355.86,0.717,0.885,52.18,62.44,31.14,25.86,0.537,0.655,53.21,15.61,29.25,205.86,0.954,0.905,55.49,4.82,-56.21,1.0
5,358.61,0.173,0.066,4.3,1.01,0.32,358.61,0.199,0.151,12.56,3.74,1.26,358.61,0.726,0.066,2.21,3.58,1.14,328.61,0.708,0.703,43.38,56.48,-8.82,148.61,0.964,0.99,87.69,-76.16,46.97,5.03
5,76.58,0.189,0.108,9.69,-1.96,3.1,76.58,0.134,0.191,19.87,-2.28,3.91,76.58,0.776,0.866,82.28,-37.6,72.52,31.58,0.577,0.542,45.57,10.19,29.52,226.58,0.861,0.961,42.54,45.61,-85.28,7.62
5,276.69,0.032,0.958,94.13,2.98,-3.19,276.69,0.074,0.929,88.89,6.75,-7.2,276.69,0.886,0.721,34.02,64.5,-63.69,231.69,0.429,0.666,46.94,12.82,-34.86,96.69,0.957,0.818,74.45,-62.72,72.17,5.55
5,108.05,0.004,0.997,99.61,-0.47,0.41,108.05,0.031,0.913,91.68,-3.17,2.79,108.05,0.557,0.722,67.86,-44.7,43.83,78.05,0.72,0.538,53.25,-25.48,47.01,318.05,0.927,0.884,50.8,80.27,-23.28,7.59
5,292.81,0.1,0.4,40.14,5.69,-4.51,292.81,0.1,0.4,40.14,5.69,-4.51,292.81,0.1,0.4,40.14,5.69,-4.51,247.81,0.1,0.4,39.43,2.75,-5.63,112.81,0.1,0.4,42.15,-5.61,4.59,1.0
5,132.45,0.9,0.9,80.11,-75.81,63.46,204.79,0.026,0.949,94.35,-0.77,-1.71,204.79,0.717,0.774,55.39,-5.68,-37.58,234.79,0.444,0.701,47.37,16.61,-39.38,354.79,0.85,0.986,54.31,75.9,45.57,1.83
5,169.18,0.016,0.97,97.08,-1.39,-0.11,169.18,0.063,0.911,91.0,-5.3,-0.39,169.18,0.601,0.637,60.92,-32.85,0.65,139.18,0.501,0.56,53.77,-33.91,19.2,349.18,0.978,0.976,52.36,78.95,47.23,6.24
5,16.88,0.282,0.058,3.6,0.76,0.8,16.88,0.201,0.171,15.47,2.41,2.72,16.88,0.835,0.874,55.04,49.77,54.05,61.88,0.717,0.638,64.7,-15.74,56.73,196.88,0.818,0.898,67.48,-17.02,-36.24,9.42
5,96.62,0.045,0.964,96.05,-4.16,4.52,96.62,0.023,0.934,93.74,-2.1,2.27,96.62,0.706,0.964,87.88,-58.48,70.03,126.62,0.436,0.765,72.02,-41.69,30.22,276.62,0.902,0.886,41.58,76.24,-75.71,4.66
5,194.81,0.147,0.101,8.4,-1.1,-1.13,194.81,0.216,0.137,12.28,-2.05,-2.13,194.81,0.732,0.736,59.31,-18.04,-26.06,239.81,0.792,0.55,20.34,39.33,-60.17,14.81,0.895,0.894,53.49,57.58,58.19,10.0
5,25.28,0.189,0.08,5.88,0.6,1.22,25.28,0.2,0.17,15.79,1.54,3.27,25.28,0.814,0.637,44.9,27.55,44.21,355.28,0.765,0.503,28.61,41.89,20.82,175.28,0.952,0.996,90.29,-53.0,-4.95,7.6
5,224.18,0.1,0.4,40.11,0.61,-4.64,224.18,0.1,0.4,40.11,0.61,-4.64,224.18,0.1,0.4,40.11,0.61,-4.64,194.18,0.1,0.4,41.63,-2.46,-2.4,44.18,0.1,0.4,42.12,-0.42,4.64,1.0
5,330.58,0.185,0.079,5.35,1.83,-0.48,330.58,0.236,0.145,11.53,5.19,-1.31,330.58,0.654,0.079,3.14,5.18,-1.07,300.58,0.789,0.78,49.31,75.19,-46.41,120.58,0.979,0.961,84.66,-83.34,80.12,4.8
5,139.45,0.048,0.957,95.14,-5.31,2.48,139.45,0.013,0.922,92.82,-1.37,0.63,139.45,0.687,0.654,60.82,-49.21,30.93,109.45,0.593,0.6,56.86,-41.21,39.89,289.45,0.965,0.919,49.11,85.69,-67.86,6.7
5,222.92,0.012,0.991,98.45,0.1,-1.17,222.92,0.005,0.976,97.59,0.04,-0.46,222.92,0.519,0.672,46.25,9.2,-36.94,192.92,0.522,0.731,64.0,-17.78,-18.05,42.92,0.886,0.951,77.46,10.38,76.16,4.61
5,256.91,0.197,0.138,10.9,2.75,-4.39,256.91,0.23,0.189,15.51,4.28,-6.75,256.91,0.807,0.138,3.5,9.11,-15.85,226.91,0.498,0.509,34.74,9.38,-30.19,76.91,0.927,0.913,85.52,-44.37,81.8,5.26
5,232.99,0.024,0.961,94.85,0.69,-2.53,232.99,0.003,0.943,94.72,0.1,-0.37,232.99,0.551,0.961,56.89,27.66,-61.73,277.99,0.725,0.772,42.28,60.46,-57.87,82.99,0.958,0.858,79.61,-50.79,77.15,1.93
5,195.75,0.9,0.9,67.0,-17.55,-37.34,110.02,0.076,0.961,94.99,-8.48,7.25,110.02,0.791,0.897,80.62,-69.9,69.98,155.02,0.46,0.798,75.42,-36.95,10.91,290.02,0.901,0.861,47.28,80.61,-62.47,1.0
5,224.88,0.016,0.975,96.78,0.2,-1.56,224.88,0.027,0.933,92.39,0.33,-2.51,224.88,0.793,0.865,42.84,32.17,-70.93,179.88,0.794,0.505,48.77,-27.17,-7.94,74.88,0.855,0.973,91.25,-41.65,84.09,4.62
5,188.61,0.1,0.4,41.91,-3.03,-1.98,188.61,0.1,0.4,41.91,-3.03,-1.98,188.61,0.1,0.4,41.91,-3.03,-1.98,158.61,0.1,0.4,42.24,-4.7,0.72,8.61,0.1,0.4,40.36,3.22,2.11,1.0
5,112.83,0.19,0.133,12.41,-4.23,3.49,112.83,0.129,0.19,19.36,-3.88,3.19,112.83,0.641,0.659,61.43,-48.89,45.97,82.83,0.605,0.576,56.77,-26.39,42.3,112.83,0.2,0.5,51.01,-13.41,11.21,6.44
5,166.79,0.036,0.976,97.17,-3.31,-0.08,166.79,0.006,0.904,91.35,-0.48,-0.01,166.79,0.549,0.689,65.7,-33.64,2.3,196.79,0.543,0.715,60.37,-14.43,-21.21,346.79,0.994,0.862,46.24,72.32,38.96,6.58
5,217.28,0.27,0.089,5.96,-0.01,-2.76,217.28,0.11,0.183,17.68,-0.06,-2.37,217.28,0.895,0.856,43.95,25.07,-67.85,172.28,0.765,0.705,66.29,-39.57,-1.23,217.28,0.2,0.5,46.82,0.01,-9.96,4.39
5,17.46,0.035,0.965,95.15,1.61,1.94,17.46,0.078,0.954,92.1,3.63,4.32,17.46,0.624,0.965,68.27,37.53,41.81,332.46,0.609,0.699,45.89,49.11,-5.61,227.46,0.93,0.945,38.03,53.79,-90.39,6.58
5,238.91,0.047,0.99,95.37,2.04,-5.63,238.91,0.034,0.968,94.5,1.42,-3.94,238.91,0.677,0.639,29.65,34.53,-58.69,283.91,0.607,0.613,38.92,45.3,-39.28,58.91,0.997,0.928,89.78,-18.28,88.39,3.69
5,118.16,0.027,0.995,98.92,-3.43,2.54,118.16,0.067,0.919,91.29,-7.89,5.89,118.16,0.708,0.995,88.42,-75.7,69.29,73.16,0.543,0.588,59.13,-19.11,40.3,268.16,0.998,0.995,39.77,82.25,-94.56,5.28
5,211.22,0.273,0.082,5.5,-0.35,-2.16,211.22,0.287,0.153,12.57,-0.76,-4.73,211.22,0.744,0.082,3.54,-0.41,-5.11,241.22,0.45,0.622,40.34,19.64,-38.76,31.22,0.979,0.978,67.14,38.5,72.9,5.1
5,109.46,0.254,0.079,6.05,-2.71,2.27,109.46,0.209,0.132,12.25,-4.42,3.87,109.46,0.639,0.612,57.58,-44.43,43.47,154.46,0.646,0.562,53.46,-37.01,13.11,319.46,0.879,0.912,52.77,80.59,-22.31,10.0
5,68.28,0.9,0.9,86.4,-31.41,82.49,308.06,0.278,0.144,11.05,7.01,-4.11,308.06,0.898,0.677,40.45,68.33,-33.71,353.06,0.418,0.715,53.58,31.43,8.36,98.06,0.851,0.935,84.39,-66.31,76.74,3.61
5,148.6,0.1,0.4,42.19,-5.07,1.68,148.6,0.1,0.4,42.19,-5.07,1.68,148.6,0.1,0.4,42.19,-5.07,1.68,178.6,0.1,0.4,42.34,-3.95,-1.2,358.6,0.1,0.4,39.95,4.15,1.36,1.0
5,146.19,0.26,0.079,5.98,-2.62,1.0,146.19,0.177,0.129,12.05,-3.53,1.33,146.19,0.637,0.892,81.35,-56.8,28.76,116.19,0.737,0.518,48.38,-45.75,42.52,356.19,0.842,0.924,51.1,71.68,44.8,9.0
5,129.94,0.034,0.998,99.0,-4.06,2.42,129.94,0.064,0.914,90.99,-7.26,4.37,129.94,0.612,0.829,75.81,-57.75,42.76,174.94,0.724,0.589,56.38,-32.0,-3.93,279.94,0.966,0.876,41.41,78.25,-74.51,5.75
5,225.66,0.1,0.4,40.03,0.76,-4.75,225.66,0.1,0.4,40.03,0.76,-4.75,225.66,0.1,0.4,40.03,0.76,-4.75,255.66,0.1,0.4,39.55,3.26,-5.44,75.66,0.1,0.4,42.68,-3.09,5.41,1.0
5,228.49,0.0,0.986,98.69,0.01,-0.05,228.49,0.061,0.965,92.79,1.27,-6.21,228.49,0.75,0.654,32.09,27.37,-57.05,183.49,0.602,0.661,61.77,-25.97,-11.47,228.49,0.2,0.5,45.45,2.86,-12.03,7.98
5,3.66,0.015,0.996,98.69,1.13,0.52,3.66,0.05,0.931,90.82,3.63,1.7,3.66,0.504,0.897,62.8,41.16,23.0,333.66,0.428,0.691,52.15,34.62,-5.05,183.66,0.81,0.972,85.56,-39.71,-18.7,3.44
5,299.79,0.205,0.112,8.48,4.33,-3.01,299.79,0.183,0.135,11.29,4.54,-3.17,299.79,0.899,0.112,3.79,14.58,-10.01,254.79,0.658,0.551,27.73,34.35,-48.03,119.79,0.847,0.975,86.08,-81.71,77.12,2.78
5,277.81,0.9,0.9,42.88,77.59,-75.53,172.04,0.053,0.961,95.57,-4.54,-0.64,172.04,0.666,0.883,81.74,-43.78,-1.82,142.04,0.634,0.568,53.64,-40.76,23.05,322.04,0.984,0.932,52.35,82.63,-14.25,3.02
5,179.48,0.201,0.097,8.14,-1.64,-0.76,179.48,0.169,0.131,12.35,-2.56,-0.83,179.48,0.667,0.097,7.45,-6.14,-1.75,149.48,0.745,0.61,57.03,-45.59,22.02,329.48,0.915,0.9,50.36,77.27,-2.09,2.68
5,128.16,0.128,0.146,14.16,-3.19,2.01,128.16,0.107,0.217,22.56,-3.73,2.35,128.16,0.763,0.722,65.93,-60.32,49.63,98.16,0.7,0.518,49.67,-36.24,42.19,278.16,0.83,0.824,41.32,69.95,-67.02,6.96
5,149.58,0.032,0.957,95.54,-3.32,1.01,149.58,0.058,0.956,94.9,-5.94,1.84,149.58,0.706,0.684,63.57,-48.09,22.54,104.58,0.551,0.719,67.87,-42.25,43.55,299.58,0.984,0.954,57.42,94.25,-59.02,2.76
5,166.37,0.029,0.982,97.81,-2.68,-0.04,166.37,0.079,0.968,95.65,-7.18,-0.06,166.37,0.522,0.651,62.51,-31.05,2.24,211.37,0.517,0.722,54.78,-1.22,-30.87,316.37,0.933,0.907,52.29,82.64,-26.73,6.06
5,114.31,0.021,0.987,98.36,-2.56,2.02,114.31,0.05,0.96,95.35,-5.84,4.63,114.31,0.785,0.845,76.08,-68.63,66.04,144.31,0.461,0.521,50.62,-28.64,13.61,114.31,0.2,0.5,50.96,-13.65,11.14,2.5
5,214.79,0.1,0.4,40.58,-0.36,-3.94,214.79,0.1,0.4,40.58,-0.36,-3.94,214.79,0.1,0.4,40.58,-0.36,-3.94,169.79,0.1,0.4,42.3,-4.28,-0.36,4.79,0.1,0.4,40.17,3.61,1.83,1.0
5,201.66,0.1,0.4,41.25,-1.7,-2.96,201.66,0.1,0.4,41.25,-1.7,-2.96,201.66,0.1,0.4,41.25,-1.7,-2.96,156.66,0.1,0.4,42.23,-4.77,0.91,21.66,0.1,0.4,41.0,1.87,3.03,1.0
5,113.2,0.9,0.9,80.16,-76.13,74.81,90.62,0.035,0.918,92.26,-2.87,3.51,90.62,0.809,0.716,67.26,-46.17,61.6,60.62,0.732,0.66,66.92,-15.18,59.44,270.62,0.855,0.925,42.08,74.5,-80.62,2.97
5,276.54,0.044,0.998,96.79,4.21,-4.52,276.54,0.055,0.951,91.91,5.14,-5.51,276.54,0.778,0.856,44.11,68.47,-67.19,231.54,0.592,0.527,30.52,17.3,-39.86,96.54,0.939,0.946,85.0,-69.45,80.37,4.71
5,218.59,0.171,0.121,9.91,0.04,-2.64,218.59,0.178,0.218,20.31,0.1,-4.56,218.59,0.886,0.84,42.36,26.69,-68.06,188.59,0.52,0.6,55.05,-18.29,-12.69,218.59,0.2,0.5,46.66,0.34,-10.2,2.83
5,273.08,0.034,0.965,94.59,3.0,-3.46,273.08,0.037,0.911,89.72,3.12,-3.59,273.08,0.868,0.89,41.1,73.87,-77.15,243.08,0.786,0.7,27.28,48.51,-71.93,63.08,0.877,0.866,84.77,-23.17,80.83,4.86
5,24.46,0.043,0.982,96.63,1.36,2.84,24.46,0.023,0.922,92.16,0.68,1.43,24.46,0.861,0.852,57.37,39.22,58.26,54.46,0.49,0.733,71.87,-8.43,43.25,234.46,0.885,0.949,35.45,62.83,-95.26,7.55
5,234.3,0.037,0.978,95.25,1.22,-4.14,234.3,0.067,0.947,90.46,2.21,-7.33,234.3,0.538,0.843,50.41,25.42,-55.31,264.3,0.657,0.635,34.02,42.04,-50.75,24.3,0.946,0.994,63.63,50.64,69.72,6.2
5,147.84,0.163,0.058,4.18,-0.98,0.34,147.84,0.107,0.137,13.29,-2.23,0.76,147.84,0.601,0.867,79.65,-52.41,24.38,117.84,0.661,0.757,69.33,-58.29,52.45,327.84,0.88,0.944,53.48,79.91,-6.93,10.0
5,164.99,0.049,0.991,98.26,-4.58,0.07,164.99,0.035,0.941,94.1,-3.18,0.04,164.99,0.61,0.746,70.16,-39.65,5.0,119.99,0.449,0.522,50.4,-32.55,26.3,164.99,0.2,0.5,51.29,-10.59,0.42,3.81
5,118.51,0.001,0.981,98.29,-0.06,0.05,118.51,0.068,0.957,94.62,-8.34,6.19,118.51,0.589,0.846,77.23,-59.02,51.47,163.51,0.618,0.599,57.19,-34.22,5.46,328.51,0.803,0.834,48.73,69.76,-7.97,5.76
5,38.82,0.12,0.141,13.48,0.06,2.12,38.82,0.192,0.156,14.87,0.16,3.74,38.82,0.88,0.72,57.32,13.98,58.85,68.82,0.594,0.7,69.72,-20.42,51.11,188.82,0.912,0.803,66.61,-27.23,-24.39,7.86
5,120.41,0.021,0.977,97.45,-2.6,1.86,120.41,0.077,0.921,91.26,-9.22,6.66,120.41,0.715,0.687,63.08,-57.53,51.47,150.41,0.439,0.731,69.67,-34.31,12.76,330.41,0.868,0.856,48.53,73.01,-2.55,7.16
5,211.06,0.1,0.4,40.77,-0.74,-3.66,211.06,0.1,0.4,40.77,-0.74,-3.66,211.06,0.1,0.4,40.77,-0.74,-3.66,181.06,0.1,0.4,42.29,-3.79,-1.41,1.06,0.1,0.4,39.99,4.0,1.57,1.0
5,126.72,0.185,0.093,7.64,-2.91,1.86,126.72,0.287,0.127,11.29,-6.37,4.27,126.72,0.577,0.782,72.13,-53.64,41.29,156.72,0.682,0.55,52.28,-36.99,11.88,306.72,0.807,0.873,53.62,80.29,-42.17,10.0
5,102.7,0.249,0.066,4.83,-1.78,1.68,102.7,0.168,0.181,18.2,-4.25,4.18,102.7,0.851,0.791,72.12,-61.48,66.79,132.7,0.73,0.506,47.41,-43.53,32.15,102.7,0.2,0.5,51.31,-11.78,11.69,7.42
5,272.84,0.27,0.092,5.76,2.84,-3.43,272.84,0.205,0.159,13.15,4.2,-4.76,272.84,0.692,0.754,41.02,54.72,-57.2,317.84,0.79,0.628,37.86,58.11,-19.86,122.84,0.888,0.817,73.23,-71.97,66.92,8.25
5,327.53,0.164,0.061,4.01,1.07,-0.34,327.53,0.273,0.153,11.95,6.46,-1.94,327.53,0.593,0.061,2.58,3.34,-0.97,282.53,0.517,0.665,45.38,41.03,-36.79,177.53,0.855,0.89,82.03,-45.18,-8.77,4.79
5,330.63,0.12,0.132,11.63,2.42,-0.65,330.63,0.286,0.189,15.25,7.96,-1.93,330.63,0.899,0.701,39.3,63.26,-1.14,15.63,0.758,0.658,43.22,36.61,37.74,330.63,0.2,0.5,46.01,12.42,-3.11,2.44
5,56.08,0.9,0.9,84.96,-13.05,82.29,191.08,0.034,0.97,96.32,-2.0,-1.55,191.08,0.842,0.798,65.06,-24.06,-26.06,146.08,0.529,0.617,58.84,-36.54,17.09,11.08,0.837,0.888,52.98,58.29,52.43,2.09
5,314.12,0.1,0.4,40.18,5.67,-2.96,314.12,0.1,0.4,40.18,5.67,-2.96,314.12,0.1,0.4,40.18,5.67,-2.96,269.12,0.1,0.4,39.76,4.13,-5.11,134.12,0.1,0.4,42.12,-5.59,3.08,1.0
5,10.94,0.243,0.059,3.7,0.85,0.61,10.94,0.293,0.168,13.67,4.49,3.43,10.94,0.81,0.059,2.14,2.5,1.83,325.94,0.606,0.579,38.59,43.34,-10.57,190.94,0.897,0.901,72.0,-26.14,-29.72,5.22
5,125.86,0.117,0.065,4.9,-1.02,0.66,125.86,0.203,0.208,20.94,-6.9,4.64,125.86,0.751,0.664,61.05,-56.56,47.78,95.86,0.703,0.641,60.8,-41.63,50.51,275.86,0.999,0.981,43.32,83.99,-86.53,6.45
5,279.82,0.9,0.9,43.9,78.46,-73.82,254.27,0.197,0.185,15.7,3.39,-5.73,254.27,0.853,0.864,33.62,65.42,-85.92,224.27,0.768,0.695,35.86,23.84,-57.09,44.27,0.953,0.986,80.08,10.21,81.03,3.33
5,58.65,0.9,0.9,87.27,-17.4,84.09,139.18,0.028,0.978,97.42,-3.11,1.46,139.18,0.891,0.699,63.81,-60.21,43.88,109.18,0.469,0.78,73.57,-41.57,39.28,349.18,0.842,0.965,53.59,75.04,33.09,2.11
5,39.09,0.102,0.137,13.14,0.03,1.77,39.09,0.217,0.162,15.41,0.18,4.41,39.09,0.533,0.772,67.96,5.12,40.4,69.09,0.602,0.612,61.52,-18.7,46.33,219.09,0.928,0.992,47.42,36.11,-81.68,7.25
5,204.86,0.143,0.149,13.83,-0.85,-2.0,204.86,0.237,0.157,13.91,-1.4,-3.46,204.86,0.887,0.888,57.46,-0.53,-50.6,174.86,0.633,0.628,60.22,-31.09,-4.13,54.86,0.937,0.942,87.14,-11.05,85.36,7.43
5,35.64,0.13,0.129,11.91,0.23,2.02,35.64,0.212,0.202,19.71,0.64,4.89,35.64,0.574,0.609,52.54,7.74,34.23,5.64,0.552,0.572,39.95,29.92,18.66,185.64,0.981,0.982,82.94,-37.01,-24.04,9.61
5,46.88,0.117,0.104,9.15,-0.26,1.81,46.88,0.153,0.188,19.12,-0.54,3.97,46.88,0.553,0.631,59.17,-1.81,39.29,1.88,0.755,0.78,45.57,56.63,37.34,256.88,0.806,0.801,33.64,59.19,-76.48,6.36
5,266.27,0.003,0.964,96.6,0.24,-0.31,266.27,0.008,0.942,94.38,0.59,-0.79,266.27,0.758,0.867,41.73,63.21,-72.81,296.27,0.752,0.738,46.01,68.43,-46.44,86.27,0.94,0.832,77.02,-52.75,74.47,3.35
5,205.95,0.035,0.954,94.4,-0.94,-2.34,205.95,0.06,0.911,89.61,-1.51,-3.84,205.95,0.51,0.756,59.97,-6.39,-27.68,250.95,0.618,0.635,33.45,34.47,-51.76,55.95,0.907,0.81,77.2,-11.85,76.01,3.29
5,26.59,0.26,0.125,10.3,1.44,3.38,26.59,0.18,0.132,11.73,1.01,2.43,26.59,0.699,0.829,61.66,26.21,47.74,71.59,0.564,0.773,75.95,-23.33,52.32,176.59,0.912,0.981,89.28,-50.51,-7.6,7.75
5,319.85,0.9,0.9,51.76,80.18,-20.9,96.59,0.067,0.942,93.76,-6.12,6.68,96.59,0.809,0.615,57.91,-45.13,53.94,141.59,0.592,0.57,54.06,-38.88,21.7,276.59,0.822,0.948,47.03,76.93,-75.66,1.0
5,120.53,0.9,0.9,79.93,-78.14,74.23,115.19,0.173,0.169,16.75,-4.87,3.88,115.19,0.671,0.847,76.89,-62.97,58.4,70.19,0.573,0.599,60.32,-18.42,43.44,265.19,0.944,0.881,34.99,73.14,-86.02,3.88
5,161.98,0.023,0.953,95.38,-2.18,0.16,161.98,0.074,0.968,95.72,-6.97,0.58,161.98,0.659,0.829,76.75,-47.22,9.89,116.98,0.477,0.662,62.76,-40.29,34.25,341.98,0.892,0.811,44.78,68.16,19.33,5.93
5,100.61,0.221,0.063,4.6,-1.43,1.4,100.61,0.256,0.14,13.17,-5.05,5.2,100.61,0.846,0.736,67.73,-56.48,63.15,130.61,0.491,0.622,59.2,-38.24,26.24,250.61,0.815,0.925,36.79,65.43,-89.52,7.39
5,241.23,0.017,0.983,97.12,0.8,-2.07,241.23,0.069,0.95,90.18,3.21,-8.09,241.23,0.665,0.983,46.07,50.62,-82.51,271.23,0.615,0.516,30.19,35.36,-38.38,91.23,0.839,0.898,82.25,-57.22,74.85,5.29
5,340.42,0.9,0.9,49.62,74.32,18.82,73.7,0.028,0.902,91.02,-1.62,2.93,73.7,0.863,0.686,66.75,-30.61,64.6,28.7,0.486,0.796,66.5,13.58,32.29,223.7,0.825,0.869,42.38,32.81,-72.28,1.0
5,192.08,0.271,0.107,8.67,-2.32,-1.97,192.08,0.291,0.182,17.02,-3.84,-3.29,192.08,0.642,0.611,52.67,-17.84,-17.96,237.08,0.42,0.546,37.66,13.82,-31.3,12.08,0.975,0.802,45.36,60.04,56.46,7.55
5,145.87,0.288,0.066,4.69,-2.09,0.81,145.87,0.178,0.146,14.0,-3.93,1.51,145.87,0.72,0.821,74.9,-58.03,31.47,115.87,0.469,0.675,64.05,-39.9,34.32,295.87,0.995,0.882,50.82,86.93,-59.7,9.75
5,350.93,0.1,0.4,39.98,4.4,0.61,350.93,0.1,0.4,39.98,4.4,0.61,350.93,0.1,0.4,39.98,4.4,0.61,320.93,0.1,0.4,40.14,5.43,-2.3,140.93,0.1,0.4,42.15,-5.34,2.42,1.0
5,289.48,0.003,0.96,96.22,0.36,-0.31,289.48,0.071,0.933,89.64,7.78,-6.56,289.48,0.691,0.65,39.97,55.55,-43.22,259.48,0.474,0.748,49.05,31.66,-43.47,139.48,0.91,0.974,86.23,-78.36,58.34,5.08
5,123.9,0.025,0.982,97.84,-3.09,2.08,123.9,0.065,0.915,90.98,-7.62,5.17,123.9,0.662,0.738,67.74,-57.3,47.91,153.9,0.717,0.666,62.15,-45.78,17.96,333.9,0.977,0.832,45.57,72.42,9.82,5.72
5,108.36,0.043,0.989,98.17,-4.76,4.17,108.36,0.052,0.907,90.76,-5.35,4.69,108.36,0.882,0.692,63.3,-59.58,60.76,78.36,0.664,0.636,62.35,-27.58,50.31,108.36,0.2,0.5,51.14,-12.7,11.42,3.98
5,55.83,0.189,0.075,5.9,-0.57,1.86,55.83,0.184,0.128,12.19,-1.1,3.87,55.83,0.802,0.075,5.41,-1.82,6.27,10.83,0.438,0.59,46.53,20.49,15.88,235.83,0.973,0.837,27.76,64.91,-91.77,1.0
5,57.97,0.042,0.983,98.13,-1.61,4.86,57.97,0.001,0.976,97.84,-0.05,0.15,57.97,0.888,0.877,84.75,-15.95,81.61,12.97,0.762,0.59,37.74,36.24,33.61,207.97,0.923,0.876,52.63,7.49,-56.65,4.37
5,170.97,0.123,0.14,13.62,-2.17,-0.24,170.97,0.131,0.15,14.82,-2.45,-0.27,170.97,0.816,0.14,11.89,-12.22,-0.27,140.97,0.548,0.53,50.74,-34.59,19.11,350.97,0.903,0.958,52.1,76.37,42.46,1.84
5,39.07,0.045,0.99,97.92,0.05,3.97,39.07,0.026,0.942,94.14,0.02,2.25,39.07,0.841,0.631,51.39,11.05,51.77,354.07,0.524,0.51,35.25,30.01,9.75,189.07,0.871,0.85,70.42,-28.21,-25.14,6.23
5,11.71,0.028,0.96,94.97,1.6,1.29,11.71,0.019,0.913,91.28,1.04,0.84,11.71,0.805,0.6,36.93,40.19,36.14,341.71,0.442,0.675,50.07,33.67,0.65,221.71,0.921,0.951,43.41,40.36,-82.46,9.94
5,133.58,0.037,0.979,97.29,-4.36,2.4,133.58,0.07,0.944,93.51,-7.86,4.36,133.58,0.574,0.847,77.7,-54.83,37.1,163.58,0.489,0.578,56.17,-27.61,3.5,313.58,0.918,0.898,52.38,82.9,-31.91,4.35
5,88.73,0.043,0.979,97.52,-3.61,4.6,88.73,0.044,0.948,94.73,-3.54,4.51,88.73,0.601,0.828,78.39,-39.73,55.34,133.73,0.469,0.637,60.78,-36.8,23.45,238.73,0.963,0.869,28.33,68.94,-95.51,3.26
5,32.76,0.296,0.098,7.42,0.72,3.0,32.76,0.137,0.155,14.92,0.47,2.38,32.76,0.506,0.65,56.12,8.9,30.42,347.76,0.662,0.525,32.49,39.36,9.52,182.76,0.935,0.969,85.53,-41.92,-18.36,10.0
5,83.2,0.9,0.9,83.35,-50.99,78.76,247.13,0.038,0.973,94.61,2.09,-4.45,247.13,0.757,0.686,28.6,46.28,-67.53,292.13,0.726,0.644,39.44,58.32,-43.06,97.13,0.972,0.937,84.01,-70.72,80.18,3.78
5,44.15,0.1,0.4,42.12,-0.42,4.64,44.15,0.1,0.4,42.12,-0.42,4.64,44.15,0.1,0.4,42.12,-0.42,4.64,89.15,0.1,0.4,42.48,-4.01,5.11,194.15,0.1,0.4,41.63,-2.47,-2.39,1.0
5,342.52,0.1,0.4,40.03,4.69,-0.21,342.52,0.1,0.4,40.03,4.69,-0.21,342.52,0.1,0.4,40.03,4.69,-0.21,312.52,0.1,0.4,40.18,5.72,-3.12,162.52,0.1,0.4,42.26,-4.56,0.34,1.0
5,198.21,0.029,0.988,97.89,-1.26,-1.62,198.21,0.066,0.934,91.8,-2.75,-3.58,198.21,0.797,0.873,65.08,-14.85,-36.55,228.21,0.656,0.577,32.1,18.73,-45.11,348.21,0.935,0.964,52.14,77.72,40.11,6.29
5,127.11,0.1,0.4,42.09,-5.84,3.75,127.11,0.1,0.4,42.09,-5.84,3.75,127.11,0.1,0.4,42.09,-5.84,3.75,82.11,0.1,0.4,42.59,-3.53,5.26,277.11,0.1,0.4,39.88,4.66,-4.91,1.0
5,179.23,0.9,0.9,82.93,-44.53,-11.61,324.33,0.287,0.211,17.41,9.12,-3.16,324.33,0.854,0.836,48.31,73.06,-13.4,354.33,0.499,0.767,53.51,39.81,13.05,144.33,0.811,1.0,88.81,-73.59,45.15,1.0
5,148.06,0.006,0.962,96.51,-0.62,0.2,148.06,0.054,0.966,95.9,-5.63,1.88,148.06,0.892,0.64,59.0,-52.91,30.42,118.06,0.554,0.542,51.44,-39.27,33.73,328.06,0.964,0.84,46.69,74.32,-2.5,6.99
5,263.09,0.132,0.106,8.3,1.61,-2.27,263.09,0.246,0.171,13.58,4.69,-6.44,263.09,0.722,0.776,38.05,53.97,-65.43,218.09,0.567,0.724,49.72,6.59,-39.17,53.09,0.811,0.834,77.48,-8.15,71.95,6.84
5,294.67,0.015,0.997,98.78,1.79,-1.39,294.67,0.046,0.928,90.86,5.28,-4.09,294.67,0.668,0.704,45.51,60.07,-42.33,264.67,0.771,0.769,35.95,57.58,-67.81,294.67,0.2,0.5,46.21,14.14,-10.67,7.36
5,162.62,0.1,0.4,42.26,-4.55,0.33,162.62,0.1,0.4,42.26,-4.55,0.33,162.62,0.1,0.4,42.26,-4.55,0.33,117.62,0.1,0.4,42.09,-5.93,4.49,312.62,0.1,0.4,40.18,5.72,-3.11,1.0
5,29.08,0.257,0.149,13.07,1.37,4.06,29.08,0.113,0.2,20.1,0.71,2.26,29.08,0.597,0.659,53.32,15.05,34.66,74.08,0.607,0.54,54.24,-20.03,41.47,209.08,0.8,0.911,57.88,3.81,-53.23,9.35
5,37.28,0.044,0.957,94.91,0.21,3.71,37.28,0.023,0.959,95.73,0.1,1.94,37.28,0.782,0.804,64.36,14.4,58.46,67.28,0.709,0.538,54.57,-17.63,48.14,247.28,1.0,0.978,32.15,78.08,-105.0,5.05
5,185.16,0.9,0.9,77.76,-35.7,-20.79,198.12,0.079,0.934,91.39,-3.27,-4.25,198.12,0.666,0.739,58.68,-14.17,-27.36,153.12,0.53,0.724,68.32,-39.17,13.64,48.12,0.893,0.971,83.51,0.88,81.3,1.0
5,26.74,0.209,0.081,5.9,0.61,1.4,26.74,0.299,0.183,16.28,2.36,5.44,26.74,0.598,0.631,50.19,16.66,32.35,341.74,0.509,0.592,41.82,34.78,1.4,206.74,0.971,0.831,49.84,7.03,-54.73,9.11
5,338.78,0.043,0.962,93.88,4.16,-0.53,338.78,0.073,0.924,88.71,6.89,-0.84,338.78,0.764,0.862,50.46,67.08,6.93,23.78,0.693,0.713,52.38,26.08,40.32,158.78,0.993,0.882,79.56,-63.66,26.14,4.27
5,316.4,0.035,0.961,94.4,3.95,-1.97,316.4,0.003,0.923,93.04,0.3,-0.15,316.4,0.515,0.642,46.23,42.82,-18.15,346.4,0.656,0.503,31.3,37.88,7.75,316.4,0.2,0.5,46.21,13.58,-6.46,6.7
5,131.36,0.017,0.96,96.04,-2.03,1.17,131.36,0.048,0.965,95.81,-5.55,3.22,131.36,0.688,0.635,58.92,-50.39,37.59,101.36,0.776,0.55,51.87,-42.81,47.54,311.36,0.852,0.987,58.7,88.28,-38.83,6.22
5,309.01,0.204,0.126,9.99,4.53,-2.64,309.01,0.204,0.145,12.05,5.11,-2.98,309.01,0.756,0.646,40.56,60.6,-30.19,354.01,0.584,0.568,37.29,36.53,12.91,129.01,0.926,0.812,72.83,-71.47,63.4,5.61
5,327.06,0.9,0.9,50.86,77.74,-7.45,328.77,0.031,0.93,91.87,3.19,-0.99,328.77,0.761,0.855,50.97,69.03,-8.81,283.77,0.681,0.779,46.19,60.64,-52.45,148.77,0.894,0.892,80.07,-68.16,39.06,1.0
5,338.37,0.022,0.983,97.09,2.15,-0.3,338.37,0.047,0.955,92.95,4.61,-0.62,338.37,0.607,0.677,44.24,46.44,0.35,308.37,0.679,0.615,40.26,54.35,-28.19,188.37,0.898,0.851,70.82,-29.21,-24.62,6.99
5,76.4,0.2,0.122,11.44,-2.29,3.99,76.4,0.107,0.197,20.53,-1.87,3.2,76.4,0.508,0.755,74.1,-24.2,45.84,31.4,0.678,0.682,54.19,16.03,41.96,226.4,0.896,0.923,39.37,47.16,-85.01,6.96
5,43.11,0.015,0.973,97.27,-0.12,1.38,43.11,0.038,0.947,94.4,-0.28,3.51,43.11,0.645,0.876,76.14,3.41,56.61,358.11,0.741,0.554,32.15,43.87,24.37,223.11,0.872,0.976,45.56,39.66,-82.45,6.08
5,274.64,0.273,0.056,3.23,1.26,-1.45,274.64,0.164,0.152,13.08,3.29,-3.62,274.64,0.763,0.735,37.74,58.97,-59.69,304.64,0.556,0.569,40.58,44.34,-25.98,274.64,0.2,0.5,45.37,11.03,-12.01,3.49
5,8.16,0.174,0.141,12.06,2.4,1.53,8.16,0.202,0.219,19.94,4.12,2.63,8.16,0.716,0.889,55.46,53.31,41.12,53.16,0.532,0.749,72.41,-7.75,46.83,158.16,0.997,0.965,86.2,-68.81,29.56,9.96
5,155.7,0.014,0.959,96.08,-1.35,0.26,155.7,0.013,0.962,96.39,-1.25,0.24,155.7,0.547,0.785,73.52,-41.89,12.8,200.7,0.522,0.578,48.37,-9.17,-19.62,305.7,0.809,0.89,54.79,82.1,-44.38,2.57
5,168.36,0.009,0.961,96.36,-0.83,-0.05,168.36,0.023,0.91,91.59,-1.95,-0.12,168.36,0.788,0.838,77.14,-48.8,4.37,213.36,0.562,0.576,41.99,1.08,-29.1,18.36,0.833,0.879,56.24,47.79,54.9,4.49
5,250.67,0.286,0.089,5.25,1.88,-3.79,250.67,0.127,0.13,10.99,1.46,-2.76,250.67,0.882,0.777,28.12,61.04,-82.12,220.67,0.706,0.751,43.79,16.17,-52.57,40.67,0.905,0.86,68.53,14.02,69.65,5.93
5,37.4,0.277,0.057,3.88,0.1,1.23,37.4,0.171,0.145,13.64,0.22,3.05,37.4,0.515,0.057,3.52,0.22,2.12,352.4,0.506,0.783,54.27,41.43,11.81,247.4,0.977,0.89,29.36,71.9,-96.91,1.51
5,78.01,0.044,0.981,97.83,-3.0,4.89,78.01,0.011,0.946,95.07,-0.72,1.17,78.01,0.704,0.741,71.63,-32.29,59.65,108.01,0.784,0.737,67.6,-58.52,59.74,228.01,0.99,0.817,30.22,53.79,-84.66,6.8
5,328.14,0.149,0.133,11.4,3.08,-0.94,328.14,0.232,0.176,14.83,6.15,-1.81,328.14,0.848,0.891,51.08,75.34,-7.45,298.14,0.539,0.628,45.13,47.13,-31.53,118.14,0.948,0.87,77.5,-76.7,73.93,9.25
5,269.15,0.1,0.4,39.76,4.14,-5.11,269.15,0.1,0.4,39.76,4.14,-5.11,269.15,0.1,0.4,39.76,4.14,-5.11,239.15,0.1,0.4,39.36,2.16,-5.75,89.15,0.1,0.4,42.48,-4.01,5.11,1.0
5,47.69,0.102,0.064,4.8,-0.12,0.7,47.69,0.134,0.145,14.16,-0.44,2.81,47.69,0.826,0.713,63.48,0.02,61.19,2.69,0.504,0.753,53.06,36.44,19.37,257.69,0.802,0.987,42.09,70.0,-89.54,8.4
5,148.77,0.9,0.9,80.68,-68.83,39.68,97.4,0.179,0.214,21.98,-4.83,5.25,97.4,0.756,0.851,78.2,-56.34,66.55,142.4,0.634,0.547,51.76,-39.41,22.01,247.4,0.999,0.895,29.06,72.99,-98.04,3.09
5,40.68,0.1,0.4,41.94,-0.07,4.39,40.68,0.1,0.4,41.94,-0.07,4.39,40.68,0.1,0.4,41.94,-0.07,4.39,355.68,0.1,0.4,39.96,4.25,1.07,250.68,0.1,0.4,39.48,2.94,-5.56,1.0
5,334.79,0.038,0.984,96.06,3.93,-0.8,334.79,0.062,0.916,88.71,6.01,-1.2,334.79,0.603,0.695,45.73,47.91,-3.32,289.79,0.481,0.598,43.46,37.71,-29.74,124.79,0.985,0.952,83.95,-82.49,77.95,5.33
5,36.85,0.9,0.9,68.43,21.42,69.63,227.5,0.117,0.18,16.92,0.57,-2.93,227.5,0.872,0.619,26.15,33.12,-61.35,257.5,0.479,0.572,37.35,25.0,-35.66,77.5,0.92,0.852,80.31,-42.57,77.28,3.57
5,48.65,0.1,0.4,42.34,-0.87,4.96,48.65,0.1,0.4,42.34,-0.87,4.96,48.65,0.1,0.4,42.34,-0.87,4.96,3.65,0.1,0.4,40.12,3.73,1.75,198.65,0.1,0.4,41.4,-2.01,-2.73,1.0
5,341.83,0.257,0.086,5.48,2.63,-0.11,341.83,0.298,0.14,10.23,5.99,-0.19,341.83,0.661,0.086,3.37,5.51,0.04,11.83,0.471,0.685,52.65,24.42,20.09,161.83,0.861,0.953,85.89,-61.6,17.43,5.0
5,27.0,0.198,0.12,10.19,1.0,2.49,27.0,0.176,0.181,17.32,1.25,3.13,27.0,0.728,0.688,51.33,23.23,42.98,357.0,0.568,0.542,35.97,33.85,14.15,177.0,0.892,0.806,74.86,-42.81,-7.29,9.1
5,255.23,0.1,0.4,39.55,3.23,-5.45,255.23,0.1,0.4,39.55,3.23,-5.45,255.23,0.1,0.4,39.55,3.23,-5.45,225.23,0.1,0.4,40.06,0.72,-4.72,75.23,0.1,0.4,42.68,-3.06,5.42,1.0
5,345.21,0.103,0.052,3.51,0.46,0.0,345.21,0.273,0.134,9.84,5.12,0.17,345.21,0.636,0.683,43.3,47.37,8.28,300.21,0.625,0.503,34.57,45.35,-28.84,195.21,0.924,0.926,68.86,-18.39,-38.04,8.41
5,2.68,0.152,0.105,8.1,1.89,0.55,2.68,0.288,0.188,15.11,6.18,2.85,2.68,0.683,0.105,4.23,6.76,2.73,332.68,0.532,0.588,41.11,37.73,-5.18,152.68,0.883,0.864,77.99,-63.84,31.33,4.91
5,158.09,0.1,0.4,42.24,-4.72,0.77,158.09,0.1,0.4,42.24,-4.72,0.77,158.09,0.1,0.4,42.24,-4.72,0.77,188.09,0.1,0.4,41.94,-3.08,-1.94,338.09,0.1,0.4,40.05,4.84,-0.64,1.0
5,73.14,0.041,0.973,97.19,-2.53,4.67,73.14,0.029,0.977,97.63,-1.81,3.33,73.14,0.87,0.732,70.91,-31.74,68.3,118.14,0.446,0.644,61.39,-37.61,31.16,283.14,0.936,0.911,45.44,81.58,-72.83,4.76
5,53.86,0.014,0.99,98.93,-0.43,1.56,53.86,0.068,0.918,91.9,-1.91,7.14,53.86,0.538,0.99,93.23,-10.43,59.81,83.86,0.441,0.508,51.17,-18.5,28.19,263.86,0.974,0.814,30.91,69.2,-82.95,4.63
5,274.58,0.9,0.9,41.29,76.26,-78.21,201.96,0.039,0.936,92.8,-1.35,-2.34,201.96,0.898,0.859,58.2,-5.7,-45.39,156.96,0.558,0.576,55.24,-32.81,9.2,21.96,0.913,0.801,51.35,43.98,56.78,1.0
5,235.08,0.047,0.978,94.52,1.65,-5.35,235.08,0.022,0.965,95.3,0.73,-2.39,235.08,0.656,0.672,34.06,29.78,-56.49,280.08,0.449,0.696,50.07,36.08,-34.1,55.08,0.939,0.999,92.04,-11.96,89.51,4.67
5,52.49,0.017,0.982,98.15,-0.47,1.85,52.49,0.059,0.913,91.49,-1.51,6.07,52.49,0.766,0.654,61.98,-6.36,56.89,97.49,0.524,0.751,71.51,-37.94,43.89,232.49,0.996,0.996,34.47,71.9,-103.69,7.4
5,332.39,0.1,0.4,40.08,5.03,-1.19,332.39,0.1,0.4,40.08,5.03,-1.19,332.39,0.1,0.4,40.08,5.03,-1.19,17.39,0.1,0.4,40.79,2.31,2.73,122.39,0.1,0.4,42.07,-6.0,4.21,1.0
5,25.75,0.018,0.978,97.32,0.5,1.2,25.75,0.07,0.963,93.84,2.05,4.74,25.75,0.509,0.978,77.9,20.45,38.27,340.75,0.573,0.516,34.62,35.06,1.41,205.75,0.92,0.857,53.78,2.63,-52.11,4.8
5,72.35,0.105,0.065,5.0,-0.46,0.84,72.35,0.277,0.121,11.26,-2.82,5.58,72.35,0.81,0.826,79.47,-32.5,72.6,102.35,0.633,0.656,61.98,-42.84,46.33,282.35,0.895,0.835,42.05,74.97,-67.33,7.81
5,54.13,0.244,0.116,10.59,-1.16,4.35,54.13,0.152,0.165,16.63,-1.01,3.87,54.13,0.623,0.654,63.81,-8.15,49.01,24.13,0.572,0.744,58.19,20.62,33.89,204.13,0.901,0.89,57.94,-1.4,-50.23,9.52
5,181.57,0.022,0.963,96.32,-1.68,-0.66,181.57,0.038,0.936,93.59,-2.86,-1.13,181.57,0.584,0.871,80.79,-33.62,-12.17,136.57,0.771,0.553,51.55,-47.32,33.27,1.57,0.874,0.943,51.8,72.78,55.47,4.15
5,90.18,0.164,0.122,11.36,-2.46,3.08,90.18,0.133,0.192,19.76,-2.93,3.66,90.18,0.813,0.778,72.59,-49.1,66.01,120.18,0.416,0.757,71.47,-41.0,32.8,270.18,0.831,0.96,44.38,75.23,-81.79,7.89
5,323.58,0.171,0.12,9.71,3.34,-1.27,323.58,0.248,0.14,10.92,5.55,-2.04,323.58,0.563,0.12,6.04,9.58,-3.3,278.58,0.451,0.689,49.28,35.25,-34.25,143.58,0.862,0.828,74.77,-65.82,42.59,2.65
5,307.79,0.133,0.055,3.66,0.83,-0.51,307.79,0.149,0.178,16.36,4.47,-2.7,307.79,0.503,0.895,64.41,57.4,-31.49,337.79,0.432,0.697,52.26,34.42,-2.2,127.79,0.85,0.879,78.5,-74.1,64.41,9.86
5,172.07,0.291,0.061,4.33,-1.52,-0.2,172.07,0.181,0.208,21.31,-4.38,-0.56,172.07,0.655,0.727,68.66,-37.16,-1.72,127.07,0.766,0.639,58.85,-55.19,46.07,22.07,0.891,0.867,55.99,45.39,59.46,9.3
5,92.64,0.1,0.4,42.43,-4.25,5.03,92.64,0.1,0.4,42.43,-4.25,5.03,92.64,0.1,0.4,42.43,-4.25,5.03,122.64,0.1,0.4,42.07,-5.99,4.18,242.64,0.1,0.4,39.36,2.42,-5.75,1.0
5,127.25,0.017,0.978,97.67,-2.07,1.3,127.25,0.074,0.921,91.41,-8.5,5.42,127.25,0.652,0.867,78.58,-63.48,50.3,82.25,0.583,0.788,75.86,-32.47,52.78,307.25,0.883,0.987,58.96,91.22,-46.2,4.2
5,113.71,0.041,0.983,97.57,-4.85,3.88,113.71,0.08,0.914,90.7,-8.86,7.13,113.71,0.659,0.843,76.76,-61.15,57.39,143.71,0.729,0.787,72.0,-57.55,33.47,293.71,0.877,0.996,57.16,91.56,-65.57,4.06
5,36.42,0.027,0.989,98.22,0.17,2.27,36.42,0.02,0.94,94.11,0.12,1.63,36.42,0.529,0.852,73.05,8.22,41.88,351.42,0.538,0.597,40.79,35.46,9.6,36.42,0.2,0.5,49.91,1.12,9.94,3.36
5,20.55,0.214,0.088,6.39,1.03,1.43,20.55,0.242,0.122,9.79,1.85,2.68,20.55,0.632,0.626,46.48,23.78,31.17,350.55,0.608,0.7,45.03,45.55,13.1,200.55,0.929,0.961,65.3,-7.78,-48.58,8.94
5,239.11,0.258,0.06,3.42,0.64,-1.79,239.11,0.141,0.124,10.03,1.14,-3.02,239.11,0.558,0.874,48.42,33.82,-63.01,284.11,0.605,0.528,33.6,40.1,-34.67,89.11,0.929,0.911,83.15,-59.48,79.04,9.76
5,324.11,0.004,0.957,95.92,0.41,-0.16,324.11,0.021,0.956,94.82,2.23,-0.86,324.11,0.573,0.957,63.97,62.39,-17.49,279.11,0.547,0.572,37.52,37.08,-35.28,114.11,0.957,0.912,80.91,-78.66,76.91,1.0
5,73.47,0.1,0.4,42.71,-2.94,5.46,73.47,0.1,0.4,42.71,-2.94,5.46,73.47,0.1,0.4,42.71,-2.94,5.46,28.47,0.1,0.4,41.34,1.18,3.52,283.47,0.1,0.4,39.99,5.08,-4.75,1.0
5,287.11,0.007,0.985,98.21,0.76,-0.68,287.11,0.057,0.98,94.49,6.23,-5.49,287.11,0.778,0.639,36.2,58.5,-47.55,332.11,0.462,0.648,47.78,35.77,-5.96,137.11,0.904,0.925,82.22,-75.98,58.93,5.96
5,100.55,0.272,0.118,10.53,-4.64,4.51,100.55,0.276,0.132,12.13,-5.16,5.34,100.55,0.69,0.803,74.29,-52.56,58.91,145.55,0.687,0.783,71.95,-54.33,29.01,310.55,0.983,0.81,47.23,78.66,-33.97,5.92
5,214.6,0.171,0.06,4.04,-0.08,-0.85,214.6,0.105,0.146,13.65,-0.18,-1.77,214.6,0.543,0.882,63.01,2.88,-40.92,169.6,0.776,0.741,69.1,-43.15,2.16,64.6,0.883,0.969,93.23,-27.57,87.9,9.95
5,324.03,0.1,0.4,40.12,5.32,-2.0,324.03,0.1,0.4,40.12,5.32,-2.0,324.03,0.1,0.4,40.12,5.32,-2.0,279.03,0.1,0.4,39.92,4.78,-4.86,144.03,0.1,0.4,42.17,-5.23,2.12,1.0
5,225.38,0.262,0.086,5.45,0.45,-2.81,225.38,0.231,0.155,12.61,0.88,-4.98,225.38,0.757,0.665,34.12,23.84,-55.45,195.38,0.698,0.506,41.7,-13.12,-18.96,15.38,0.857,0.92,56.31,55.62,57.28,6.82
5,152.92,0.036,0.968,96.43,-3.67,0.91,152.92,0.009,0.957,96.05,-0.94,0.23,152.92,0.75,0.634,59.19,-45.76,19.32,197.92,0.466,0.768,65.87,-13.16,-20.33,332.92,0.806,0.889,51.36,72.23,-0.72,4.73
5,161.96,0.9,0.9,81.45,-59.92,17.61,105.64,0.06,0.937,93.25,-6.18,5.69,105.64,0.662,0.71,66.17,-49.22,50.96,150.64,0.512,0.782,73.38,-41.37,16.06,255.64,0.87,0.851,32.79,65.94,-85.3,4.27
5,174.5,0.108,0.051,3.71,-0.44,-0.09,174.5,0.224,0.129,11.95,-3.5,-0.65,174.5,0.838,0.632,59.82,-36.5,-3.27,144.5,0.491,0.539,52.06,-31.1,14.95,174.5,0.2,0.5,51.4,-9.67,-1.77,6.8
5,104.57,0.178,0.119,10.85,-3.24,3.07,104.57,0.137,0.17,17.02,-3.38,3.2,104.57,0.795,0.797,72.81,-60.61,64.47,149.57,0.722,0.681,63.25,-48.65,23.09,284.57,0.892,0.812,42.05,74.28,-63.98,7.09
5,194.67,0.291,0.114,9.19,-2.33,-2.42,194.67,0.13,0.168,16.43,-1.52,-1.53,194.67,0.523,0.824,70.39,-17.88,-21.3,224.67,0.665,0.632,36.56,16.67,-46.44,194.67,0.2,0.5,49.63,-5.59,-5.76,6.58
5,77.1,0.264,0.138,13.25,-3.37,5.83,77.1,0.241,0.149,14.66,-3.3,5.69,77.1,0.576,0.138,12.7,-6.94,11.94,47.1,0.606,0.739,67.83,-1.81,48.84,257.1,0.827,0.873,35.86,64.99,-83.38,1.0
5,132.31,0.034,0.988,98.19,-4.05,2.29,132.31,0.015,0.974,97.32,-1.75,0.98,132.31,0.815,0.788,71.28,-65.65,52.13,87.31,0.719,0.656,62.87,-37.03,53.49,282.31,0.817,0.891,47.0,75.72,-67.44,4.17
5,121.95,0.1,0.4,42.07,-6.02,4.25,121.95,0.1,0.4,42.07,-6.02,4.25,121.95,0.1,0.4,42.07,-6.02,4.25,76.95,0.1,0.4,42.66,-3.18,5.38,331.95,0.1,0.4,40.08,5.05,-1.23,1.0
5,167.83,0.293,0.104,8.7,-3.32,-0.08,167.83,0.147,0.217,22.48,-3.84,-0.13,167.83,0.597,0.865,80.43,-42.41,2.37,212.83,0.485,0.663,51.1,-0.35,-27.95,347.83,0.994,0.837,44.83,70.63,40.03,8.19
5,159.39,0.9,0.9,81.28,-61.87,21.98,276.68,0.261,0.206,16.97,7.13,-7.44,276.68,0.576,0.705,44.28,45.15,-44.67,321.68,0.497,0.648,46.97,40.51,-13.89,126.68,0.889,0.824,73.91,-71.89,64.42,1.92
5,335.25,0.223,0.094,6.45,2.87,-0.49,335.25,0.213,0.166,14.02,5.1,-0.88,335.25,0.862,0.737,41.56,63.84,4.86,305.25,0.763,0.51,32.02,51.58,-28.66,125.25,0.953,0.987,86.78,-84.27,78.72,7.73
5,106.04,0.9,0.9,80.58,-72.45,75.33,130.55,0.272,0.168,16.14,-7.5,4.66,130.55,0.59,0.898,81.65,-59.7,43.29,85.55,0.464,0.619,61.26,-23.57,34.67,280.55,0.826,0.901,46.41,75.93,-69.83,1.0
5,341.21,0.031,0.969,95.19,3.0,-0.24,341.21,0.009,0.96,95.86,0.86,-0.07,341.21,0.687,0.62,38.15,47.49,5.03,11.21,0.429,0.78,60.94,24.96,19.74,341.21,0.2,0.5,45.88,11.6,-0.61,5.65
5,300.71,0.232,0.14,11.24,5.97,-4.07,300.71,0.155,0.142,12.4,4.0,-2.76,300.71,0.527,0.778,56.12,55.6,-35.42,270.71,0.583,0.582,35.27,36.8,-40.45,150.71,0.934,0.971,86.4,-72.89,40.71,7.95
5,26.31,0.9,0.9,60.54,40.32,63.75,192.41,0.07,0.936,92.22,-3.75,-3.2,192.41,0.51,0.609,54.39,-15.55,-14.96,147.41,0.782,0.59,54.99,-46.54,24.85,342.41,0.934,0.92,50.14,75.86,26.13,1.0
5,86.25,0.9,0.9,82.85,-54.58,78.14,102.2,0.135,0.144,14.0,-2.81,2.77,102.2,0.594,0.744,69.88,-44.86,48.39,132.2,0.759,0.645,59.51,-54.1,41.38,252.2,0.919,0.834,29.56,66.67,-88.18,3.69
5,187.38,0.9,0.9,75.51,-32.09,-24.22,135.93,0.216,0.189,18.79,-6.37,3.44,135.93,0.833,0.832,74.91,-68.03,51.26,90.93,0.67,0.559,54.1,-33.05,44.06,285.93,0.915,0.885,46.08,80.68,-68.02,1.0
5,24.92,0.046,0.95,93.7,1.4,3.03,24.92,0.071,0.961,93.64,2.2,4.71,24.92,0.539,0.95,74.43,22.48,39.26,354.92,0.532,0.745,50.63,41.4,14.76,174.92,0.817,0.879,81.01,-46.3,-4.82,1.0
5,353.19,0.049,0.974,94.38,4.35,0.8,353.19,0.015,0.944,94.07,1.25,0.22,353.19,0.628,0.879,55.07,55.9,20.62,308.19,0.538,0.643,46.02,46.62,-25.17,143.19,0.835,0.963,85.7,-73.11,47.09,3.29
5,276.05,0.009,0.955,95.37,0.86,-0.93,276.05,0.052,0.94,91.21,4.76,-5.15,276.05,0.85,0.76,36.66,65.66,-65.25,321.05,0.595,0.55,37.18,41.9,-13.99,96.05,0.804,0.984,88.84,-64.64,77.8,4.4
5,205.78,0.041,0.975,95.95,-1.13,-2.79,205.78,0.022,0.95,94.6,-0.59,-1.43,205.78,0.883,0.78,50.22,0.71,-46.71,235.78,0.782,0.706,29.25,42.39,-69.55,355.78,0.999,0.832,44.32,69.83,53.7,7.19
5,212.19,0.006,0.986,98.45,-0.09,-0.5,212.19,0.017,0.973,96.73,-0.24,-1.31,212.19,0.86,0.688,40.27,9.83,-48.98,182.19,0.406,0.531,52.29,-17.07,-6.64,32.19,0.829,0.906,66.98,26.44,63.85,4.31
5,50.95,0.122,0.111,10.06,-0.46,2.11,50.95,0.266,0.21,21.3,-1.52,8.02,50.95,0.615,0.696,66.02,-5.45,49.28,20.95,0.677,0.637,46.23,25.89,34.42,200.95,0.896,0.986,67.26,-8.25,-48.86,10.0
5,296.96,0.142,0.063,4.28,1.15,-0.86,296.96,0.238,0.126,9.64,5.42,-3.94,296.96,0.598,0.873,59.07,66.47,-45.06,251.96,0.772,0.553,22.81,40.72,-56.48,116.96,0.804,0.889,79.46,-73.51,69.68,10.0
5,151.75,0.9,0.9,80.83,-67.06,34.79,291.93,0.006,0.969,96.95,0.63,-0.51,291.93,0.671,0.737,46.56,61.16,-45.44,321.93,0.692,0.757,47.7,60.78,-17.63,141.93,0.835,0.897,80.36,-69.73,46.24,1.38
5,244.98,0.039,0.992,96.21,2.02,-4.58,244.98,0.053,0.926,89.51,2.63,-5.94,244.98,0.563,0.671,37.47,29.93,-50.79,274.98,0.624,0.737,43.65,49.71,-50.41,94.98,0.806,0.853,78.32,-56.92,69.82,6.22
5,198.24,0.276,0.099,7.6,-1.57,-1.98,198.24,0.17,0.2,19.53,-1.92,-2.56,198.24,0.52,0.888,73.41,-15.27,-25.54,168.24,0.532,0.653,62.74,-30.91,0.91,18.24,0.827,0.965,61.42,51.35,58.73,10.0
5,68.3,0.034,0.985,98.36,-1.9,4.0,68.3,0.047,0.978,97.64,-2.54,5.38,68.3,0.666,0.985,94.4,-28.4,74.05,23.3,0.748,0.692,49.24,28.71,42.46,248.3,0.944,0.924,31.49,72.9,-98.22,2.73
5,142.42,0.114,0.144,14.07,-2.57,1.1,142.42,0.137,0.139,13.4,-2.98,1.29,142.42,0.759,0.817,74.26,-61.32,37.82,112.42,0.519,0.645,61.21,-40.43,36.92,292.42,0.909,0.888,49.94,83.99,-61.95,6.68
5,42.52,0.298,0.135,12.12,-0.15,5.5,42.52,0.165,0.165,16.21,-0.17,3.58,42.52,0.51,0.758,68.74,1.55,39.89,72.52,0.578,0.65,64.69,-21.3,46.29,192.52,0.914,0.948,73.46,-24.01,-33.99,9.84
5,224.58,0.9,0.9,39.65,42.67,-81.24,46.29,0.208,0.143,13.57,-0.5,4.22,46.29,0.815,0.841,72.93,2.13,68.21,16.29,0.505,0.684,52.88,22.83,23.92,226.29,0.951,0.928,37.34,52.61,-89.08,1.0
5,217.51,0.9,0.9,45.7,27.17,-71.32,347.83,0.041,0.949,92.82,3.65,0.22,347.83,0.632,0.878,55.13,57.19,13.77,32.83,0.747,0.579,45.72,14.61,41.03,197.83,0.982,0.877,61.64,-11.1,-42.54,1.0
5,278.69,0.029,0.968,95.21,2.76,-2.85,278.69,0.005,0.969,96.93,0.51,-0.53,278.69,0.583,0.891,55.53,56.3,-53.66,308.69,0.554,0.608,43.06,45.59,-24.22,128.69,0.893,0.88,78.48,-75.28,66.09,4.67
5,210.9,0.13,0.117,10.04,-0.35,-1.68,210.9,0.298,0.181,15.26,-0.92,-5.61,210.9,0.683,0.688,46.86,1.48,-38.39,180.9,0.574,0.702,66.89,-28.61,-9.65,0.9,0.951,0.976,52.4,77.51,63.07,8.05
5,97.66,0.193,0.128,11.94,-3.39,3.66,97.66,0.211,0.186,18.72,-5.09,5.53,97.66,0.612,0.699,66.22,-40.99,47.83,67.66,0.469,0.664,66.96,-15.7,39.55,307.66,0.969,0.955,56.23,90.37,-44.11,9.35
5,254.21,0.292,0.114,7.29,3.23,-5.3,254.21,0.262,0.133,9.39,3.44,-5.76,254.21,0.773,0.879,37.89,60.44,-81.01,224.21,0.796,0.649,32.38,24.11,-55.75,104.21,0.811,0.878,79.38,-65.92,70.43,5.85
5,333.61,0.039,0.964,94.29,3.92,-0.88,333.61,0.065,0.928,89.57,6.41,-1.41,333.61,0.625,0.859,55.16,58.87,-4.83,3.61,0.587,0.661,44.12,37.79,22.2,153.61,0.837,0.982,87.75,-68.21,30.96,2.4
5,332.01,0.049,0.96,93.35,5.02,-1.26,332.01,0.012,0.928,92.89,1.2,-0.31,332.01,0.686,0.96,59.05,69.68,-6.21,287.01,0.662,0.745,45.89,58.69,-47.88,182.01,0.888,0.804,73.14,-37.26,-14.55,3.12
5,180.54,0.012,0.957,95.94,-0.96,-0.35,180.54,0.017,0.921,92.67,-1.33,-0.49,180.54,0.847,0.813,75.36,-39.19,-12.5,150.54,0.651,0.609,57.46,-41.09,17.66,0.54,0.892,0.985,53.5,76.63,59.02,4.72
5,190.11,0.02,0.954,95.35,-1.17,-0.85,190.11,0.016,0.918,92.31,-0.9,-0.65,190.11,0.525,0.646,58.25,-18.35,-14.58,160.11,0.41,0.537,52.86,-23.09,4.19,190.11,0.2,0.5,50.2,-6.7,-4.92,4.0
5,204.01,0.205,0.059,3.97,-0.35,-0.79,204.01,0.285,0.179,15.81,-1.94,-4.55,204.01,0.606,0.806,61.55,-8.32,-32.5,234.01,0.499,0.683,43.42,18.62,-42.96,204.01,0.2,0.5,48.46,-3.3,-7.5,7.01
5,62.62,0.262,0.091,7.76,-1.51,3.72,62.62,0.222,0.166,16.84,-2.25,6.08,62.62,0.861,0.611,61.82,-17.14,61.27,92.62,0.584,0.501,49.05,-27.79,35.5,242.62,0.883,0.803,27.72,61.74,-86.76,5.43
5,224.83,0.035,0.953,93.66,0.43,-3.3,224.83,0.071,0.952,91.26,0.93,-6.69,224.83,0.744,0.716,37.65,23.76,-57.38,179.83,0.456,0.738,71.25,-25.94,-7.94,224.83,0.2,0.5,45.89,1.92,-11.36,6.56
5,165.1,0.0,0.961,96.53,-0.02,0.0,165.1,0.08,0.932,92.54,-7.13,0.14,165.1,0.748,0.961,87.22,-55.28,9.1,120.1,0.439,0.535,51.63,-32.46,26.1,315.1,0.845,0.965,56.94,84.83,-31.64,3.69
5,34.87,0.13,0.14,13.21,0.29,2.14,34.87,0.185,0.212,20.93,0.64,4.38,34.87,0.827,0.14,9.06,3.79,10.83,79.87,0.403,0.514,52.26,-15.81,26.5,214.87,1.0,0.819,40.39,26.69,-68.17,2.11
5,350.45,0.278,0.106,7.14,3.92,0.54,350.45,0.172,0.152,13.09,3.43,0.46,350.45,0.729,0.816,48.13,60.07,22.08,305.45,0.589,0.685,47.49,53.85,-30.7,140.45,0.912,0.885,79.14,-72.4,52.65,8.55
5,21.84,0.292,0.119,9.19,2.1,3.0,21.84,0.13,0.217,21.5,1.47,2.4,21.84,0.646,0.895,65.22,31.26,43.76,351.84,0.534,0.758,51.51,42.67,12.09,171.84,0.804,0.804,74.5,-45.21,-0.35,10.0
5,331.1,0.9,0.9,50.42,76.54,0.33,35.0,0.051,0.943,93.39,0.49,4.1,35.0,0.696,0.622,50.97,11.64,41.81,5.0,0.522,0.721,50.93,34.63,20.73,185.0,0.827,0.903,78.7,-35.72,-19.72,1.0
5,352.23,0.247,0.131,9.87,4.33,0.8,352.23,0.178,0.133,10.97,3.12,0.55,352.23,0.776,0.722,41.44,56.68,25.29,22.23,0.752,0.685,48.16,29.92,41.8,352.23,0.2,0.5,45.74,10.77,2.02,1.7
5,220.68,0.254,0.144,11.41,0.4,-4.77,220.68,0.153,0.215,20.31,0.26,-4.0,220.68,0.884,0.144,4.61,3.33,-15.37,175.68,0.798,0.709,66.7,-38.26,-5.16,40.68,0.938,0.958,75.01,16.69,76.65,5.15
5,220.24,0.264,0.122,8.97,0.31,-4.25,220.24,0.241,0.136,10.73,0.3,-4.25,220.24,0.626,0.757,48.02,11.69,-46.7,250.24,0.716,0.675,30.57,43.42,-62.61,70.24,0.85,0.927,88.44,-33.88,82.05,6.6
5,283.45,0.035,0.971,95.16,3.63,-3.43,283.45,0.011,0.957,95.47,1.16,-1.1,283.45,0.86,0.653,33.83,61.43,-53.72,328.45,0.49,0.617,44.71,37.05,-8.43,73.45,0.945,0.814,77.76,-36.57,76.07,5.67
5,316.1,0.9,0.9,52.3,81.61,-27.68,248.03,0.016,0.951,94.51,0.84,-1.77,248.03,0.626,0.743,38.17,38.92,-60.43,218.03,0.443,0.73,55.56,3.32,-30.71,98.03,0.988,0.811,73.67,-64.46,72.09,1.0
5,35.51,0.172,0.054,3.8,0.08,0.71,35.51,0.178,0.176,17.02,0.46,3.62,35.51,0.89,0.846,63.82,22.19,65.2,65.51,0.681,0.77,76.19,-21.14,62.49,215.51,0.92,0.903,46.89,24.36,-69.8,8.85
5,177.8,0.13,0.092,7.84,-1.44,-0.42,177.8,0.112,0.206,21.36,-2.57,-0.73,177.8,0.505,0.882,83.11,-33.28,-7.9,207.8,0.783,0.672,44.74,0.14,-39.47,327.8,0.947,0.973,54.19,83.06,-3.86,10.0
5,193.91,0.005,0.997,99.57,-0.25,-0.24,193.91,0.015,0.971,97.0,-0.78,-0.73,193.91,0.888,0.863,66.49,-20.43,-33.02,148.91,0.484,0.772,72.76,-39.6,16.23,43.91,0.805,0.834,70.72,5.53,65.7,1.68
5,225.37,0.1,0.4,40.05,0.73,-4.73,225.37,0.1,0.4,40.05,0.73,-4.73,225.37,0.1,0.4,40.05,0.73,-4.73,180.37,0.1,0.4,42.33,-3.86,-1.36,45.37,0.1,0.4,42.18,-0.54,4.73,1.0
5,332.81,0.224,0.121,9.19,4.16,-0.9,332.81,0.258,0.142,10.98,5.54,-1.17,332.81,0.732,0.693,41.85,56.14,-3.23,2.81,0.778,0.732,42.46,54.34,37.52,152.81,0.959,0.975,86.76,-72.42,38.33,5.45
5,208.81,0.042,0.973,95.64,-0.88,-3.02,208.81,0.066,0.903,88.39,-1.28,-4.49,208.81,0.671,0.713,50.18,-1.32,-36.89,238.81,0.602,0.533,27.78,24.61,-45.25,28.81,0.952,0.976,65.77,41.66,71.03,6.24
5,216.03,0.025,0.998,98.45,-0.16,-2.13,216.03,0.01,0.941,94.25,-0.06,-0.77,216.03,0.726,0.607,37.34,8.43,-41.3,246.03,0.484,0.723,45.11,26.36,-46.19,6.03,0.975,0.929,50.56,72.75,62.4,9.54
5,347.99,0.03,0.98,96.24,2.73,0.17,347.99,0.073,0.953,91.13,6.62,0.45,347.99,0.692,0.632,38.42,47.37,12.85,302.99,0.525,0.661,48.02,47.94,-29.23,347.99,0.2,0.5,45.79,11.08,1.01,7.33
5,315.44,0.196,0.081,5.5,2.24,-1.13,315.44,0.133,0.194,18.4,4.1,-2.06,315.44,0.738,0.628,39.12,56.49,-22.4,0.44,0.501,0.614,43.14,32.23,15.3,105.44,0.852,0.939,84.0,-72.45,76.15,8.59
5,320.13,0.1,0.4,40.14,5.45,-2.38,320.13,0.1,0.4,40.14,5.45,-2.38,320.13,0.1,0.4,40.14,5.45,-2.38,350.13,0.1,0.4,39.99,4.43,0.53,140.13,0.1,0.4,42.15,-5.37,2.5,1.0
5,53.44,0.207,0.055,3.97,-0.31,1.14,53.44,0.224,0.165,16.49,-1.36,5.7,53.44,0.756,0.685,65.35,-7.72,59.05,8.44,0.551,0.651,46.29,30.92,21.97,203.44,0.989,0.808,51.32,0.75,-49.06,9.4
5,346.69,0.038,0.996,97.07,3.61,0.12,346.69,0.056,0.927,90.01,5.01,0.18,346.69,0.549,0.879,58.74,50.5,8.68,16.69,0.676,0.684,47.66,31.93,34.28,166.69,0.821,0.862,78.92,-52.16,7.55,4.5
5,30.16,0.023,0.997,98.85,0.46,1.78,30.16,0.006,0.928,93.41,0.11,0.44,30.16,0.707,0.87,66.34,22.76,52.54,0.16,0.758,0.644,37.13,50.03,31.36,240.16,0.982,0.838,26.59,68.56,-93.84,7.09
5,202.72,0.131,0.112,9.65,-0.72,-1.36,202.72,0.2,0.129,11.18,-1.2,-2.34,202.72,0.881,0.85,57.37,-4.85,-45.45,232.72,0.433,0.734,50.9,14.97,-38.7,352.72,0.808,0.84,47.34,65.44,32.44,6.14
5,345.69,0.1,0.4,40.01,4.58,0.1,345.69,0.1,0.4,40.01,4.58,0.1,345.69,0.1,0.4,40.01,4.58,0.1,30.69,0.1,0.4,41.45,0.95,3.68,135.69,0.1,0.4,42.13,-5.53,2.92,1.0
5,75.2,0.252,0.099,8.52,-1.65,3.68,75.2,0.209,0.124,11.64,-2.36,4.24,75.2,0.749,0.661,64.68,-28.41,57.45,120.2,0.438,0.673,63.95,-38.97,31.37,255.2,0.845,0.97,38.5,71.49,-93.12,7.74
5,335.4,0.178,0.143,12.04,3.73,-0.65,335.4,0.239,0.198,16.93,6.68,-1.09,335.4,0.875,0.772,43.29,66.44,6.04,5.4,0.592,0.77,51.59,41.45,26.43,155.4,0.855,0.958,85.84,-66.35,28.17,8.14
5,144.28,0.257,0.064,4.57,-1.82,0.74,144.28,0.208,0.211,21.34,-6.35,2.64,144.28,0.857,0.856,77.04,-67.0,42.45,174.28,0.694,0.656,62.36,-34.34,-3.63,324.28,0.97,0.986,55.15,85.32,-10.4,8.3
5,92.98,0.228,0.117,10.62,-3.44,4.09,92.98,0.246,0.122,11.1,-3.83,4.57,92.98,0.893,0.785,72.44,-55.24,69.08,122.98,0.687,0.784,71.41,-61.8,53.01,272.98,0.849,0.817,38.22,68.22,-71.19,4.78
5,294.16,0.231,0.073,4.65,2.22,-1.77,294.16,0.27,0.216,18.34,9.5,-7.19,294.16,0.612,0.662,44.31,53.07,-37.97,249.16,0.404,0.61,42.78,19.03,-32.92,114.16,0.986,0.927,82.05,-80.21,78.38,6.51
5,300.48,0.011,0.975,97.1,1.35,-0.96,300.48,0.003,0.972,97.33,0.33,-0.23,300.48,0.571,0.975,67.44,71.52,-45.39,345.48,0.54,0.712,48.54,42.09,5.78,90.48,0.806,0.991,90.19,-59.44,79.36,1.0
5,332.24,0.042,0.984,95.89,4.35,-1.08,332.24,0.053,0.964,93.45,5.4,-1.33,332.24,0.568,0.799,53.77,51.43,-6.74,287.24,0.597,0.67,43.61,49.41,-40.31,122.24,0.942,0.979,86.12,-83.92,79.7,1.92
5,123.85,0.105,0.101,8.74,-1.96,1.06,123.85,0.207,0.163,15.79,-5.8,4.04,123.85,0.544,0.826,76.03,-54.27,43.19,153.85,0.472,0.534,51.99,-27.61,8.73,303.85,0.831,0.951,58.25,88.3,-50.03,8.95
5,120.25,0.022,0.991,98.68,-2.75,1.96,120.25,0.019,0.958,95.8,-2.37,1.7,120.25,0.872,0.714,64.74,-64.87,61.18,90.25,0.668,0.756,71.59,-41.44,56.07,330.25,0.83,0.919,52.81,75.92,-4.44,4.12
5,317.13,0.008,0.956,95.63,0.92,-0.46,317.13,0.025,0.93,92.34,2.7,-1.32,317.13,0.82,0.717,42.79,65.87,-22.73,287.13,0.411,0.735,55.6,37.12,-30.99,317.13,0.2,0.5,46.2,13.52,-6.29,7.25
5,43.56,0.001,0.989,99.01,-0.01,0.08,43.56,0.032,0.942,94.15,-0.27,2.97,43.56,0.765,0.72,62.19,4.45,56.19,88.56,0.469,0.651,63.89,-26.27,36.08,253.56,0.995,0.948,32.35,76.54,-100.24,7.05
5,266.43,0.215,0.146,11.54,3.73,-4.81,266.43,0.249,0.15,11.51,4.47,-5.73,266.43,0.579,0.856,50.68,47.93,-56.6,296.43,0.453,0.743,55.81,45.28,-31.66,56.43,0.864,0.901,85.51,-13.75,81.32,6.72
5,102.84,0.046,0.996,98.74,-4.79,4.63,102.84,0.044,0.951,94.81,-4.43,4.28,102.84,0.761,0.678,63.02,-50.77,55.2,132.84,0.714,0.798,72.57,-61.36,45.47,312.84,0.945,0.809,47.14,77.25,-30.47,7.84
5,243.08,0.011,1.0,99.11,0.53,-1.29,243.08,0.026,0.925,91.38,1.22,-2.97,243.08,0.669,0.824,38.78,44.61,-71.42,213.08,0.793,0.701,42.54,8.38,-47.21,33.08,0.851,0.817,60.95,23.83,60.43,7.55
5,328.18,0.9,0.9,50.73,77.39,-5.3,184.09,0.243,0.129,11.7,-3.19,-1.49,184.09,0.787,0.679,61.61,-29.46,-14.38,229.09,0.62,0.705,40.55,21.18,-50.93,334.09,0.882,0.886,49.66,74.42,5.01,1.0
5,51.07,0.9,0.9,80.49,-4.34,78.84,33.03,0.004,0.906,91.55,0.05,0.31,33.03,0.774,0.711,55.12,18.22,50.18,3.03,0.562,0.579,39.33,32.78,18.35,213.03,0.997,0.809,41.74,22.04,-64.61,3.6
5,341.99,0.1,0.4,40.03,4.7,-0.26,341.99,0.1,0.4,40.03,4.7,-0.26,341.99,0.1,0.4,40.03,4.7,-0.26,296.99,0.1,0.4,40.2,5.97,-4.4,131.99,0.1,0.4,42.11,-5.66,3.28,1.0
5,22.26,0.008,0.955,95.69,0.27,0.48,22.26,0.047,0.923,91.11,1.65,2.85,22.26,0.859,0.955,62.38,46.69,62.5,52.26,0.66,0.596,57.45,-5.97,46.89,202.26,1.0,0.845,54.48,-1.14,-49.31,5.61
5,266.67,0.297,0.12,8.0,3.74,-5.35,266.67,0.212,0.161,13.16,4.02,-5.16,266.67,0.738,0.12,3.78,8.18,-11.82,236.67,0.426,0.543,37.24,13.8,-31.49,86.67,0.898,0.852,78.81,-52.65,74.77,4.96
5,47.02,0.134,0.07,5.33,-0.16,1.05,47.02,0.255,0.165,15.95,-0.73,5.92,47.02,0.688,0.793,71.24,-0.94,57.79,17.02,0.545,0.712,53.83,25.16,27.42,197.02,0.998,0.824,58.7,-11.85,-39.66,10.0
5,227.39,0.012,0.97,96.53,0.21,-1.19,227.39,0.014,0.941,93.81,0.25,-1.41,227.39,0.734,0.97,49.23,34.92,-75.49,182.39,0.524,0.763,71.76,-27.51,-10.85,17.39,0.918,0.914,55.37,56.47,61.45,5.66
5,97.23,0.9,0.9,81.38,-65.79,76.33,148.88,0.284,0.123,10.91,-5.29,1.84,148.88,0.725,0.767,70.47,-53.91,26.46,103.88,0.49,0.511,49.85,-28.72,29.5,298.88,0.823,0.831,51.41,80.24,-51.3,1.16
5,121.94,0.9,0.9,79.95,-77.97,73.39,30.72,0.233,0.176,16.36,1.23,4.38,30.72,0.663,0.878,68.5,20.11,50.0,345.72,0.746,0.663,39.0,52.5,13.28,210.72,0.875,0.908,53.41,10.93,-59.96,1.0
5,108.89,0.027,0.979,97.63,-2.99,2.59,108.89,0.043,0.935,93.37,-4.59,3.98,108.89,0.785,0.661,61.1,-54.19,54.76,138.89,0.481,0.626,59.76,-35.81,20.27,318.89,0.816,0.823,48.9,72.61,-22.53,7.11
5,195.41,0.1,0.4,41.56,-2.34,-2.49,195.41,0.1,0.4,41.56,-2.34,-2.49,195.41,0.1,0.4,41.56,-2.34,-2.49,150.41,0.1,0.4,42.2,-5.0,1.51,345.41,0.1,0.4,40.01,4.59,0.07,1.0
5,69.62,0.04,0.953,95.5,-2.24,4.55,69.62,0.067,0.922,92.52,-3.57,7.32,69.62,0.698,0.714,70.49,-23.88,59.17,24.62,0.5,0.698,57.01,16.04,27.95,279.62,0.911,0.893,43.21,78.21,-73.99,6.41
5,10.24,0.9,0.9,51.67,63.78,57.35,228.19,0.023,0.927,92.0,0.43,-2.26,228.19,0.759,0.605,29.41,25.69,-53.85,183.19,0.668,0.634,59.07,-26.9,-11.61,48.19,0.944,0.896,77.14,1.65,77.72,1.95
5,183.77,0.224,0.109,9.39,-2.59,-1.18,183.77,0.11,0.168,16.94,-1.89,-0.87,183.77,0.824,0.841,74.9,-35.51,-16.98,213.77,0.487,0.768,58.12,0.57,-32.25,3.77,0.947,0.903,49.05,71.61,59.31,8.93
5,13.73,0.157,0.105,8.33,1.37,0.97,13.73,0.137,0.143,12.96,1.56,1.43,13.73,0.641,0.681,47.3,32.85,30.61,58.73,0.674,0.559,56.94,-11.33,48.38,13.73,0.2,0.5,47.24,6.75,6.14,4.6
5,303.25,0.174,0.085,6.01,2.36,-1.59,303.25,0.275,0.206,17.43,9.71,-6.25,303.25,0.852,0.772,47.42,76.09,-43.74,258.25,0.785,0.617,26.53,47.1,-60.34,153.25,0.926,0.824,74.66,-62.48,31.17,8.91
5,43.18,0.205,0.109,9.42,-0.18,2.86,43.18,0.292,0.161,15.15,-0.25,6.32,43.18,0.536,0.795,71.62,1.36,43.94,88.18,0.608,0.691,66.55,-34.35,48.44,253.18,0.963,0.925,32.15,74.09,-97.22,6.11
5,162.5,0.1,0.4,42.26,-4.56,0.34,162.5,0.1,0.4,42.26,-4.56,0.34,162.5,0.1,0.4,42.26,-4.56,0.34,207.5,0.1,0.4,40.95,-1.11,-3.39,342.5,0.1,0.4,40.03,4.69,-0.21,1.0
5,167.8,0.287,0.106,9.04,-4.03,-0.08,167.8,0.252,0.167,16.29,-5.2,-0.11,167.8,0.654,0.847,78.54,-44.41,3.1,197.8,0.74,0.689,53.6,-13.6,-27.97,17.8,0.807,0.95,60.95,49.9,56.23,9.51
5,129.39,0.038,0.996,98.77,-4.56,2.76,129.39,0.026,0.923,92.63,-2.96,1.78,129.39,0.606,0.642,60.05,-46.94,34.82,84.39,0.642,0.675,65.31,-32.59,50.4,309.39,0.938,0.811,47.82,78.64,-36.33,7.82
5,46.87,0.185,0.053,3.75,-0.13,0.88,46.87,0.277,0.144,13.46,-0.68,5.73,46.87,0.72,0.053,3.26,-0.43,3.1,16.87,0.429,0.697,56.59,18.68,20.3,256.87,1.0,0.997,35.08,80.07,-102.77,1.3
5,99.67,0.215,0.087,7.02,-2.44,2.42,99.67,0.146,0.181,18.4,-3.57,3.7,99.67,0.629,0.706,66.58,-43.55,49.19,69.67,0.588,0.67,66.85,-20.16,48.72,279.67,0.993,0.898,41.79,80.0,-77.07,7.96
5,344.69,0.9,0.9,49.34,73.55,27.42,138.93,0.064,0.975,96.41,-7.14,3.41,138.93,0.673,0.875,79.42,-61.28,38.98,183.93,0.515,0.734,68.58,-25.1,-11.49,318.93,0.895,0.905,52.24,80.78,-22.77,1.0
5,255.81,0.1,0.4,39.55,3.27,-5.44,255.81,0.1,0.4,39.55,3.27,-5.44,255.81,0.1,0.4,39.55,3.27,-5.44,300.81,0.1,0.4,40.25,6.14,-4.25,75.81,0.1,0.4,42.68,-3.1,5.41,1.0
5,279.14,0.121,0.061,4.12,0.73,-0.76,279.14,0.18,0.198,17.7,4.85,-4.88,279.14,0.755,0.835,44.83,66.92,-62.8,324.14,0.601,0.72,48.02,51.7,-14.23,69.14,0.979,0.947,90.02,-35.32,87.23,7.76
5,161.55,0.048,0.966,96.01,-4.58,0.4,161.55,0.055,0.906,90.64,-4.91,0.43,161.55,0.558,0.859,79.97,-43.15,8.25,131.55,0.431,0.528,51.26,-29.69,19.43,341.55,0.879,0.829,45.99,69.05,18.0,6.17
5,282.76,0.287,0.059,3.43,1.63,-1.61,282.76,0.261,0.185,15.06,7.02,-6.53,282.76,0.592,0.827,52.34,55.86,-49.46,312.76,0.568,0.684,47.58,50.1,-23.54,282.76,0.2,0.5,45.71,12.29,-11.48,5.99
5,137.93,0.155,0.125,11.53,-3.17,1.59,137.93,0.24,0.129,11.81,-5.06,2.59,137.93,0.881,0.823,74.1,-68.47,51.22,92.93,0.674,0.588,56.47,-35.78,45.81,347.93,0.992,0.802,42.92,68.35,38.53,5.47
5,117.37,0.223,0.139,12.97,-5.41,4.19,117.37,0.211,0.179,17.6,-6.34,4.91,117.37,0.649,0.625,58.19,-49.29,44.22,147.37,0.459,0.502,48.96,-27.02,11.48,327.37,0.898,0.924,52.18,79.19,-7.02,9.0
5,303.98,0.1,0.4,40.23,6.02,-3.94,303.98,0.1,0.4,40.23,6.02,-3.94,303.98,0.1,0.4,40.23,6.02,-3.94,258.98,0.1,0.4,39.6,3.47,-5.36,153.98,0.1,0.4,42.22,-4.87,1.16,1.0
5,183.61,0.043,0.96,95.59,-3.13,-1.43,183.61,0.034,0.921,92.25,-2.38,-1.09,183.61,0.505,0.87,80.26,-28.62,-12.7,138.61,0.499,0.554,53.26,-33.65,19.31,333.61,0.856,0.988,55.72,80.29,3.27,4.13
5,273.75,0.291,0.079,4.66,2.35,-2.79,273.75,0.126,0.202,19.12,3.17,-3.56,273.75,0.568,0.614,38.4,38.62,-40.31,228.75,0.598,0.51,30.29,14.64,-37.54,63.75,0.813,0.889,86.68,-23.82,79.36,7.74
5,129.44,0.154,0.107,9.42,-2.92,1.79,129.44,0.126,0.212,21.83,-4.26,2.62,129.44,0.57,0.824,75.7,-54.6,39.96,99.44,0.623,0.624,59.45,-39.01,44.16,129.44,0.2,0.5,50.89,-13.77,8.68,7.6
5,256.57,0.154,0.129,10.55,1.99,-3.23,256.57,0.172,0.16,13.61,2.69,-4.35,256.57,0.615,0.636,34.58,36.34,-50.12,286.57,0.756,0.638,36.56,57.18,-46.94,256.57,0.2,0.5,44.66,8.28,-13.16,2.27
5,177.89,0.009,0.956,95.94,-0.7,-0.21,177.89,0.036,0.946,94.62,-2.94,-0.86,177.89,0.828,0.899,82.89,-44.74,-9.42,222.89,0.779,0.673,35.13,21.83,-55.02,27.89,0.907,0.89,60.83,37.66,64.31,1.22
5,315.43,0.007,0.985,98.26,0.76,-0.39,315.43,0.053,0.944,91.78,5.94,-3.03,315.43,0.662,0.794,51.43,63.08,-25.86,285.43,0.474,0.777,55.24,44.08,-37.65,165.43,0.877,0.902,81.98,-56.69,11.17,5.4
5,33.26,0.002,0.973,97.53,0.02,0.12,33.26,0.075,0.973,95.13,1.05,6.01,33.26,0.824,0.973,72.39,25.89,67.96,348.26,0.436,0.564,42.21,27.67,4.37,243.26,0.937,0.984,33.1,75.93,-104.24,6.47
5,81.18,0.019,0.997,99.49,-1.42,2.13,81.18,0.069,0.976,97.0,-4.96,7.52,81.18,0.548,0.608,60.16,-24.44,40.64,126.18,0.669,0.749,68.65,-57.8,46.85,291.18,0.945,0.923,50.64,86.62,-65.91,7.62
5,255.53,0.009,0.961,95.92,0.59,-1.01,255.53,0.03,0.953,93.58,1.95,-3.31,255.53,0.688,0.883,43.09,53.79,-73.0,300.53,0.472,0.705,53.08,46.44,-29.99,75.53,0.89,0.957,89.65,-43.04,84.18,4.87
5,330.52,0.181,0.066,4.33,1.32,-0.35,330.52,0.118,0.173,16.25,2.99,-0.8,330.52,0.805,0.653,38.03,57.27,-4.3,300.52,0.478,0.646,48.69,43.79,-28.27,180.52,0.833,0.922,84.46,-42.99,-13.68,7.84
5,178.25,0.9,0.9,82.83,-45.5,-9.97,253.03,0.038,0.946,92.42,2.31,-4.19,253.03,0.591,0.828,45.59,41.48,-60.79,208.03,0.64,0.644,46.85,-2.69,-31.86,43.03,0.939,0.954,76.82,11.94,77.94,2.49
5,61.04,0.003,0.992,99.31,-0.13,0.35,61.04,0.069,0.968,96.72,-2.99,8.13,61.04,0.827,0.666,67.34,-16.43,64.61,31.04,0.402,0.636,56.79,7.29,22.79,61.04,0.2,0.5,52.71,-4.78,13.84,3.76
5,156.87,0.1,0.4,42.23,-4.76,0.88,156.87,0.1,0.4,42.23,-4.76,0.88,156.87,0.1,0.4,42.23,-4.76,0.88,201.87,0.1,0.4,41.24,-1.68,-2.97,6.87,0.1,0.4,40.27,3.4,1.98,1.0
5,300.04,0.006,0.988,98.61,0.71,-0.5,300.04,0.022,0.911,90.81,2.66,-1.89,300.04,0.606,0.988,67.03,76.11,-48.46,345.04,0.552,0.677,45.85,41.33,5.43,150.04,0.882,0.883,79.46,-66.51,36.08,2.06
5,184.33,0.221,0.057,4.05,-0.87,-0.43,184.33,0.167,0.154,14.97,-2.57,-1.23,184.33,0.706,0.057,3.51,-2.48,-1.27,214.33,0.459,0.505,39.69,0.3,-21.88,4.33,0.968,0.957,51.79,75.24,63.31,4.66
5,332.92,0.001,0.976,97.8,0.11,-0.03,332.92,0.021,0.921,91.72,2.0,-0.48,332.92,0.851,0.693,39.41,61.05,0.51,2.92,0.679,0.623,38.65,42.3,26.18,122.92,0.843,0.986,86.98,-81.87,75.2,5.3
5,96.8,0.017,0.969,96.99,-1.61,1.73,96.8,0.03,0.916,92.05,-2.71,2.93,96.8,0.866,0.838,76.51,-60.43,71.19,51.8,0.488,0.603,59.17,-5.42,35.62,306.8,0.871,0.982,58.91,90.71,-46.76,3.48
5,314.13,0.194,0.148,12.54,4.82,-2.48,314.13,0.277,0.209,17.52,9.3,-4.67,314.13,0.551,0.743,51.91,51.79,-23.38,284.13,0.614,0.787,49.41,56.12,-48.4,164.13,0.869,0.878,79.87,-56.25,12.79,9.31
5,314.55,0.9,0.9,52.54,82.24,-30.45,44.05,0.005,0.926,93.38,-0.05,0.47,44.05,0.55,0.875,78.3,0.78,49.26,359.05,0.595,0.549,35.55,35.57,17.2,194.05,0.846,0.868,67.44,-20.84,-32.19,1.0
5,267.4,0.167,0.117,9.16,2.4,-3.06,267.4,0.277,0.129,8.96,4.42,-5.54,267.4,0.896,0.794,33.47,66.61,-75.62,312.4,0.643,0.547,36.31,46.5,-21.62,117.4,0.919,0.857,76.52,-75.15,72.42,5.94
5,130.43,0.04,0.977,97.04,-4.8,2.84,130.43,0.019,0.924,92.82,-2.16,1.27,130.43,0.687,0.829,75.26,-62.48,47.73,175.43,0.465,0.548,53.9,-22.05,-3.82,280.43,0.923,0.906,43.98,79.76,-74.59,5.59
5,225.71,0.155,0.073,4.98,0.2,-1.3,225.71,0.15,0.193,17.85,0.66,-3.9,225.71,0.628,0.683,40.66,17.1,-47.56,180.71,0.459,0.704,67.97,-24.57,-8.23,225.71,0.2,0.5,45.78,2.15,-11.52,3.75
5,109.85,0.163,0.134,12.73,-3.53,3.05,109.85,0.257,0.149,14.13,-6.07,5.33,109.85,0.533,0.707,66.65,-43.23,41.07,154.85,0.625,0.716,67.07,-43.59,14.99,259.85,0.978,0.836,30.29,69.91,-87.26,5.92
5,234.87,0.04,0.977,94.99,1.37,-4.5,234.87,0.029,0.914,90.34,0.91,-3.03,234.87,0.606,0.757,41.28,28.77,-57.48,189.87,0.615,0.66,58.24,-20.62,-16.68,234.87,0.2,0.5,44.67,4.49,-13.21,7.34
5,296.33,0.177,0.118,9.47,3.79,-2.81,296.33,0.243,0.185,15.72,7.68,-5.62,296.33,0.673,0.866,55.89,72.11,-49.11,326.33,0.596,0.736,49.05,51.7,-12.22,116.33,0.902,0.98,86.38,-82.53,79.8,9.77
5,29.9,0.245,0.134,11.62,1.11,3.61,29.9,0.181,0.156,14.51,0.89,3.0,29.9,0.763,0.623,47.26,19.5,42.98,359.9,0.676,0.735,44.61,50.77,28.67,179.9,0.895,0.842,78.15,-41.63,-12.09,6.22
5,42.18,0.1,0.4,42.02,-0.22,4.5,42.18,0.1,0.4,42.02,-0.22,4.5,42.18,0.1,0.4,42.02,-0.22,4.5,87.18,0.1,0.4,42.51,-3.88,5.15,192.18,0.1,0.4,41.73,-2.67,-2.25,1.0
5,265.39,0.035,0.977,95.39,2.8,-3.79,265.39,0.041,0.979,95.21,3.27,-4.41,265.39,0.509,0.691,44.54,34.52,-42.21,235.39,0.725,0.545,24.42,29.67,-52.66,85.39,0.868,0.993,90.74,-56.58,83.4,2.56
5,130.66,0.038,0.99,98.25,-4.56,2.68,130.66,0.031,0.955,95.29,-3.59,2.11,130.66,0.543,0.719,67.16,-46.78,32.94,175.66,0.427,0.64,62.58,-23.23,-4.27,340.66,0.958,0.933,50.71,77.31,24.78,6.55
5,223.61,0.017,0.975,96.71,0.16,-1.58,223.61,0.036,0.936,92.17,0.35,-3.25,223.61,0.625,0.79,48.14,16.47,-51.32,268.61,0.743,0.536,26.4,42.86,-47.83,13.61,0.96,0.946,54.26,65.91,63.87,8.57
5,223.55,0.018,0.973,96.51,0.17,-1.71,223.55,0.069,0.959,92.08,0.73,-6.45,223.55,0.595,0.695,43.91,13.25,-44.04,193.55,0.678,0.633,53.08,-17.25,-20.57,223.55,0.2,0.5,46.05,1.6,-11.12,7.11
5,130.8,0.049,0.974,96.61,-5.74,3.37,130.8,0.058,0.938,93.25,-6.59,3.89,130.8,0.649,0.839,76.36,-60.55,45.0,85.8,0.441,0.645,63.76,-23.38,34.06,280.8,0.826,0.916,47.27,77.05,-70.55,5.66
5,287.21,0.031,0.964,94.86,3.34,-2.95,287.21,0.028,0.915,90.72,2.85,-2.52,287.21,0.601,0.815,52.48,58.23,-47.5,317.21,0.534,0.539,38.39,38.22,-15.64,137.21,0.829,0.9,80.47,-71.67,52.64,4.52
5,248.54,0.041,0.991,95.97,2.36,-4.82,248.54,0.006,0.946,94.76,0.33,-0.68,248.54,0.778,0.626,25.26,44.71,-63.83,278.54,0.588,0.599,37.66,41.08,-39.3,98.54,0.97,0.956,85.46,-73.05,81.26,4.69
5,232.08,0.9,0.9,34.32,57.49,-90.05,165.94,0.006,0.946,95.13,-0.54,-0.01,165.94,0.624,0.753,70.67,-40.13,4.31,120.94,0.697,0.56,52.2,-48.2,42.35,15.94,0.818,0.805,50.87,46.71,49.01,2.59
5,252.46,0.9,0.9,32.8,69.96,-92.51,157.16,0.153,0.168,16.74,-3.51,0.65,157.16,0.777,0.603,56.56,-43.09,14.93,187.16,0.477,0.57,53.5,-17.44,-10.57,307.16,0.864,0.967,58.08,89.21,-45.55,2.3
5,274.8,0.9,0.9,41.39,76.34,-78.03,265.9,0.188,0.183,15.88,3.91,-5.11,265.9,0.625,0.851,47.64,51.44,-60.73,235.9,0.745,0.561,24.2,32.35,-55.57,115.9,0.929,0.838,75.0,-73.69,71.49,1.79
5,276.4,0.004,0.996,99.39,0.4,-0.43,276.4,0.035,0.961,94.12,3.3,-3.56,276.4,0.55,0.878,55.87,51.4,-51.22,306.4,0.531,0.793,56.59,55.1,-31.08,126.4,0.821,0.897,80.04,-74.55,65.1,4.44
5,193.17,0.03,0.968,96.26,-1.62,-1.45,193.17,0.049,0.932,92.46,-2.52,-2.26,193.17,0.847,0.968,75.38,-24.1,-33.78,238.17,0.596,0.638,34.02,27.63,-51.45,43.17,0.924,0.868,70.85,10.24,72.21,1.86
5,272.86,0.281,0.127,8.8,4.8,-5.4,272.86,0.147,0.144,12.39,2.74,-3.13,272.86,0.866,0.837,38.58,70.2,-73.52,302.86,0.645,0.581,39.29,51.5,-30.86,272.86,0.2,0.5,45.3,10.76,-12.13,2.5
5,166.84,0.023,0.978,97.58,-2.11,-0.06,166.84,0.033,0.92,92.29,-2.9,-0.08,166.84,0.766,0.978,88.63,-55.44,6.97,121.84,0.632,0.709,65.38,-54.17,46.02,346.84,0.812,0.885,49.99,69.18,23.88,5.81
5,122.58,0.1,0.4,42.07,-5.99,4.19,122.58,0.1,0.4,42.07,-5.99,4.19,122.58,0.1,0.4,42.07,-5.99,4.19,92.58,0.1,0.4,42.44,-4.24,5.03,332.58,0.1,0.4,40.08,5.02,-1.17,1.0
5,292.96,0.198,0.107,8.07,3.03,-2.64,292.96,0.131,0.139,12.32,3.08,-2.43,292.96,0.55,0.754,52.12,53.22,-39.18,247.96,0.729,0.705,30.93,45.35,-66.57,82.96,0.9,0.995,91.22,-54.89,85.18,9.5
5,3.27,0.119,0.111,9.16,1.51,0.69,3.27,0.136,0.123,10.35,1.91,0.88,3.27,0.687,0.699,43.19,46.59,29.56,33.27,0.464,0.742,64.67,8.34,31.17,183.27,0.859,0.892,79.3,-38.22,-17.41,5.61
5,192.77,0.252,0.133,11.74,-2.53,-2.26,192.77,0.189,0.143,13.28,-2.05,-1.81,192.77,0.561,0.702,60.99,-18.06,-18.49,162.77,0.745,0.532,50.59,-35.69,7.48,342.77,0.873,0.925,51.23,74.71,21.94,6.93
5,314.8,0.003,0.954,95.73,0.39,-0.21,314.8,0.048,0.94,91.75,5.38,-2.8,314.8,0.617,0.893,59.1,65.81,-28.15,359.8,0.651,0.601,37.23,41.71,22.45,104.8,0.857,0.921,82.57,-71.13,75.26,3.35
5,266.14,0.029,0.956,94.1,2.28,-3.03,266.14,0.055,0.901,87.53,4.16,-5.52,266.14,0.822,0.691,30.77,56.23,-64.69,221.14,0.403,0.708,54.71,4.7,-28.9,116.14,0.955,0.848,75.69,-74.86,72.62,5.92
5,217.33,0.299,0.057,3.39,-0.01,-1.37,217.33,0.149,0.14,12.35,-0.05,-2.55,217.33,0.891,0.861,44.3,24.97,-67.93,172.33,0.656,0.627,59.9,-33.0,-1.8,7.33,0.864,0.948,54.05,67.56,56.24,8.32
5,286.4,0.02,0.988,97.59,2.2,-1.97,286.4,0.036,0.917,90.42,3.67,-3.28,286.4,0.678,0.761,46.07,60.62,-49.98,256.4,0.75,0.66,29.56,46.92,-61.99,106.4,0.989,0.859,76.96,-72.93,74.5,5.95
5,230.94,0.002,0.966,96.83,0.05,-0.21,230.94,0.041,0.915,89.72,1.0,-4.11,230.94,0.562,0.604,36.68,17.31,-41.91,275.94,0.792,0.574,28.77,50.27,-49.82,20.94,0.841,0.948,61.66,47.35,60.3,7.38
5,142.64,0.04,0.997,98.86,-4.48,1.88,142.64,0.022,0.974,97.2,-2.41,1.0,142.64,0.847,0.722,65.95,-59.02,38.45,187.64,0.745,0.652,57.28,-24.3,-16.93,292.64,0.917,0.955,53.65,89.18,-65.54,3.37
5,336.22,0.9,0.9,49.95,75.23,10.41,269.25,0.019,0.962,95.32,1.6,-1.99,269.25,0.8,0.759,35.78,60.48,-66.59,314.25,0.565,0.733,50.78,52.32,-23.4,89.25,0.906,0.952,86.63,-60.83,81.22,2.06
5,93.24,0.031,0.976,97.39,-2.75,3.19,93.24,0.062,0.946,94.25,-5.41,6.29,93.24,0.672,0.636,60.75,-38.24,48.66,48.24,0.559,0.797,73.86,-3.4,48.79,243.24,0.883,0.906,31.74,68.12,-95.22,7.31
5,197.91,0.049,0.966,95.24,-2.15,-2.72,197.91,0.024,0.972,96.67,-1.07,-1.34,197.91,0.547,0.88,72.28,-15.82,-26.26,167.91,0.494,0.709,67.93,-31.25,0.95,347.91,0.804,0.875,49.6,68.06,24.9,3.39
5,131.55,0.042,0.989,98.06,-4.97,2.87,131.55,0.025,0.937,93.83,-2.84,1.63,131.55,0.856,0.644,59.04,-57.62,47.12,86.55,0.685,0.679,65.19,-36.11,53.09,311.55,0.823,0.855,51.59,77.81,-34.48,7.13
5,169.35,0.045,0.96,95.59,-3.95,-0.32,169.35,0.023,0.968,96.76,-2.06,-0.17,169.35,0.636,0.889,82.25,-44.37,1.15,214.35,0.608,0.653,45.29,3.3,-35.65,349.35,0.998,0.978,52.3,79.3,49.7,2.42
5,329.97,0.007,0.977,97.48,0.75,-0.22,329.97,0.008,0.936,93.82,0.8,-0.23,329.97,0.62,0.726,47.39,51.93,-8.29,14.97,0.747,0.643,42.3,36.02,36.08,119.97,0.973,0.819,73.27,-73.8,71.0,6.25
5,148.84,0.008,0.982,98.26,-0.82,0.26,148.84,0.077,0.95,94.01,-7.86,2.55,148.84,0.778,0.719,66.2,-53.57,27.43,118.84,0.79,0.545,50.48,-50.38,46.62,358.84,0.971,0.933,49.88,75.54,60.82,7.14
5,62.43,0.022,0.999,99.79,-1.05,2.66,62.43,0.026,0.937,94.24,-1.19,3.01,62.43,0.591,0.701,70.66,-15.66,52.15,92.43,0.449,0.765,73.84,-30.91,39.0,272.43,0.947,0.903,39.14,76.81,-82.18,7.35
5,68.18,0.008,0.984,98.55,-0.42,0.88,68.18,0.024,0.91,91.84,-1.24,2.61,68.18,0.867,0.887,85.39,-30.35,80.48,23.18,0.719,0.541,39.32,22.27,33.17,68.18,0.2,0.5,52.46,-6.01,13.45,2.19
5,263.1,0.9,0.9,36.27,72.34,-86.67,346.48,0.244,0.167,13.63,5.49,0.32,346.48,0.712,0.79,47.33,58.18,14.81,301.48,0.401,0.572,45.65,33.32,-21.45,136.48,0.993,0.867,77.35,-74.64,61.98,3.12
5,230.46,0.011,0.982,97.66,0.27,-1.18,230.46,0.008,0.903,90.89,0.18,-0.79,230.46,0.845,0.828,34.77,45.66,-78.76,275.46,0.551,0.753,48.07,44.96,-45.59,80.46,0.962,0.829,77.61,-46.5,75.75,5.53
5,294.1,0.9,0.9,51.7,85.55,-60.81,238.8,0.003,0.932,93.72,0.12,-0.35,238.8,0.864,0.807,28.64,59.06,-85.8,268.8,0.552,0.605,37.73,35.16,-40.16,88.8,0.846,0.9,82.75,-55.17,75.76,2.38
5,162.86,0.043,0.988,98.12,-4.08,0.24,162.86,0.049,0.904,90.54,-4.35,0.26,162.86,0.778,0.767,70.97,-48.74,10.96,192.86,0.444,0.608,55.24,-13.86,-13.44,162.86,0.2,0.5,51.26,-10.79,0.92,3.22
5,74.07,0.191,0.085,7.07,-1.36,2.37,74.07,0.261,0.137,13.15,-3.08,5.79,74.07,0.739,0.722,70.33,-29.16,61.31,29.07,0.718,0.548,42.31,16.8,36.15,224.07,0.873,0.815,37.38,35.8,-72.61,7.6
5,32.22,0.277,0.076,5.32,0.44,1.79,32.22,0.116,0.216,21.93,0.56,2.64,32.22,0.657,0.787,62.88,16.28,46.18,77.22,0.404,0.674,67.3,-18.51,33.44,32.22,0.2,0.5,49.41,2.15,9.23,5.29
5,90.94,0.233,0.117,10.61,-3.41,4.23,90.94,0.208,0.212,21.81,-5.04,6.26,90.94,0.864,0.614,58.1,-43.02,56.56,135.94,0.433,0.542,52.58,-29.65,17.62,270.94,0.905,0.805,35.14,68.8,-74.5,6.32
5,55.43,0.9,0.9,84.37,-11.93,81.84,191.93,0.048,0.943,93.55,-2.65,-2.18,191.93,0.658,0.632,54.23,-18.64,-18.71,236.93,0.455,0.584,38.52,16.26,-35.82,11.93,0.817,0.938,56.78,58.36,53.51,2.65
5,101.86,0.027,0.956,95.64,-2.65,2.6,101.86,0.016,0.959,96.05,-1.61,1.58,101.86,0.514,0.634,60.92,-34.67,37.05,146.86,0.575,0.791,73.47,-47.44,22.4,101.86,0.2,0.5,51.34,-11.64,11.73,1.82
5,223.44,0.027,0.959,94.67,0.25,-2.52,223.44,0.067,0.926,89.4,0.67,-6.11,223.44,0.894,0.715,32.34,32.39,-65.99,178.44,0.644,0.646,61.98,-30.38,-7.5,13.44,0.944,0.882,50.98,61.62,59.73,9.79
5,5.43,0.219,0.076,4.97,1.4,0.71,5.43,0.242,0.167,13.89,4.29,2.32,5.43,0.742,0.807,48.69,53.97,38.77,320.43,0.766,0.534,32.26,49.69,-15.06,215.43,0.888,0.931,49.7,22.33,-69.25,8.47
5,28.18,0.1,0.4,41.32,1.21,3.5,28.18,0.1,0.4,41.32,1.21,3.5,28.18,0.1,0.4,41.32,1.21,3.5,73.18,0.1,0.4,42.71,-2.92,5.47,208.18,0.1,0.4,40.92,-1.04,-3.44,1.0
5,16.63,0.199,0.082,5.88,1.03,1.09,16.63,0.299,0.219,19.09,4.68,5.11,16.63,0.594,0.68,49.86,27.29,29.14,46.63,0.776,0.752,66.56,0.75,60.66,226.63,0.973,0.813,31.52,49.55,-81.88,5.5
5,341.0,0.241,0.091,6.09,2.82,-0.17,341.0,0.153,0.196,18.09,4.03,-0.28,341.0,0.829,0.707,40.03,59.65,11.75,11.0,0.465,0.728,55.73,25.98,20.45,161.0,0.945,0.995,88.89,-66.78,22.59,7.8
5,159.98,0.034,0.989,98.33,-3.31,0.38,159.98,0.002,0.912,92.16,-0.22,0.02,159.98,0.792,0.844,77.12,-54.92,16.35,129.98,0.761,0.559,51.97,-48.94,38.75,339.98,0.83,0.802,45.42,65.99,11.66,6.09
5,204.7,0.9,0.9,58.0,-0.28,-51.52,332.64,0.212,0.181,15.61,5.57,-1.22,332.64,0.733,0.807,48.63,63.42,-3.65,2.64,0.694,0.527,32.18,37.86,23.32,182.64,0.839,0.823,74.35,-36.63,-15.35,1.0
5,70.4,0.195,0.079,6.34,-1.1,2.13,70.4,0.244,0.187,19.23,-3.44,7.21,70.4,0.837,0.661,65.16,-25.91,62.51,100.4,0.755,0.655,61.36,-47.66,53.68,250.4,0.807,0.912,36.57,63.97,-87.96,6.85
5,202.34,0.008,0.959,96.02,-0.29,-0.51,202.34,0.001,0.949,95.46,-0.03,-0.05,202.34,0.898,0.867,58.33,-5.01,-46.28,172.34,0.489,0.726,69.6,-29.92,-2.48,202.34,0.2,0.5,48.67,-3.71,-7.19,2.9
5,62.95,0.038,0.959,96.16,-1.77,4.43,62.95,0.018,0.977,97.81,-0.87,2.15,62.95,0.542,0.75,75.12,-15.99,50.83,107.95,0.64,0.677,63.31,-47.4,47.35,212.95,0.847,0.878,50.79,13.36,-59.91,3.02
5,95.47,0.9,0.9,81.58,-64.21,76.57,271.54,0.028,0.917,90.8,2.33,-2.76,271.54,0.618,0.686,40.19,45.01,-48.47,316.54,0.593,0.506,34.47,39.99,-16.38,121.54,0.855,0.8,71.95,-70.2,65.35,2.37
5,69.46,0.1,0.4,42.77,-2.67,5.55,69.46,0.1,0.4,42.77,-2.67,5.55,69.46,0.1,0.4,42.77,-2.67,5.55,114.46,0.1,0.4,42.13,-5.72,4.56,219.46,0.1,0.4,40.35,0.12,-4.29,1.0
5,359.0,0.183,0.06,3.84,0.91,0.3,359.0,0.164,0.209,19.23,4.0,1.38,359.0,0.806,0.67,37.57,54.08,34.82,29.0,0.615,0.795,62.92,18.48,41.65,179.0,0.914,0.89,82.08,-44.54,-11.13,5.28
5,87.45,0.128,0.097,8.37,-1.5,1.66,87.45,0.203,0.203,20.8,-4.46,5.97,87.45,0.556,0.097,7.77,-5.71,6.76,42.45,0.486,0.795,72.16,1.38,39.49,237.45,0.924,0.93,31.9,69.29,-98.43,1.0
5,22.99,0.036,0.975,96.2,1.26,2.32,22.99,0.024,0.907,90.71,0.79,1.46,22.99,0.719,0.692,49.83,27.61,40.53,52.99,0.669,0.753,71.61,-7.89,57.65,232.99,0.906,0.908,33.87,60.02,-91.95,9.85
5,4.24,0.044,0.957,93.47,3.2,1.55,4.24,0.07,0.948,91.07,5.17,2.52,4.24,0.748,0.957,56.6,63.72,44.82,34.24,0.503,0.795,68.33,9.09,36.4,214.24,0.914,0.911,48.73,21.21,-67.93,6.72
5,201.42,0.047,0.976,96.0,-1.71,-2.85,201.42,0.071,0.942,92.07,-2.5,-4.2,201.42,0.723,0.71,53.12,-9.56,-31.83,231.42,0.627,0.685,38.0,23.81,-52.13,51.42,0.824,0.966,86.8,-6.12,80.29,3.62
5,298.2,0.008,0.998,99.31,0.97,-0.71,298.2,0.074,0.97,92.76,9.25,-6.71,298.2,0.669,0.853,55.9,71.96,-47.22,268.2,0.738,0.576,28.58,44.98,-50.53,148.2,0.881,0.858,77.34,-66.04,38.06,4.65
5,294.63,0.1,0.4,40.17,5.81,-4.46,294.63,0.1,0.4,40.17,5.81,-4.46,294.63,0.1,0.4,40.17,5.81,-4.46,339.63,0.1,0.4,40.04,4.78,-0.49,144.63,0.1,0.4,42.17,-5.21,2.06,1.0
5,102.09,0.229,0.06,4.33,-1.4,1.33,102.09,0.272,0.194,19.28,-7.22,7.28,102.09,0.655,0.789,73.23,-50.82,55.41,72.09,0.632,0.757,74.18,-25.42,56.74,282.09,0.948,0.865,42.34,78.12,-71.25,6.11
5,26.51,0.299,0.146,12.26,1.96,4.45,26.51,0.126,0.153,14.58,0.78,1.91,26.51,0.656,0.689,52.92,20.65,38.36,341.51,0.786,0.621,35.82,52.21,9.01,206.51,0.975,0.951,56.74,7.93,-60.74,9.09
5,222.51,0.252,0.115,8.26,0.48,-4.0,222.51,0.198,0.123,9.73,0.37,-3.34,222.51,0.778,0.626,32.85,19.85,-51.45,252.51,0.506,0.775,47.8,32.2,-49.55,72.51,0.962,0.86,81.84,-37.24,79.84,4.96
5,335.92,0.031,0.993,97.32,3.18,-0.58,335.92,0.026,0.902,89.75,2.41,-0.44,335.92,0.867,0.666,37.32,58.99,5.43,20.92,0.576,0.749,57.01,24.16,32.62,185.92,0.839,0.866,74.86,-33.35,-20.51,6.35
5,129.69,0.023,0.971,96.87,-2.73,1.64,129.69,0.063,0.901,89.84,-6.98,4.22,129.69,0.673,0.648,60.08,-50.9,38.85,84.69,0.788,0.501,48.85,-30.3,46.47,309.69,0.929,0.932,54.87,87.21,-39.84,6.28
5,50.61,0.258,0.073,5.52,-0.47,2.18,50.61,0.214,0.163,16.09,-1.01,5.17,50.61,0.621,0.836,77.68,-5.83,57.39,5.61,0.695,0.654,40.99,42.61,29.37,200.61,0.845,0.903,63.71,-10.04,-42.94,10.0
5,149.1,0.038,0.979,97.32,-3.95,1.24,149.1,0.06,0.926,92.2,-6.05,1.92,149.1,0.801,0.837,75.94,-61.25,31.9,179.1,0.719,0.728,68.87,-34.99,-9.26,329.1,0.824,0.937,54.04,77.15,-6.81,4.0
5,139.78,0.003,0.986,98.71,-0.32,0.15,139.78,0.028,0.906,91.03,-2.97,1.36,139.78,0.745,0.697,64.17,-54.44,35.33,169.78,0.629,0.582,55.92,-31.34,0.29,349.78,0.855,0.816,45.22,66.21,30.59,7.03
5,289.44,0.9,0.9,49.07,83.09,-65.18,180.04,0.037,0.938,93.89,-2.92,-1.02,180.04,0.751,0.617,59.02,-30.83,-9.24,135.04,0.526,0.529,50.7,-34.67,21.95,0.04,0.969,0.978,52.29,78.24,64.18,1.0
5,264.46,0.26,0.145,10.76,4.39,-5.86,264.46,0.127,0.22,20.85,2.98,-4.05,264.46,0.849,0.732,31.21,59.74,-70.25,219.46,0.64,0.575,36.57,8.76,-37.55,114.46,0.92,0.856,76.49,-74.24,72.47,5.34
5,166.85,0.292,0.123,10.98,-4.67,0.02,166.85,0.295,0.213,21.26,-7.48,0.07,166.85,0.744,0.679,63.79,-41.0,4.7,136.85,0.63,0.514,48.68,-38.78,24.86,316.85,0.94,0.923,53.02,83.6,-26.0,9.28
5,237.27,0.198,0.111,8.08,0.68,-3.51,237.27,0.261,0.202,15.91,3.21,-8.41,237.27,0.84,0.661,24.3,46.54,-70.93,267.27,0.475,0.58,39.23,28.37,-33.82,27.27,0.843,0.905,63.09,35.44,61.64,5.56
5,356.93,0.286,0.085,5.23,2.56,0.72,356.93,0.164,0.144,12.32,2.96,0.86,356.93,0.562,0.738,48.9,43.11,18.13,326.93,0.513,0.673,47.86,41.94,-10.41,206.93,0.947,0.858,51.86,6.44,-55.28,9.89
5,107.78,0.9,0.9,80.46,-73.49,75.18,120.87,0.026,0.901,90.64,-3.11,2.2,120.87,0.594,0.745,68.72,-54.14,45.94,75.87,0.675,0.624,61.54,-25.67,50.6,300.87,0.949,0.984,59.48,95.82,-58.09,1.0
5,282.74,0.05,0.987,95.48,5.18,-4.95,282.74,0.017,0.956,94.96,1.73,-1.66,282.74,0.746,0.663,37.03,56.74,-49.96,327.74,0.413,0.608,46.93,31.07,-8.03,72.74,0.952,0.921,87.0,-39.44,83.93,5.25
5,17.68,0.036,0.977,96.18,1.65,2.02,17.68,0.058,0.952,92.93,2.64,3.2,17.68,0.862,0.642,40.59,39.16,43.76,47.68,0.614,0.561,52.72,-1.99,39.78,197.68,0.985,0.981,68.48,-12.08,-46.35,7.22
5,177.38,0.205,0.11,9.7,-2.73,-0.72,177.38,0.277,0.173,17.0,-5.35,-1.37,177.38,0.716,0.672,63.89,-33.84,-6.9,132.38,0.729,0.547,51.1,-46.33,34.52,27.38,0.936,0.93,62.26,41.71,67.3,9.81
5,309.34,0.009,0.954,95.43,1.0,-0.6,309.34,0.003,0.903,91.16,0.35,-0.21,309.34,0.837,0.954,57.42,86.27,-41.22,354.34,0.756,0.548,31.57,44.52,20.93,159.34,0.875,0.89,80.58,-60.65,20.95,3.95
5,36.68,0.039,0.952,94.62,0.23,3.27,36.68,0.001,0.959,96.3,0.01,0.11,36.68,0.812,0.749,59.28,15.39,56.5,351.68,0.679,0.733,44.73,51.96,18.65,186.68,0.897,0.898,76.12,-33.2,-23.05,3.15
5,57.06,0.244,0.083,6.78,-0.93,2.88,57.06,0.123,0.166,16.98,-1.01,3.28,57.06,0.594,0.083,6.5,-1.87,5.92,102.06,0.679,0.595,56.33,-41.67,45.51,237.06,0.879,0.872,31.38,61.8,-90.8,1.17
5,288.27,0.1,0.4,40.06,5.39,-4.63,288.27,0.1,0.4,40.06,5.39,-4.63,288.27,0.1,0.4,40.06,5.39,-4.63,243.27,0.1,0.4,39.37,2.46,-5.74,108.27,0.1,0.4,42.22,-5.3,4.69,1.0
5,339.54,0.9,0.9,49.68,74.5,17.04,211.4,0.065,0.971,94.17,-0.98,-4.93,211.4,0.807,0.655,40.49,5.91,-43.57,241.4,0.718,0.518,21.76,32.89,-52.64,61.4,0.926,0.943,91.83,-22.6,88.43,2.78
5,354.14,0.26,0.069,4.18,1.66,0.36,354.14,0.17,0.142,11.97,3.1,0.69,354.14,0.561,0.636,42.49,38.49,13.4,324.14,0.429,0.608,46.46,32.9,-10.42,144.14,0.91,0.968,85.87,-75.74,50.54,8.5
5,132.87,0.006,0.991,99.04,-0.7,0.39,132.87,0.016,0.96,96.14,-1.85,1.03,132.87,0.69,0.744,68.25,-56.78,41.4,162.87,0.764,0.757,70.14,-47.74,10.5,282.87,0.865,0.883,45.5,77.58,-68.75,7.07
5,292.26,0.004,0.969,96.95,0.5,-0.4,292.26,0.069,0.956,91.79,7.95,-6.39,292.26,0.549,0.969,65.69,64.53,-48.11,247.26,0.414,0.536,37.05,17.11,-30.68,142.26,0.888,0.904,80.74,-71.99,49.34,2.41
5,331.75,0.178,0.126,10.27,3.44,-0.83,331.75,0.138,0.126,10.74,2.65,-0.65,331.75,0.722,0.847,51.3,65.43,-5.3,16.75,0.685,0.773,53.27,35.9,38.67,331.75,0.2,0.5,46.0,12.33,-2.85,2.17
5,217.84,0.043,0.978,95.63,-0.08,-3.7,217.84,0.062,0.924,89.84,-0.09,-5.09,217.84,0.701,0.606,37.14,9.68,-41.47,262.84,0.638,0.672,36.61,42.13,-52.23,37.84,0.9,0.808,62.71,17.85,64.58,7.41
5,172.56,0.264,0.097,8.05,-3.13,-0.17,172.56,0.229,0.156,15.17,-4.3,-0.58,172.56,0.797,0.676,63.68,-38.91,-1.31,202.56,0.446,0.519,44.61,-6.77,-16.33,22.56,0.859,0.856,56.49,42.15,57.36,9.83
5,355.27,0.1,0.4,39.96,4.26,1.03,355.27,0.1,0.4,39.96,4.26,1.03,355.27,0.1,0.4,39.96,4.26,1.03,40.27,0.1,0.4,41.92,-0.02,4.36,145.27,0.1,0.4,42.18,-5.19,2.0,1.0
5,215.89,0.013,0.976,97.16,-0.08,-1.05,215.89,0.018,0.914,91.44,-0.11,-1.43,215.89,0.882,0.74,39.61,18.5,-57.87,170.89,0.558,0.742,70.43,-34.32,-1.1,35.89,0.958,0.958,70.31,27.24,74.0,6.25
5,240.67,0.033,0.953,93.21,1.49,-3.9,240.67,0.0,0.907,91.73,0.01,-0.03,240.67,0.883,0.838,28.84,63.74,-90.11,270.67,0.74,0.585,29.54,46.53,-50.26,30.67,0.863,0.857,61.72,29.37,61.92,6.71
5,2.49,0.043,0.951,92.94,3.28,1.4,2.49,0.071,0.927,89.08,5.39,2.33,2.49,0.779,0.836,48.29,60.82,42.04,32.49,0.789,0.787,59.88,21.26,54.99,212.49,0.917,0.858,47.55,16.49,-62.32,8.66
5,221.9,0.9,0.9,41.85,36.87,-77.62,275.5,0.036,0.912,89.86,3.2,-3.51,275.5,0.55,0.746,47.69,44.59,-45.19,320.5,0.794,0.608,36.35,56.11,-16.34,95.5,0.962,0.841,76.46,-63.25,73.95,1.66
5,8.12,0.214,0.09,6.28,1.72,1.03,8.12,0.147,0.133,11.57,1.93,1.23,8.12,0.682,0.781,50.09,45.69,34.37,323.12,0.559,0.689,47.51,47.13,-14.33,158.12,0.947,0.847,76.75,-61.12,24.68,9.13
5,347.95,0.1,0.4,40.0,4.5,0.32,347.95,0.1,0.4,40.0,4.5,0.32,347.95,0.1,0.4,40.0,4.5,0.32,317.95,0.1,0.4,40.15,5.53,-2.59,197.95,0.1,0.4,41.44,-2.08,-2.68,1.0
5,262.74,0.253,0.074,4.41,1.53,-2.29,262.74,0.204,0.172,14.38,3.83,-5.34,262.74,0.849,0.608,25.03,51.03,-61.35,307.74,0.542,0.684,48.77,49.41,-26.94,262.74,0.2,0.5,44.9,9.21,-12.77,2.55
5,295.2,0.026,0.976,96.23,3.12,-2.4,295.2,0.022,0.963,95.38,2.64,-2.03,295.2,0.796,0.976,58.51,87.37,-60.5,265.2,0.634,0.59,32.68,38.46,-46.0,145.2,0.881,0.873,78.39,-68.44,43.14,1.1
5,164.96,0.008,0.959,96.22,-0.72,0.01,164.96,0.003,0.901,91.15,-0.3,0.0,164.96,0.695,0.723,67.67,-42.33,6.31,194.96,0.412,0.578,52.62,-11.43,-13.04,344.96,0.908,0.835,45.72,69.6,26.79,6.54
5,278.74,0.9,0.9,43.35,77.99,-74.75,1.45,0.018,0.942,93.74,1.38,0.55,1.45,0.774,0.694,39.96,52.94,35.12,46.45,0.745,0.785,69.48,0.56,60.72,211.45,0.936,0.986,54.64,17.75,-69.1,1.0
5,174.16,0.012,1.0,99.75,-1.02,-0.2,174.16,0.003,0.936,94.28,-0.29,-0.06,174.16,0.719,1.0,91.2,-48.85,-4.62,129.16,0.716,0.787,71.6,-61.93,49.04,24.16,0.862,0.91,60.8,41.95,61.28,3.36
5,58.99,0.036,0.961,96.31,-1.44,4.14,58.99,0.06,0.925,92.96,-2.32,6.76,58.99,0.87,0.961,92.9,-18.84,87.64,28.99,0.78,0.72,53.37,24.0,48.85,268.99,0.949,0.946,39.3,78.47,-88.16,4.6
5,189.66,0.9,0.9,73.19,-28.28,-27.77,255.81,0.023,0.916,90.92,1.43,-2.42,255.81,0.527,0.701,42.71,32.46,-46.78,225.81,0.764,0.626,31.54,23.6,-53.63,75.81,0.988,0.993,92.15,-47.48,88.52,1.97
5,325.77,0.029,0.981,96.39,3.17,-1.14,325.77,0.072,0.973,93.04,7.76,-2.73,325.77,0.831,0.981,56.65,81.34,-12.88,280.77,0.706,0.687,39.1,55.12,-50.28,145.77,0.995,0.942,83.66,-75.64,51.82,3.45
5,297.56,0.007,0.995,99.12,0.92,-0.69,297.56,0.024,0.912,90.79,2.81,-2.08,297.56,0.843,0.995,59.97,92.5,-60.84,342.56,0.706,0.535,32.31,42.95,6.15,147.56,0.814,0.987,87.96,-71.24,39.77,3.59
5,296.63,0.004,0.972,97.3,0.5,-0.37,296.63,0.006,0.926,93.13,0.68,-0.52,296.63,0.641,0.78,51.67,64.08,-43.53,326.63,0.752,0.569,34.25,50.2,-9.27,86.63,0.917,0.834,77.25,-52.45,74.07,5.24
5,72.02,0.007,0.983,98.46,-0.42,0.79,72.02,0.065,0.919,92.23,-3.65,6.99,72.02,0.892,0.983,92.59,-39.0,86.96,27.02,0.555,0.593,48.44,14.09,28.52,252.02,0.802,0.859,35.0,60.96,-82.8,4.94
5,332.51,0.9,0.9,50.28,76.16,3.09,99.71,0.041,0.927,92.83,-3.87,3.96,99.71,0.832,0.62,57.96,-48.3,54.85,144.71,0.593,0.528,50.38,-35.76,18.14,249.71,0.893,0.889,31.94,68.49,-92.37,1.0
5,174.82,0.25,0.132,12.27,-3.96,-0.76,174.82,0.293,0.182,17.95,-6.03,-1.11,174.82,0.527,0.767,73.03,-32.07,-4.67,219.82,0.746,0.561,31.87,13.07,-43.03,174.82,0.2,0.5,51.41,-9.64,-1.84,6.29
5,306.59,0.1,0.4,40.22,5.93,-3.69,306.59,0.1,0.4,40.22,5.93,-3.69,306.59,0.1,0.4,40.22,5.93,-3.69,351.59,0.1,0.4,39.98,4.38,0.67,96.59,0.1,0.4,42.38,-4.52,4.94,1.0
5,104.38,0.9,0.9,80.71,-71.38,75.49,42.37,0.027,0.928,92.98,-0.16,2.44,42.37,0.838,0.878,72.42,9.19,69.17,72.37,0.419,0.749,74.48,-18.27,38.41,252.37,0.825,0.828,32.79,60.96,-82.01,3.29
5,339.88,0.043,0.975,95.01,4.22,-0.45,339.88,0.001,0.905,91.52,0.13,-0.01,339.88,0.844,0.685,38.56,58.89,10.47,24.88,0.465,0.678,56.64,14.07,25.31,189.88,0.849,0.882,72.33,-27.79,-26.65,5.8
5,264.2,0.171,0.066,4.29,0.92,-1.32,264.2,0.157,0.213,19.52,3.6,-4.89,264.2,0.643,0.632,34.47,40.92,-49.61,309.2,0.761,0.692,43.28,64.08,-31.65,54.2,0.899,0.87,80.74,-9.57,78.82,4.57
5,292.5,0.13,0.074,5.26,1.33,-1.08,292.5,0.24,0.194,16.55,7.55,-5.91,292.5,0.884,0.894,50.73,83.78,-61.58,247.5,0.501,0.725,44.45,28.19,-47.6,292.5,0.2,0.5,46.12,13.8,-10.82,5.6
5,317.58,0.031,0.96,94.51,3.46,-1.67,317.58,0.07,0.925,89.11,7.7,-3.68,317.58,0.718,0.96,59.41,76.77,-27.58,287.58,0.622,0.683,43.68,52.19,-42.24,167.58,0.986,0.872,79.38,-55.61,9.66,2.97
5,124.93,0.022,0.975,97.27,-2.75,1.81,124.93,0.039,0.977,97.03,-4.82,3.19,124.93,0.613,0.685,63.6,-50.93,40.93,94.93,0.585,0.533,51.84,-30.41,37.15,334.93,0.896,0.91,50.66,76.11,7.72,4.94
5,334.23,0.171,0.139,11.7,3.51,-0.69,334.23,0.257,0.216,18.38,7.82,-1.42,334.23,0.816,0.696,40.1,59.81,1.16,19.23,0.57,0.636,48.44,22.29,27.4,154.23,0.809,0.873,79.12,-60.74,25.93,7.48
5,150.24,0.037,0.982,97.65,-3.9,1.15,150.24,0.062,0.971,96.15,-6.44,1.93,150.24,0.605,0.695,65.15,-43.29,18.28,195.24,0.524,0.678,58.6,-14.91,-18.64,0.24,0.894,0.915,49.69,72.55,55.58,6.33
5,68.96,0.011,0.96,96.34,-0.61,1.26,68.96,0.031,0.916,92.29,-1.62,3.36,68.96,0.871,0.814,78.93,-29.41,75.23,23.96,0.487,0.564,46.8,13.43,22.54,68.96,0.2,0.5,52.43,-6.14,13.41,2.05
5,227.73,0.225,0.066,4.07,0.31,-1.58,227.73,0.17,0.127,10.28,0.66,-3.19,227.73,0.786,0.896,42.57,37.99,-75.87,257.73,0.446,0.586,39.91,23.53,-33.79,227.73,0.2,0.5,45.54,2.66,-11.89,4.53
5,175.05,0.292,0.102,8.51,-2.97,-0.72,175.05,0.125,0.172,17.39,-2.51,-0.53,175.05,0.844,0.102,7.68,-8.34,-1.12,145.05,0.756,0.711,65.5,-53.81,30.6,25.05,0.857,0.84,57.09,37.59,57.68,4.71
5,291.45,0.266,0.066,4.01,2.07,-1.73,291.45,0.211,0.162,13.67,5.59,-4.48,291.45,0.728,0.066,2.35,4.88,-4.16,336.45,0.554,0.796,53.84,49.12,-2.5,81.45,0.821,0.941,87.43,-47.63,78.77,4.62
5,116.83,0.234,0.135,12.4,-5.49,4.29,116.83,0.274,0.122,10.77,-5.91,4.64,116.83,0.827,0.856,76.7,-72.22,68.83,146.83,0.706,0.662,61.6,-47.98,24.78,326.83,0.848,0.898,51.63,76.23,-9.8,6.61
5,233.4,0.22,0.056,3.37,0.36,-1.27,233.4,0.27,0.214,17.15,2.84,-8.65,233.4,0.812,0.654,26.85,38.88,-65.56,188.4,0.403,0.524,49.93,-13.7,-9.08,53.4,0.956,0.815,75.16,-7.36,75.79,4.38
5,98.9,0.228,0.1,8.41,-2.58,3.02,98.9,0.225,0.164,16.06,-4.95,5.25,98.9,0.712,0.897,82.07,-57.43,66.19,53.9,0.48,0.643,63.59,-7.14,37.85,248.9,0.905,0.817,28.61,64.55,-87.34,5.92
5,93.77,0.1,0.4,42.42,-4.33,5.0,93.77,0.1,0.4,42.42,-4.33,5.0,93.77,0.1,0.4,42.42,-4.33,5.0,138.77,0.1,0.4,42.14,-5.42,2.63,273.77,0.1,0.4,39.83,4.44,-4.99,1.0
5,6.44,0.03,0.955,94.27,2.02,1.14,6.44,0.001,0.92,92.92,0.04,0.02,6.44,0.721,0.623,38.58,41.68,30.07,321.44,0.651,0.546,35.48,44.86,-14.09,156.44,0.98,0.913,81.97,-66.84,30.72,3.69
5,283.0,0.1,0.4,39.98,5.04,-4.76,283.0,0.1,0.4,39.98,5.04,-4.76,283.0,0.1,0.4,39.98,5.04,-4.76,238.0,0.1,0.4,39.42,2.04,-5.67,73.0,0.1,0.4,42.72,-2.91,5.47,1.0
5,169.46,0.024,0.966,96.57,-2.16,-0.19,169.46,0.017,0.929,93.41,-1.46,-0.13,169.46,0.865,0.628,59.11,-40.08,2.99,214.46,0.502,0.724,54.08,1.39,-32.18,349.46,0.81,0.867,48.91,67.56,27.83,7.77
5,114.54,0.15,0.081,6.47,-1.85,1.44,114.54,0.165,0.216,22.03,-5.62,4.52,114.54,0.713,0.739,67.68,-58.51,55.17,69.54,0.765,0.62,61.71,-22.57,56.46,264.54,0.941,0.863,34.05,71.71,-84.9,5.41
5,199.81,0.017,0.987,98.21,-0.7,-1.01,199.81,0.055,0.946,93.19,-2.13,-3.13,199.81,0.755,0.775,58.06,-11.94,-33.62,154.81,0.618,0.696,65.34,-42.25,14.45,349.81,0.894,0.92,50.24,73.92,37.81,7.35
5,230.43,0.9,0.9,35.37,54.48,-88.31,32.52,0.207,0.196,18.88,0.96,4.39,32.52,0.732,0.667,52.45,16.36,45.0,62.52,0.465,0.501,52.08,-10.24,31.78,182.52,0.818,0.827,74.94,-36.7,-15.08,3.95
5,124.56,0.9,0.9,79.98,-77.59,71.49,85.97,0.051,0.942,94.16,-3.9,5.27,85.97,0.871,0.769,72.09,-46.94,68.43,115.97,0.512,0.602,57.25,-39.23,34.11,295.97,0.84,0.873,52.11,82.48,-56.18,1.0
5,158.97,0.154,0.079,6.28,-1.5,0.22,158.97,0.261,0.174,17.0,-6.02,1.0,158.97,0.68,0.878,80.48,-52.17,14.69,128.97,0.64,0.717,66.21,-53.45,40.73,308.97,0.823,0.942,56.99,84.97,-41.31,10.0
5,116.79,0.234,0.05,3.48,-1.24,0.93,116.79,0.253,0.21,20.88,-8.64,6.82,116.79,0.521,0.777,72.28,-49.26,42.67,86.79,0.764,0.537,52.04,-32.71,47.77,326.79,0.869,0.999,56.8,83.52,-9.7,8.94
5,243.74,0.1,0.4,39.37,2.49,-5.73,243.74,0.1,0.4,39.37,2.49,-5.73,243.74,0.1,0.4,39.37,2.49,-5.73,273.74,0.1,0.4,39.83,4.44,-5.0,63.74,0.1,0.4,42.85,-2.28,5.68,1.0
5,182.79,0.202,0.056,4.02,-0.82,-0.36,182.79,0.257,0.18,17.7,-4.63,-1.94,182.79,0.767,0.83,75.19,-35.7,-15.01,152.79,0.657,0.79,73.0,-49.86,19.69,2.79,0.98,0.928,49.86,74.46,62.36,9.04
5,128.51,0.169,0.142,13.56,-4.11,2.6,128.51,0.142,0.158,15.52,-3.78,2.37,128.51,0.673,0.723,66.45,-55.8,43.58,98.51,0.515,0.752,71.6,-37.98,43.08,338.51,0.984,0.895,48.56,75.53,21.19,6.09
5,37.36,0.04,0.976,96.75,0.18,3.43,37.36,0.014,0.921,92.6,0.05,1.15,37.36,0.807,0.796,63.3,15.01,59.42,352.36,0.723,0.698,41.36,52.41,21.24,37.36,0.2,0.5,50.02,0.89,10.09,3.4
5,111.22,0.266,0.108,9.14,-4.82,3.74,111.22,0.122,0.179,18.1,-3.42,2.88,111.22,0.753,0.865,78.15,-66.71,65.65,156.22,0.53,0.575,55.33,-31.66,9.11,261.22,0.878,0.911,36.81,71.5,-87.4,6.97
5,247.31,0.046,0.97,93.74,2.52,-5.33,247.31,0.0,0.951,95.67,0.01,-0.03,247.31,0.847,0.893,33.31,65.33,-90.65,202.31,0.599,0.741,58.04,-9.68,-28.6,97.31,0.974,0.864,78.13,-66.6,75.44,5.67
5,316.54,0.039,0.979,95.61,4.54,-2.25,316.54,0.065,0.912,88.36,7.05,-3.48,316.54,0.578,0.663,45.55,48.62,-19.93,1.54,0.521,0.724,50.01,37.55,19.18,136.54,0.992,0.946,83.66,-79.72,66.33,5.74
5,225.93,0.9,0.9,38.58,45.53,-82.99,237.41,0.037,0.909,89.21,1.37,-4.02,237.41,0.818,0.861,33.32,56.34,-86.07,267.41,0.589,0.75,44.29,44.27,-51.35,27.41,0.839,0.914,63.84,35.3,62.01,1.0
5,235.8,0.3,0.074,4.13,0.89,-2.81,235.8,0.284,0.15,10.73,2.53,-6.99,235.8,0.739,0.73,32.38,39.93,-68.12,265.8,0.737,0.505,24.32,39.65,-46.25,25.8,0.902,0.842,56.55,39.06,60.33,5.98
5,152.27,0.24,0.127,11.59,-4.5,1.28,152.27,0.192,0.163,15.94,-4.45,1.24,152.27,0.782,0.767,70.33,-54.83,24.75,107.27,0.754,0.584,54.6,-47.13,48.32,332.27,0.826,0.967,55.33,78.22,-0.92,10.0
5,160.7,0.04,0.959,95.57,-3.78,0.39,160.7,0.005,0.94,94.59,-0.44,0.04,160.7,0.616,0.769,71.89,-42.99,9.63,130.7,0.45,0.719,68.0,-39.76,26.81,340.7,0.946,0.815,44.43,69.63,20.98,6.3
5,66.97,0.044,0.992,98.9,-2.32,5.13,66.97,0.033,0.958,95.99,-1.73,3.81,66.97,0.699,0.626,62.81,-19.42,53.79,36.97,0.629,0.636,54.23,8.1,39.54,246.97,0.905,0.938,32.84,71.83,-98.02,7.35
5,46.67,0.161,0.117,10.62,-0.37,2.76,46.67,0.229,0.172,16.86,-0.66,5.49,46.67,0.596,0.681,62.88,-1.41,44.78,1.67,0.614,0.573,37.01,36.64,20.27,256.67,0.966,0.901,32.14,73.16,-93.72,6.91
5,206.13,0.9,0.9,56.57,2.65,-53.79,270.96,0.277,0.129,9.05,4.67,-5.45,270.96,0.772,0.627,30.73,51.07,-54.82,225.96,0.546,0.627,40.87,12.39,-38.74,90.96,0.92,0.829,76.22,-56.77,73.05,1.36
5,41.59,0.1,0.4,41.99,-0.16,4.45,41.59,0.1,0.4,41.99,-0.16,4.45,41.59,0.1,0.4,41.99,-0.16,4.45,356.59,0.1,0.4,39.96,4.22,1.16,221.59,0.1,0.4,40.24,0.34,-4.45,1.0
5,282.71,0.225,0.1,6.97,3.29,-2.93,282.71,0.275,0.194,15.74,7.73,-7.19,282.71,0.565,0.805,52.26,52.23,-46.41,252.71,0.518,0.514,31.39,23.59,-36.24,72.71,0.931,0.988,92.65,-41.08,88.13,9.59
5,24.31,0.179,0.139,12.37,1.21,2.39,24.31,0.102,0.21,21.13,0.95,1.91,24.31,0.763,0.899,63.07,35.11,54.27,339.31,0.466,0.572,41.95,31.35,-0.79,204.31,0.91,0.858,55.55,-0.73,-49.42,10.0
5,56.03,0.191,0.108,9.72,-1.0,3.2,56.03,0.274,0.183,18.6,-2.12,7.87,56.03,0.882,0.898,84.85,-13.0,81.53,26.03,0.642,0.667,51.5,19.99,36.22,56.03,0.2,0.5,52.27,-3.65,13.23,6.5
5,101.44,0.1,0.4,42.31,-4.84,4.84,101.44,0.1,0.4,42.31,-4.84,4.84,101.44,0.1,0.4,42.31,-4.84,4.84,146.44,0.1,0.4,42.18,-5.15,1.89,281.44,0.1,0.4,39.95,4.94,-4.8,1.0
5,140.17,0.22,0.124,11.24,-4.41,2.1,140.17,0.229,0.12,10.74,-4.46,2.13,140.17,0.814,0.644,59.38,-53.78,36.16,170.17,0.717,0.726,68.17,-40.36,0.81,290.17,0.9,0.986,54.09,89.57,-69.26,8.0
5,86.05,0.183,0.149,14.58,-3.01,4.14,86.05,0.123,0.192,19.85,-2.53,3.45,86.05,0.604,0.726,69.83,-34.02,50.39,41.05,0.664,0.732,63.24,5.51,49.1,296.05,0.873,0.97,57.18,90.97,-61.88,9.43
5,1.48,0.015,0.993,98.42,1.19,0.47,1.48,0.034,0.934,91.94,2.65,1.05,1.48,0.696,0.686,41.55,47.99,29.01,316.48,0.649,0.726,47.5,57.57,-22.8,151.48,0.913,0.967,86.15,-71.5,38.07,5.0
5,174.97,0.26,0.065,4.7,-1.48,-0.31,174.97,0.168,0.205,21.06,-3.91,-0.79,174.97,0.7,0.852,79.21,-41.9,-5.22,129.97,0.775,0.713,65.12,-59.76,48.07,174.97,0.2,0.5,51.41,-9.63,-1.88,5.89
5,263.57,0.231,0.095,6.31,2.29,-3.08,263.57,0.246,0.183,14.78,5.0,-6.8,263.57,0.751,0.095,2.74,5.39,-8.64,233.57,0.476,0.622,40.98,15.69,-37.77,113.57,0.955,0.851,76.0,-74.38,72.91,5.37
5,147.55,0.144,0.062,4.54,-0.98,0.34,147.55,0.103,0.163,16.34,-2.47,0.86,147.55,0.636,0.809,74.53,-51.9,24.99,102.55,0.53,0.618,59.41,-35.25,37.34,297.55,0.867,0.893,53.71,85.93,-56.52,9.69
5,77.47,0.22,0.14,13.52,-2.88,4.89,77.47,0.165,0.216,22.62,-3.16,5.33,77.47,0.569,0.877,84.25,-30.84,57.23,47.47,0.488,0.742,69.77,-2.83,39.96,287.47,0.844,0.905,49.49,80.51,-65.3,8.32
5,276.55,0.026,0.967,95.31,2.47,-2.66,276.55,0.073,0.906,86.96,6.55,-7.0,276.55,0.824,0.967,47.89,78.19,-76.96,306.55,0.648,0.693,46.27,58.35,-31.97,66.55,0.824,0.892,86.29,-27.61,79.4,5.25
5,126.3,0.9,0.9,80.0,-77.28,70.0,218.81,0.267,0.123,9.2,0.17,-4.23,218.81,0.529,0.794,55.66,6.7,-39.97,248.81,0.572,0.511,28.43,25.42,-40.66,38.81,0.839,0.91,71.99,15.65,68.86,1.0
5,174.89,0.107,0.108,9.74,-1.46,-0.3,174.89,0.165,0.198,20.21,-3.73,-0.75,174.89,0.688,0.822,76.76,-40.41,-5.01,204.89,0.462,0.507,42.56,-5.39,-17.64,324.89,0.898,0.866,49.25,76.12,-11.36,9.39
5,36.64,0.1,0.4,41.74,0.34,4.1,36.64,0.1,0.4,41.74,0.34,4.1,36.64,0.1,0.4,41.74,0.34,4.1,6.64,0.1,0.4,40.26,3.42,1.97,246.64,0.1,0.4,39.42,2.68,-5.66,1.0
5,58.12,0.179,0.057,4.21,-0.39,1.13,58.12,0.264,0.174,17.69,-2.24,7.44,58.12,0.888,0.883,85.34,-16.27,82.09,103.12,0.79,0.59,55.22,-46.79,50.7,58.12,0.2,0.5,52.52,-4.15,13.58,6.69
5,279.58,0.003,0.972,97.31,0.31,-0.32,279.58,0.032,0.977,95.76,3.2,-3.25,279.58,0.686,0.648,37.23,50.88,-47.44,324.58,0.464,0.708,52.22,40.17,-12.07,129.58,0.988,0.912,80.83,-79.19,72.02,5.74
5,289.36,0.181,0.099,7.3,2.91,-2.22,289.36,0.106,0.16,14.98,2.68,-2.26,289.36,0.567,0.683,46.01,48.84,-38.42,244.36,0.661,0.613,29.22,34.5,-55.3,139.36,0.905,0.914,81.43,-74.46,55.22,8.9
5,321.06,0.043,0.978,95.34,4.76,-2.05,321.06,0.078,0.974,92.81,8.69,-3.69,321.06,0.859,0.64,37.19,60.46,-15.58,291.06,0.706,0.724,44.48,62.23,-46.94,171.06,0.974,0.95,86.13,-55.77,3.46,5.29
5,226.44,0.15,0.079,5.58,0.25,-1.48,226.44,0.162,0.214,19.75,0.86,-4.64,226.44,0.833,0.77,35.3,34.99,-69.23,196.44,0.732,0.688,54.57,-15.24,-26.3,46.44,0.866,0.922,78.63,3.22,75.93,6.95
5,224.41,0.1,0.4,40.1,0.63,-4.66,224.41,0.1,0.4,40.1,0.63,-4.66,224.41,0.1,0.4,40.1,0.63,-4.66,254.41,0.1,0.4,39.53,3.18,-5.47,44.41,0.1,0.4,42.13,-0.44,4.66,1.0
5,2.87,0.9,0.9,49.36,70.31,55.74,45.28,0.041,0.963,95.89,-0.49,3.95,45.28,0.888,0.708,60.69,4.49,61.87,0.28,0.798,0.644,36.31,51.82,34.33,225.28,0.879,0.837,37.18,39.58,-76.06,1.0
5,118.77,0.03,0.987,98.13,-3.71,2.72,118.77,0.021,0.976,97.36,-2.65,1.94,118.77,0.782,0.665,60.95,-58.51,54.27,148.77,0.501,0.63,60.29,-34.72,14.41,118.77,0.2,0.5,50.83,-14.36,10.94,2.77
5,250.51,0.215,0.085,5.48,1.35,-2.7,250.51,0.284,0.171,12.63,4.37,-7.91,250.51,0.751,0.725,31.25,48.93,-69.07,220.51,0.695,0.712,42.17,14.58,-49.4,100.51,0.863,0.934,83.95,-68.88,76.8,6.74
5,171.72,0.048,0.988,98.01,-4.28,-0.58,171.72,0.024,0.976,97.39,-2.11,-0.29,171.72,0.812,0.709,66.44,-41.27,-0.16,126.72,0.547,0.603,56.99,-41.73,31.52,21.72,0.925,0.965,60.74,52.48,66.21,2.71
5,335.6,0.1,0.4,40.06,4.92,-0.88,335.6,0.1,0.4,40.06,4.92,-0.88,335.6,0.1,0.4,40.06,4.92,-0.88,290.6,0.1,0.4,40.1,5.54,-4.57,185.6,0.1,0.4,42.06,-3.33,-1.75,1.0
5,219.04,0.01,0.965,96.31,-0.0,-0.9,219.04,0.009,0.9,90.68,-0.0,-0.71,219.04,0.596,0.755,49.93,8.94,-43.32,264.04,0.747,0.774,37.06,56.01,-66.74,9.04,0.854,0.954,55.29,65.4,56.27,7.65
5,183.65,0.106,0.108,9.73,-1.25,-0.57,183.65,0.178,0.172,17.06,-3.07,-1.39,183.65,0.676,0.749,68.54,-30.35,-13.78,153.65,0.687,0.598,56.38,-40.9,15.71,333.65,0.851,0.85,48.22,71.27,2.4,8.65
5,346.59,0.118,0.06,4.14,0.68,0.02,346.59,0.179,0.167,14.64,3.97,0.2,346.59,0.58,0.625,41.39,40.35,7.16,16.59,0.709,0.71,48.41,35.02,37.48,166.59,0.969,0.872,79.36,-56.2,11.06,8.1
5,213.46,0.218,0.143,12.06,-0.39,-3.54,213.46,0.134,0.197,19.02,-0.36,-2.86,213.46,0.685,0.652,43.01,4.44,-39.18,243.46,0.52,0.633,37.41,25.09,-45.06,63.46,0.862,0.865,84.59,-23.51,80.05,7.08
5,78.28,0.9,0.9,84.25,-44.85,79.87,215.39,0.113,0.196,19.11,-0.18,-2.48,215.39,0.853,0.69,38.22,14.82,-52.5,185.39,0.768,0.532,48.31,-23.07,-12.82,35.39,0.937,0.858,63.58,24.78,67.32,4.51
5,237.56,0.1,0.4,39.44,2.0,-5.64,237.56,0.1,0.4,39.44,2.0,-5.64,237.56,0.1,0.4,39.44,2.0,-5.64,207.56,0.1,0.4,40.95,-1.1,-3.4,27.56,0.1,0.4,41.29,1.27,3.45,1.0
5,38.0,0.231,0.117,10.02,0.23,3.47,38.0,0.152,0.124,11.22,0.13,2.38,38.0,0.766,0.811,65.64,12.93,58.34,353.0,0.665,0.614,37.85,44.05,16.6,218.0,0.836,0.904,48.25,23.28,-67.78,6.14
5,220.2,0.036,0.986,96.64,0.1,-3.25,220.2,0.024,0.919,91.44,0.06,-2.01,220.2,0.704,0.644,38.07,13.33,-45.85,190.2,0.467,0.773,69.64,-19.48,-15.29,40.2,0.822,0.992,79.35,13.68,73.76,6.35
5,358.22,0.115,0.096,7.57,1.37,0.42,358.22,0.276,0.202,16.49,6.79,2.32,358.22,0.688,0.096,3.63,6.2,1.97,28.22,0.794,0.709,51.85,25.3,48.58,178.22,0.86,0.876,80.88,-44.06,-9.74,4.23
5,127.72,0.019,0.974,97.29,-2.28,1.42,127.72,0.014,0.963,96.42,-1.65,1.03,127.72,0.844,0.974,86.12,-80.07,69.65,97.72,0.582,0.51,49.55,-30.51,35.35,307.72,0.807,0.803,49.34,74.85,-38.16,3.35
5,206.29,0.035,0.962,95.04,-0.92,-2.37,206.29,0.055,0.926,91.03,-1.38,-3.61,206.29,0.589,0.671,51.17,-5.16,-29.07,236.29,0.736,0.589,25.69,33.57,-57.45,206.29,0.2,0.5,48.18,-2.73,-7.92,6.06
5,145.74,0.004,0.986,98.71,-0.41,0.15,145.74,0.057,0.928,92.43,-5.86,2.18,145.74,0.725,0.63,58.73,-47.39,25.66,190.74,0.744,0.609,51.85,-19.93,-18.88,295.74,0.821,0.97,57.89,88.53,-60.61,7.0
5,13.05,0.017,0.974,96.83,0.92,0.82,13.05,0.024,0.936,93.05,1.28,1.13,13.05,0.661,0.877,59.02,42.73,38.89,328.05,0.725,0.5,30.43,44.0,-7.44,163.05,0.86,0.805,73.86,-53.14,13.27,3.69
5,191.39,0.9,0.9,71.43,-25.3,-30.48,47.33,0.164,0.141,13.58,-0.49,3.34,47.33,0.657,0.81,73.21,-1.67,56.72,77.33,0.78,0.745,71.72,-34.24,64.48,197.33,0.964,0.986,69.65,-13.59,-45.14,1.0
5,168.48,0.049,0.999,98.92,-4.52,-0.27,168.48,0.041,0.943,94.24,-3.56,-0.22,168.48,0.767,0.712,66.63,-42.3,3.32,213.48,0.785,0.524,31.85,6.3,-37.27,168.48,0.2,0.5,51.33,-10.25,-0.38,3.69
5,113.68,0.032,0.99,98.36,-3.82,3.05,113.68,0.078,0.961,94.86,-9.06,7.29,113.68,0.697,0.688,63.53,-54.08,51.17,68.68,0.675,0.79,77.41,-24.41,62.66,323.68,0.894,0.848,48.45,75.22,-13.5,7.16
5,310.6,0.04,0.991,96.68,4.77,-2.76,310.6,0.048,0.904,88.68,5.35,-3.09,310.6,0.716,0.722,46.01,63.35,-30.31,265.6,0.641,0.688,37.93,44.27,-52.46,310.6,0.2,0.5,46.29,14.07,-7.82,7.93
5,144.55,0.038,0.991,98.39,-4.14,1.61,144.55,0.044,0.969,96.36,-4.73,1.84,144.55,0.55,0.889,81.8,-51.19,25.77,174.55,0.451,0.588,57.7,-23.01,-3.45,354.55,0.891,0.836,45.57,68.06,42.84,3.55
5,337.97,0.012,0.954,95.16,1.16,-0.17,337.97,0.074,0.943,90.28,7.19,-0.99,337.97,0.641,0.869,54.91,59.56,1.06,22.97,0.426,0.594,50.44,12.45,19.91,157.97,0.984,0.88,79.37,-63.94,27.19,3.26
5,88.21,0.182,0.108,9.57,-2.36,2.8,88.21,0.233,0.17,16.91,-4.46,5.88,88.21,0.78,0.812,75.92,-47.48,66.9,133.21,0.651,0.708,65.42,-52.36,37.07,238.21,0.953,0.977,32.67,74.7,-103.99,6.22
5,231.34,0.9,0.9,34.78,56.16,-89.28,214.37,0.055,0.929,90.87,-0.48,-4.23,214.37,0.874,0.656,36.41,13.56,-50.35,169.37,0.726,0.609,57.89,-35.84,1.5,64.37,0.88,0.863,84.17,-24.87,80.32,2.74
5,206.26,0.209,0.108,8.48,-0.82,-2.28,206.26,0.241,0.183,16.52,-1.42,-4.13,206.26,0.61,0.766,57.29,-5.46,-33.41,176.26,0.659,0.744,70.28,-35.63,-6.14,206.26,0.2,0.5,48.18,-2.74,-7.92,6.53
5,166.66,0.105,0.058,4.25,-0.56,-0.01,166.66,0.116,0.126,11.86,-1.94,-0.03,166.66,0.607,0.697,66.06,-36.7,3.12,136.66,0.735,0.637,58.97,-51.25,35.37,16.66,0.998,0.834,48.62,57.95,60.25,10.0
5,224.54,0.002,0.978,97.93,0.02,-0.19,224.54,0.029,0.974,95.81,0.35,-2.83,224.54,0.854,0.791,36.73,34.15,-70.11,179.54,0.699,0.51,49.48,-25.93,-7.35,74.54,0.941,0.835,79.37,-38.65,77.23,4.89
5,179.0,0.9,0.9,82.91,-44.76,-11.22,82.24,0.043,0.933,93.57,-3.04,4.47,82.24,0.567,0.65,63.72,-27.15,44.03,127.24,0.557,0.539,51.17,-38.61,28.97,292.24,0.889,0.98,55.16,89.95,-66.53,1.35
5,183.61,0.118,0.13,12.29,-1.62,-0.74,183.61,0.108,0.168,16.87,-1.85,-0.84,183.61,0.668,0.661,61.15,-27.4,-12.36,153.61,0.761,0.565,53.15,-41.92,17.19,183.61,0.2,0.5,51.02,-8.27,-3.71,5.51
5,261.21,0.222,0.059,3.54,0.91,-1.39,261.21,0.286,0.134,9.29,4.32,-6.15,261.21,0.68,0.059,1.9,2.47,-3.82,231.21,0.683,0.575,29.51,23.51,-49.01,111.21,0.827,0.924,82.45,-73.94,73.46,4.58
5,264.97,0.017,0.989,97.8,1.36,-1.87,264.97,0.052,0.94,91.05,4.01,-5.45,264.97,0.682,0.633,32.97,43.84,-52.12,294.97,0.574,0.765,52.42,56.85,-40.18,264.97,0.2,0.5,44.99,9.55,-12.63,7.5
5,109.42,0.181,0.084,6.75,-2.22,1.87,109.42,0.179,0.177,17.62,-4.85,4.25,109.42,0.723,0.708,65.4,-54.55,54.37,64.42,0.443,0.681,68.95,-13.6,38.64,319.42,0.89,0.816,47.17,74.28,-20.45,8.79
5,168.76,0.007,0.987,98.72,-0.65,-0.05,168.76,0.043,0.932,93.19,-3.7,-0.25,168.76,0.724,0.672,63.39,-38.97,2.31,138.76,0.5,0.705,66.53,-40.86,23.49,18.76,0.95,0.904,54.75,55.97,62.74,6.12
5,58.03,0.29,0.063,4.75,-0.72,2.12,58.03,0.267,0.174,17.7,-2.26,7.53,58.03,0.546,0.876,85.77,-13.77,57.41,103.03,0.792,0.63,58.73,-49.32,53.52,238.03,0.921,0.926,31.61,69.47,-98.28,6.98
5,116.34,0.26,0.111,9.48,-5.12,3.71,116.34,0.163,0.156,15.17,-4.33,3.37,116.34,0.793,0.765,69.39,-64.7,61.32,146.34,0.474,0.607,58.33,-32.7,14.65,296.34,0.979,0.991,57.34,94.93,-64.44,10.0
5,316.91,0.232,0.137,10.85,5.32,-2.51,316.91,0.179,0.123,9.98,3.73,-1.78,316.91,0.73,0.702,43.75,60.8,-22.58,271.91,0.613,0.629,37.14,41.75,-44.74,136.91,0.806,0.954,84.9,-74.08,53.96,5.74
5,192.96,0.025,0.981,97.56,-1.35,-1.2,192.96,0.041,0.975,96.51,-2.22,-1.96,192.96,0.552,0.604,53.06,-15.77,-16.28,222.96,0.733,0.683,37.49,19.42,-52.64,42.96,0.895,0.846,69.51,9.53,69.85,2.85
5,130.72,0.291,0.129,11.56,-6.39,3.95,130.72,0.194,0.185,18.42,-5.82,3.53,130.72,0.611,0.129,10.61,-12.19,8.05,100.72,0.795,0.761,70.08,-55.82,62.55,340.72,0.898,0.896,49.41,73.96,19.18,3.02
5,104.89,0.23,0.06,4.29,-1.44,1.3,104.89,0.167,0.218,22.41,-5.09,4.81,104.89,0.609,0.89,81.77,-54.71,56.83,59.89,0.445,0.783,78.72,-12.55,44.17,314.89,0.972,0.934,53.67,85.52,-29.29,8.93
5,317.51,0.9,0.9,52.09,81.06,-25.15,307.16,0.14,0.148,13.17,3.59,-2.2,307.16,0.592,0.751,51.65,57.64,-31.48,337.16,0.468,0.781,56.45,41.05,-2.67,127.16,0.894,0.954,84.34,-80.5,72.15,1.0
5,342.71,0.121,0.066,4.56,0.82,-0.04,342.71,0.202,0.162,13.74,4.5,-0.13,342.71,0.664,0.066,2.49,3.71,-0.06,12.71,0.712,0.695,45.66,38.74,35.16,132.71,0.843,0.934,83.04,-76.01,61.29,5.12
5,302.84,0.289,0.105,7.13,4.83,-3.38,302.84,0.216,0.127,10.03,5.05,-3.32,302.84,0.785,0.775,48.74,73.71,-43.19,347.84,0.596,0.563,36.84,37.85,8.0,152.84,0.834,0.932,83.69,-65.83,30.74,7.93
5,248.28,0.1,0.4,39.44,2.78,-5.62,248.28,0.1,0.4,39.44,2.78,-5.62,248.28,0.1,0.4,39.44,2.78,-5.62,203.28,0.1,0.4,41.16,-1.54,-3.08,68.28,0.1,0.4,42.79,-2.59,5.58,1.0
5,299.35,0.9,0.9,54.73,88.47,-55.78,189.18,0.047,0.906,90.39,-2.78,-1.89,189.18,0.555,0.658,59.2,-20.0,-14.81,144.18,0.569,0.572,54.45,-37.06,18.89,9.18,0.842,0.914,53.49,62.24,53.34,1.0
5,319.27,0.1,0.4,40.15,5.48,-2.46,319.27,0.1,0.4,40.15,5.48,-2.46,319.27,0.1,0.4,40.15,5.48,-2.46,274.27,0.1,0.4,39.84,4.47,-4.98,109.27,0.1,0.4,42.2,-5.37,4.67,1.0
5,283.35,0.001,0.952,95.66,0.11,-0.11,283.35,0.027,0.956,94.34,2.72,-2.57,283.35,0.604,0.6,38.1,44.17,-38.7,253.35,0.583,0.63,35.25,32.67,-48.03,103.35,0.867,0.826,74.88,-64.73,69.62,6.13
5,32.08,0.048,0.975,96.15,0.76,3.71,32.08,0.08,0.949,92.75,1.29,6.1,32.08,0.547,0.618,52.44,10.14,31.35,77.08,0.477,0.532,53.81,-17.62,32.41,212.08,0.8,0.851,51.85,8.78,-54.37,7.43
5,152.58,0.258,0.091,7.31,-3.22,0.9,152.58,0.114,0.191,19.62,-3.04,0.8,152.58,0.56,0.878,81.1,-48.11,17.75,197.58,0.795,0.664,50.91,-13.11,-28.61,2.58,0.973,0.864,46.5,70.43,58.55,8.05
5,212.95,0.038,0.979,96.18,-0.47,-2.97,212.95,0.049,0.912,89.78,-0.57,-3.68,212.95,0.561,0.719,52.2,1.03,-34.52,167.95,0.737,0.657,61.96,-39.12,3.27,32.95,0.913,0.88,63.77,28.64,66.63,6.36
5,91.51,0.216,0.088,7.17,-2.22,2.57,91.51,0.232,0.219,22.49,-5.82,7.17,91.51,0.518,0.886,83.63,-38.87,50.54,61.51,0.451,0.67,68.2,-12.07,39.24,301.51,0.854,0.913,56.14,87.59,-52.57,8.74
5,28.84,0.254,0.125,10.46,1.19,3.45,28.84,0.154,0.19,18.54,0.97,2.95,28.84,0.764,0.69,51.5,22.62,46.14,58.84,0.494,0.789,78.66,-12.67,48.56,208.84,0.947,0.957,55.47,11.78,-63.63,9.51
5,263.94,0.004,0.975,97.57,0.28,-0.39,263.94,0.041,0.918,89.88,3.06,-4.26,263.94,0.518,0.668,42.37,33.68,-42.19,233.94,0.474,0.771,50.28,19.05,-44.98,83.94,0.868,0.809,75.8,-46.59,71.44,6.68
5,244.79,0.202,0.143,11.18,2.27,-4.91,244.79,0.188,0.17,14.2,2.43,-5.28,244.79,0.568,0.884,48.59,38.13,-64.19,289.79,0.688,0.718,44.27,60.09,-46.47,94.79,0.891,0.855,78.0,-60.64,73.4,9.0
5,110.4,0.104,0.069,5.25,-0.92,0.77,110.4,0.183,0.126,11.57,-3.76,3.23,110.4,0.664,0.661,61.63,-49.09,47.77,80.4,0.543,0.529,52.87,-21.27,36.06,290.4,0.834,0.822,46.62,75.73,-57.92,8.45
5,4.75,0.284,0.081,5.06,2.05,0.98,4.75,0.205,0.167,14.36,3.67,1.89,4.75,0.733,0.865,52.1,57.21,40.07,319.75,0.706,0.54,33.9,47.62,-15.76,214.75,0.845,0.898,50.41,17.15,-63.46,9.19
5,353.65,0.039,0.979,95.47,3.46,0.67,353.65,0.005,0.901,90.91,0.4,0.08,353.65,0.542,0.698,47.24,40.21,13.24,308.65,0.468,0.545,41.2,35.71,-19.44,203.65,0.818,0.885,60.53,-5.33,-45.42,7.43
5,191.83,0.101,0.091,7.58,-0.74,-0.62,191.83,0.211,0.171,16.39,-2.74,-2.28,191.83,0.662,0.836,70.22,-23.27,-23.42,161.83,0.41,0.625,60.98,-25.7,3.8,191.83,0.2,0.5,49.98,-6.28,-5.24,7.07
5,271.27,0.22,0.149,11.94,4.21,-4.91,271.27,0.231,0.192,16.11,5.49,-6.39,271.27,0.898,0.149,3.71,14.16,-17.72,226.27,0.446,0.523,37.96,7.6,-27.31,61.27,0.982,0.971,94.22,-23.16,91.59,4.71
5,304.69,0.157,0.139,11.99,3.89,-2.49,304.69,0.255,0.135,10.47,6.22,-3.93,304.69,0.788,0.85,52.97,78.59,-43.87,274.69,0.5,0.652,43.96,35.89,-37.18,154.69,0.84,0.89,80.38,-62.55,26.96,9.3
5,269.83,0.03,0.982,96.22,2.58,-3.18,269.83,0.005,0.949,95.17,0.43,-0.53,269.83,0.698,0.746,39.49,53.34,-58.54,239.83,0.428,0.537,35.92,15.71,-32.65,89.83,0.88,0.885,81.14,-56.94,75.84,5.43
5,248.79,0.026,0.969,95.24,1.45,-2.96,248.79,0.058,0.936,90.03,3.22,-6.49,248.79,0.686,0.969,45.56,55.01,-81.24,203.79,0.625,0.625,48.11,-7.05,-27.09,68.79,0.859,0.836,80.89,-29.6,76.39,5.4
5,114.32,0.267,0.071,5.23,-2.48,1.93,114.32,0.114,0.127,11.96,-2.48,1.98,114.32,0.62,0.739,68.34,-53.02,48.8,69.32,0.462,0.614,62.18,-15.38,36.3,264.32,0.937,0.837,32.97,69.86,-82.85,6.49
5,219.58,0.032,0.967,95.22,0.05,-2.8,219.58,0.012,0.971,96.74,0.01,-1.04,219.58,0.521,0.815,57.03,7.41,-40.79,249.58,0.754,0.763,32.61,51.02,-72.54,219.58,0.2,0.5,46.54,0.59,-10.38,3.54
5,279.35,0.1,0.4,39.92,4.81,-4.85,279.35,0.1,0.4,39.92,4.81,-4.85,279.35,0.1,0.4,39.92,4.81,-4.85,249.35,0.1,0.4,39.46,2.85,-5.59,99.35,0.1,0.4,42.34,-4.7,4.88,1.0
5,45.15,0.1,0.4,42.17,-0.52,4.71,45.15,0.1,0.4,42.17,-0.52,4.71,45.15,0.1,0.4,42.17,-0.52,4.71,90.15,0.1,0.4,42.47,-4.08,5.08,225.15,0.1,0.4,40.06,0.71,-4.71,1.0
5,60.66,0.1,0.4,42.9,-2.06,5.76,60.66,0.1,0.4,42.9,-2.06,5.76,60.66,0.1,0.4,42.9,-2.06,5.76,15.66,0.1,0.4,40.71,2.49,2.61,270.66,0.1,0.4,39.78,4.24,-5.07,1.0
5,218.95,0.215,0.121,9.43,0.11,-3.35,218.95,0.24,0.129,10.05,0.15,-3.95,218.95,0.614,0.121,5.8,1.04,-8.92,173.95,0.557,0.675,64.73,-30.53,-3.57,38.95,0.85,0.882,69.82,15.39,67.76,3.25
5,256.15,0.045,0.986,95.38,3.01,-5.03,256.15,0.05,0.934,90.48,3.25,-5.43,256.15,0.609,0.986,53.27,51.37,-71.0,211.15,0.8,0.547,34.15,4.25,-37.12,46.15,0.847,0.891,76.23,3.19,72.88,3.49
5,352.14,0.288,0.112,7.61,3.7,0.78,352.14,0.296,0.16,12.15,6.23,1.21,352.14,0.709,0.112,4.32,8.56,1.87,307.14,0.5,0.782,56.96,51.32,-28.65,202.14,0.96,0.919,60.12,-2.98,-50.85,4.97
5,33.47,0.9,0.9,65.77,27.59,67.64,265.3,0.182,0.123,9.53,2.65,-3.52,265.3,0.668,0.798,42.43,51.99,-61.52,295.3,0.482,0.521,38.7,35.62,-25.37,85.3,0.932,0.937,85.84,-56.4,81.54,1.24
5,248.26,0.194,0.06,3.71,0.64,-1.35,248.26,0.149,0.175,15.54,2.12,-4.23,248.26,0.859,0.629,22.41,49.94,-69.07,203.26,0.565,0.554,44.44,-7.08,-21.97,98.26,0.834,0.836,76.35,-60.07,69.56,5.99
5,316.35,0.9,0.9,52.27,81.52,-27.25,127.86,0.058,0.954,94.61,-6.88,4.32,127.86,0.608,0.76,70.05,-54.21,41.5,82.86,0.637,0.701,67.77,-32.23,51.82,277.86,0.959,0.845,38.93,75.17,-74.03,1.0
5,279.22,0.214,0.088,5.92,2.38,-2.51,279.22,0.103,0.153,14.09,2.2,-2.24,279.22,0.835,0.823,41.6,70.55,-66.41,324.22,0.545,0.681,47.37,45.34,-13.08,129.22,0.997,0.974,85.74,-83.49,76.62,8.14
5,195.39,0.297,0.111,8.81,-2.25,-2.47,195.39,0.211,0.188,18.06,-2.56,-2.77,195.39,0.616,0.616,51.83,-14.74,-19.99,225.39,0.443,0.602,43.96,7.88,-30.02,45.39,0.97,0.864,71.78,7.4,74.19,9.91
5,276.57,0.1,0.4,39.88,4.62,-4.92,276.57,0.1,0.4,39.88,4.62,-4.92,276.57,0.1,0.4,39.88,4.62,-4.92,306.57,0.1,0.4,40.22,5.93,-3.69,66.57,0.1,0.4,42.81,-2.47,5.62,1.0
5,42.08,0.9,0.9,72.72,11.84,72.89,4.52,0.188,0.218,19.88,4.23,2.14,4.52,0.721,0.622,37.97,43.31,29.35,334.52,0.722,0.613,37.17,50.13,-1.4,184.52,0.844,0.953,82.96,-38.11,-20.07,2.34
5,190.04,0.264,0.126,10.94,-2.78,-2.03,190.04,0.11,0.169,16.88,-1.55,-1.12,190.04,0.841,0.795,65.71,-25.49,-24.59,160.04,0.613,0.605,57.65,-35.65,8.34,10.04,0.835,0.936,55.29,61.93,54.14,10.0
5,90.11,0.9,0.9,82.27,-58.85,77.43,125.25,0.016,0.913,91.9,-1.81,1.19,125.25,0.721,0.614,56.86,-52.04,43.63,155.25,0.573,0.687,64.91,-39.27,12.58,305.25,0.845,0.806,49.25,77.56,-42.24,2.08
5,190.88,0.035,0.979,97.11,-2.04,-1.56,190.88,0.004,0.945,95.0,-0.25,-0.19,190.88,0.759,0.792,65.97,-24.21,-23.82,235.88,0.493,0.6,37.91,17.9,-39.24,340.88,0.893,0.904,49.89,74.29,19.27,6.61
5,174.14,0.044,0.972,96.73,-3.79,-0.74,174.14,0.079,0.914,91.03,-6.42,-1.22,174.14,0.64,0.605,58.09,-30.74,-3.4,129.14,0.504,0.673,63.53,-42.03,29.88,24.14,0.847,0.833,56.35,38.16,56.3,6.55
5,168.24,0.037,0.962,95.94,-3.34,-0.19,168.24,0.005,0.904,91.42,-0.44,-0.03,168.24,0.597,0.611,58.61,-31.99,1.35,138.24,0.632,0.79,72.64,-54.23,34.11,318.24,0.988,0.999,56.58,88.66,-23.12,5.64
5,171.81,0.184,0.093,7.82,-2.14,-0.28,171.81,0.252,0.219,22.2,-6.28,-0.71,171.81,0.735,0.825,76.59,-44.16,-0.94,126.81,0.591,0.695,64.59,-49.66,38.33,21.81,0.987,0.949,58.2,55.67,67.38,10.0
5,173.21,0.197,0.118,10.76,-2.91,-0.46,173.21,0.123,0.13,12.43,-2.0,-0.33,173.21,0.86,0.691,64.84,-40.41,-1.67,203.21,0.74,0.73,52.9,-7.17,-35.14,23.21,0.967,0.88,55.59,48.83,63.53,8.29
5,44.2,0.227,0.09,7.24,-0.22,2.55,44.2,0.298,0.212,20.76,-0.47,8.26,44.2,0.814,0.66,57.08,4.2,55.14,89.2,0.504,0.661,64.42,-28.7,39.08,224.2,0.959,0.817,33.95,43.73,-78.54,6.64
5,227.95,0.9,0.9,37.08,49.67,-85.48,285.01,0.068,0.924,88.98,6.89,-6.3,285.01,0.657,0.622,38.06,49.64,-42.04,315.01,0.684,0.537,34.51,47.42,-19.75,75.01,0.905,0.8,76.38,-37.11,73.8,3.02
5,326.56,0.9,0.9,50.91,77.89,-8.4,354.2,0.264,0.187,15.24,6.22,1.49,354.2,0.782,0.79,45.07,60.87,30.84,39.2,0.739,0.74,61.51,9.59,53.26,174.2,0.844,0.908,83.22,-48.68,-3.62,1.0
5,325.69,0.034,0.997,97.51,3.72,-1.34,325.69,0.02,0.928,92.36,2.05,-0.74,325.69,0.566,0.727,49.58,49.04,-12.57,295.69,0.622,0.664,44.53,54.59,-37.88,115.69,0.865,0.917,81.53,-77.1,74.48,4.65
5,172.17,0.104,0.085,7.05,-1.06,-0.15,172.17,0.227,0.157,15.27,-4.3,-0.54,172.17,0.871,0.792,73.37,-45.93,-0.15,127.17,0.742,0.677,62.16,-56.65,46.74,352.17,0.948,0.943,50.77,76.23,48.79,9.32
5,168.55,0.02,0.989,98.65,-1.81,-0.12,168.55,0.006,0.952,95.67,-0.51,-0.03,168.55,0.68,0.7,66.01,-38.83,2.13,213.55,0.647,0.684,46.32,3.63,-38.61,18.55,0.93,0.964,58.58,58.04,65.15,5.53
5,41.96,0.222,0.11,9.37,-0.1,3.06,41.96,0.161,0.138,13.08,-0.11,2.97,41.96,0.58,0.11,8.03,0.26,6.89,71.96,0.512,0.533,54.17,-16.25,35.38,221.96,0.844,0.943,46.39,33.27,-76.3,3.59
5,134.72,0.161,0.09,7.39,-2.3,1.24,134.72,0.251,0.121,10.78,-5.1,2.84,134.72,0.515,0.677,63.85,-41.62,26.54,104.72,0.699,0.6,56.48,-44.34,46.69,314.72,0.961,0.891,51.4,82.52,-28.89,10.0
5,247.3,0.017,0.976,96.59,0.93,-1.99,247.3,0.077,0.96,90.55,4.24,-8.85,247.3,0.589,0.689,37.3,33.37,-53.67,202.3,0.764,0.703,51.02,-7.79,-34.09,247.3,0.2,0.5,44.32,6.89,-13.72,7.81
5,344.57,0.9,0.9,49.35,73.57,27.19,95.98,0.161,0.215,22.26,-4.29,4.78,95.98,0.81,0.71,66.17,-50.15,60.49,65.98,0.552,0.675,67.88,-16.9,46.91,275.98,0.859,0.925,44.37,76.94,-76.71,1.0
5,38.89,0.9,0.9,70.08,17.68,70.88,231.66,0.161,0.213,19.44,1.37,-4.96,231.66,0.601,0.754,43.01,24.4,-54.3,276.66,0.68,0.759,42.9,55.95,-54.88,21.66,0.958,0.894,55.66,51.47,63.46,1.39
5,216.5,0.1,0.4,40.5,-0.18,-4.07,216.5,0.1,0.4,40.5,-0.18,-4.07,216.5,0.1,0.4,40.5,-0.18,-4.07,261.5,0.1,0.4,39.64,3.64,-5.3,36.5,0.1,0.4,41.74,0.36,4.09,1.0
5,238.54,0.015,0.971,96.26,0.61,-1.73,238.54,0.067,0.951,90.5,2.81,-7.77,238.54,0.638,0.633,31.39,30.91,-54.86,283.54,0.751,0.536,29.8,48.41,-42.01,88.54,0.801,0.927,85.25,-54.12,75.39,5.44
5,27.62,0.005,0.998,99.66,0.11,0.33,27.62,0.075,0.945,92.21,1.9,5.25,27.62,0.586,0.775,61.61,18.33,37.97,357.62,0.529,0.738,50.17,40.42,17.04,177.62,0.893,0.893,82.17,-45.73,-8.88,2.95
5,138.92,0.186,0.06,4.37,-1.27,0.61,138.92,0.181,0.197,19.93,-5.43,2.67,138.92,0.839,0.866,77.74,-69.27,49.34,93.92,0.77,0.606,57.51,-41.3,51.9,348.92,0.841,0.9,50.09,71.02,30.5,8.46
5,189.46,0.046,0.997,98.46,-2.86,-1.98,189.46,0.074,0.948,93.38,-4.45,-3.09,189.46,0.708,0.681,58.9,-22.79,-18.66,219.46,0.607,0.661,43.35,8.74,-39.94,189.46,0.2,0.5,50.28,-6.86,-4.8,5.02
5,92.09,0.1,0.4,42.44,-4.21,5.04,92.09,0.1,0.4,42.44,-4.21,5.04,92.09,0.1,0.4,42.44,-4.21,5.04,137.09,0.1,0.4,42.14,-5.48,2.79,242.09,0.1,0.4,39.35,2.38,-5.77,1.0
5,84.97,0.209,0.095,8.13,-2.24,2.98,84.97,0.109,0.141,13.88,-1.69,2.35,84.97,0.619,0.818,77.8,-37.31,56.81,54.97,0.415,0.685,68.17,-7.62,35.04,264.97,0.975,0.814,31.34,69.47,-82.28,6.1
5,198.29,0.039,0.985,97.25,-1.69,-2.19,198.29,0.028,0.96,95.43,-1.2,-1.55,198.29,0.87,0.985,70.74,-14.43,-43.31,228.29,0.438,0.549,39.56,8.99,-28.83,348.29,0.87,0.998,54.87,78.22,34.99,2.55
5,177.45,0.9,0.9,82.75,-46.28,-8.63,88.56,0.149,0.142,13.92,-2.48,3.21,88.56,0.757,0.812,75.93,-46.77,65.52,133.56,0.504,0.783,73.03,-46.27,30.18,238.56,0.854,0.909,33.07,63.98,-93.45,4.0
5,26.94,0.236,0.14,12.15,1.39,3.38,26.94,0.201,0.169,15.74,1.38,3.38,26.94,0.897,0.791,54.12,35.02,57.73,71.94,0.754,0.728,71.17,-27.71,62.97,176.94,0.857,0.933,85.52,-47.43,-8.12,9.51
5,260.87,0.009,0.997,99.09,0.63,-0.95,260.87,0.062,0.903,87.08,4.28,-6.37,260.87,0.701,0.796,39.48,52.57,-66.07,290.87,0.576,0.697,46.97,51.01,-38.98,50.87,0.995,0.824,73.36,-2.43,75.48,6.41
5,176.56,0.9,0.9,82.67,-47.14,-7.14,161.14,0.192,0.146,13.98,-3.78,0.42,161.14,0.535,0.641,61.39,-33.16,6.34,191.14,0.711,0.675,57.35,-20.88,-20.2,341.14,0.935,0.958,52.26,78.54,24.5,2.04
5,254.81,0.1,0.4,39.54,3.2,-5.46,254.81,0.1,0.4,39.54,3.2,-5.46,254.81,0.1,0.4,39.54,3.2,-5.46,299.81,0.1,0.4,40.25,6.15,-4.33,74.81,0.1,0.4,42.69,-3.03,5.43,1.0
5,28.74,0.25,0.138,11.9,1.28,3.68,28.74,0.286,0.183,16.52,1.94,5.4,28.74,0.703,0.786,59.77,22.52,47.24,73.74,0.758,0.665,65.19,-27.48,58.44,178.74,0.944,0.913,83.86,-45.91,-10.88,10.0
5,20.38,0.002,0.985,98.61,0.06,0.09,20.38,0.02,0.969,96.32,0.78,1.17,20.38,0.853,0.707,46.12,38.5,47.94,350.38,0.672,0.786,48.13,54.62,17.7,20.38,0.2,0.5,48.01,5.09,7.25,6.28
5,54.89,0.273,0.142,13.75,-1.59,6.23,54.89,0.21,0.198,20.45,-1.67,6.36,54.89,0.637,0.884,84.15,-11.2,64.17,24.89,0.551,0.647,51.9,16.84,29.37,264.89,0.905,0.805,32.77,66.97,-78.55,5.23
5,98.66,0.192,0.145,14.03,-3.82,4.06,98.66,0.214,0.19,19.09,-5.31,5.67,98.66,0.535,0.863,80.82,-44.01,49.98,68.66,0.444,0.65,65.71,-15.27,36.7,278.66,0.821,0.861,43.7,72.15,-68.5,7.73
5,176.54,0.192,0.103,8.92,-2.45,-0.6,176.54,0.137,0.173,17.52,-2.74,-0.68,176.54,0.646,0.686,65.34,-32.86,-6.03,131.54,0.628,0.628,58.68,-46.83,33.73,26.54,0.915,0.932,62.3,42.01,66.25,9.5
5,173.6,0.9,0.9,82.39,-49.95,-2.14,216.55,0.134,0.142,12.76,-0.09,-2.28,216.55,0.761,0.866,50.7,14.77,-58.27,186.55,0.429,0.756,70.43,-20.61,-11.79,36.55,0.881,0.847,64.85,20.07,65.52,1.98
5,277.27,0.9,0.9,42.61,77.36,-75.99,251.91,0.136,0.176,15.86,2.09,-3.8,251.91,0.531,0.614,36.78,27.97,-43.16,221.91,0.752,0.528,28.73,15.0,-42.94,71.91,0.868,0.954,90.24,-37.34,84.12,3.29
5,73.76,0.04,0.992,98.84,-2.53,4.59,73.76,0.079,0.936,93.52,-4.71,8.63,73.76,0.648,0.811,78.57,-28.82,60.84,103.76,0.736,0.669,62.33,-49.63,53.19,223.76,0.946,0.823,35.03,41.94,-77.65,6.17
5,35.52,0.012,0.979,97.74,0.09,0.96,35.52,0.069,0.908,89.79,0.58,5.37,35.52,0.502,0.806,69.75,7.98,37.42,350.52,0.734,0.794,46.71,59.08,22.0,35.52,0.2,0.5,49.8,1.34,9.79,3.17
5,90.08,0.9,0.9,82.28,-58.82,77.43,99.39,0.043,0.946,94.49,-4.1,4.22,99.39,0.575,0.697,66.23,-39.85,44.9,54.39,0.709,0.61,59.46,-8.11,51.75,249.39,0.889,0.911,32.86,69.57,-94.06,4.04
5,340.01,0.012,0.975,97.0,1.15,-0.12,340.01,0.061,0.944,91.2,5.82,-0.58,340.01,0.754,0.649,38.26,52.93,6.2,25.01,0.715,0.751,55.02,26.87,44.21,160.01,0.897,0.918,82.78,-62.27,21.16,5.75
5,25.19,0.1,0.4,41.18,1.51,3.29,25.19,0.1,0.4,41.18,1.51,3.29,25.19,0.1,0.4,41.18,1.51,3.29,70.19,0.1,0.4,42.76,-2.72,5.54,175.19,0.1,0.4,42.32,-4.08,-0.87,1.0
5,112.16,0.116,0.138,13.33,-2.64,2.18,112.16,0.162,0.143,13.73,-3.8,3.17,112.16,0.792,0.138,11.28,-15.8,13.18,142.16,0.792,0.545,50.87,-45.87,28.67,292.16,0.999,0.835,45.83,81.53,-61.07,1.04
5,208.81,0.17,0.101,8.11,-0.5,-1.59,208.81,0.152,0.183,17.47,-0.75,-2.77,208.81,0.747,0.101,4.71,-0.76,-6.73,238.81,0.712,0.536,23.15,31.94,-53.24,358.81,0.861,0.973,53.28,75.2,53.48,4.57
5,243.26,0.1,0.4,39.36,2.46,-5.74,243.26,0.1,0.4,39.36,2.46,-5.74,243.26,0.1,0.4,39.36,2.46,-5.74,273.26,0.1,0.4,39.82,4.41,-5.01,63.26,0.1,0.4,42.86,-2.24,5.7,1.0
5,268.56,0.193,0.11,8.09,2.7,-3.35,268.56,0.218,0.161,13.13,4.27,-5.27,268.56,0.782,0.11,3.17,7.59,-10.77,298.56,0.681,0.598,39.48,55.12,-35.93,88.56,0.821,0.905,83.31,-54.01,74.96,4.74
5,271.13,0.253,0.103,6.88,3.23,-3.69,271.13,0.119,0.187,17.53,2.7,-3.2,271.13,0.559,0.674,42.01,39.89,-43.64,241.13,0.511,0.589,35.04,22.29,-42.09,91.13,0.954,0.988,88.97,-66.8,84.21,7.66
5,302.63,0.9,0.9,54.6,87.55,-50.84,240.91,0.032,0.903,89.0,1.39,-3.6,240.91,0.527,0.891,51.24,33.0,-60.95,195.91,0.583,0.776,64.66,-16.72,-23.4,60.91,0.943,0.836,82.63,-20.0,81.19,1.0
5,132.91,0.245,0.117,10.29,-4.88,2.84,132.91,0.235,0.188,18.52,-7.03,4.11,132.91,0.504,0.847,78.4,-49.5,32.78,177.91,0.665,0.681,64.91,-32.52,-7.39,342.91,0.865,0.957,53.08,76.44,22.3,9.68
5,63.52,0.232,0.14,13.69,-2.1,5.48,63.52,0.102,0.218,23.12,-1.39,3.5,63.52,0.512,0.14,13.4,-4.16,11.58,18.52,0.409,0.536,45.15,13.29,16.01,213.52,0.987,0.934,47.85,25.79,-72.76,3.72
5,297.01,0.248,0.112,8.08,5.12,-3.72,297.01,0.28,0.206,17.25,9.76,-7.01,297.01,0.591,0.864,58.76,65.32,-44.27,342.01,0.58,0.608,40.49,40.21,2.96,87.01,0.989,0.876,80.3,-57.46,78.01,9.82
5,41.98,0.1,0.4,42.01,-0.2,4.48,41.98,0.1,0.4,42.01,-0.2,4.48,41.98,0.1,0.4,42.01,-0.2,4.48,11.98,0.1,0.4,40.53,2.87,2.34,221.98,0.1,0.4,40.22,0.38,-4.47,1.0
5,200.04,0.033,0.991,97.88,-1.32,-1.96,200.04,0.058,0.976,95.69,-2.26,-3.39,200.04,0.85,0.991,69.81,-11.63,-45.51,230.04,0.661,0.75,40.47,26.39,-57.86,350.04,0.926,0.865,46.87,71.15,39.14,4.17
5,311.97,0.186,0.106,8.12,2.82,-1.64,311.97,0.286,0.146,11.11,7.14,-3.81,311.97,0.806,0.741,45.11,68.76,-30.3,281.97,0.787,0.505,26.7,47.21,-42.17,161.97,0.819,0.908,82.42,-57.82,15.21,8.2
5,282.77,0.047,0.961,93.41,4.84,-4.62,282.77,0.047,0.971,94.29,4.84,-4.62,282.77,0.838,0.756,39.57,67.67,-59.83,312.77,0.688,0.755,48.52,63.17,-28.32,72.77,0.812,0.897,85.5,-35.27,77.48,2.82
5,262.81,0.013,0.951,94.74,0.93,-1.34,262.81,0.056,0.973,93.55,4.22,-6.02,262.81,0.819,0.787,34.23,61.04,-73.37,307.81,0.596,0.774,52.96,59.24,-31.77,82.81,0.909,0.944,86.98,-52.76,82.02,4.93
5,342.52,0.131,0.105,8.26,1.98,-0.09,342.52,0.137,0.198,18.63,3.6,-0.15,342.52,0.725,0.661,39.53,51.79,8.32,27.52,0.78,0.749,54.53,26.77,49.58,132.52,0.8,0.891,79.79,-71.57,56.33,7.26
5,70.92,0.047,0.997,99.26,-2.76,5.43,70.92,0.048,0.96,96.05,-2.72,5.36,70.92,0.843,0.717,70.03,-28.28,66.7,40.92,0.416,0.589,55.34,1.32,25.87,250.92,0.986,0.897,30.03,72.85,-96.69,6.5
5,253.65,0.012,0.952,94.86,0.74,-1.33,253.65,0.023,0.939,92.97,1.39,-2.49,253.65,0.837,0.952,37.67,69.45,-91.92,283.65,0.739,0.519,29.15,46.68,-40.44,103.65,0.987,0.908,81.1,-74.47,77.87,3.34
5,304.46,0.189,0.074,4.97,1.99,-1.31,304.46,0.261,0.175,14.45,7.93,-5.01,304.46,0.579,0.074,3.35,5.15,-3.34,349.46,0.763,0.57,32.9,46.76,16.47,94.46,0.926,0.863,78.58,-62.26,74.95,4.74
5,133.09,0.122,0.056,4.03,-0.77,0.43,133.09,0.218,0.2,20.01,-6.86,3.98,133.09,0.681,0.056,3.43,-3.77,2.11,88.09,0.715,0.73,69.27,-40.77,57.84,343.09,0.813,0.833,47.33,66.73,16.4,2.68
5,23.48,0.261,0.141,11.88,1.97,3.53,23.48,0.15,0.169,16.0,1.25,2.31,23.48,0.708,0.141,8.24,6.52,7.88,353.48,0.689,0.791,47.73,55.62,23.01,203.48,0.832,0.849,57.95,-5.1,-44.3,4.71
5,199.62,0.0,0.956,96.14,-0.0,-0.0,199.62,0.067,0.922,90.6,-2.58,-3.75,199.62,0.865,0.862,61.47,-11.0,-40.7,229.62,0.611,0.653,37.81,19.87,-47.54,349.62,0.926,0.971,52.53,77.81,42.49,6.45
5,45.81,0.037,0.992,98.54,-0.5,3.72,45.81,0.065,0.937,93.1,-0.8,6.22,45.81,0.776,0.623,55.46,1.45,51.78,15.81,0.589,0.607,44.58,25.27,25.86,195.81,0.915,0.835,62.19,-16.25,-35.71,5.0
5,307.48,0.9,0.9,53.71,85.28,-42.73,234.69,0.233,0.129,9.44,1.63,-4.92,234.69,0.691,0.848,41.07,39.04,-71.31,279.69,0.628,0.616,37.45,45.2,-42.22,84.69,0.995,0.857,79.09,-54.0,77.3,1.0
5,245.27,0.045,0.996,96.06,2.39,-5.37,245.27,0.049,0.943,91.23,2.47,-5.54,245.27,0.898,0.774,26.52,61.03,-84.39,290.27,0.415,0.554,42.7,30.77,-24.27,95.27,0.803,0.888,81.16,-58.85,71.84,5.63
5,311.5,0.026,0.991,97.57,3.14,-1.78,311.5,0.037,0.904,89.27,4.09,-2.32,311.5,0.761,0.991,60.86,83.99,-38.14,341.5,0.595,0.721,47.23,47.36,3.42,131.5,0.888,0.898,79.93,-75.58,63.74,3.71
5,162.23,0.016,0.991,98.87,-1.5,0.1,162.23,0.033,0.908,91.25,-2.97,0.21,162.23,0.563,0.802,75.13,-40.82,7.23,207.23,0.407,0.618,52.26,-4.54,-19.49,312.23,0.803,0.805,48.94,73.16,-31.88,5.98
5,220.45,0.9,0.9,43.09,33.69,-75.59,128.37,0.003,0.915,92.37,-0.37,0.23,128.37,0.827,0.601,55.35,-54.46,45.91,173.37,0.608,0.673,64.26,-32.68,-3.01,338.37,0.867,0.836,46.76,69.74,11.53,1.0
5,277.88,0.15,0.082,5.84,1.51,-1.61,277.88,0.233,0.149,11.83,4.89,-5.01,277.88,0.712,0.795,43.96,61.0,-58.5,232.88,0.522,0.501,31.35,14.42,-34.3,127.88,0.956,0.948,83.73,-81.33,74.29,8.78
5,209.34,0.239,0.123,9.89,-0.74,-3.13,209.34,0.198,0.151,13.4,-0.76,-3.1,209.34,0.864,0.614,37.77,4.67,-41.75,164.34,0.667,0.528,50.57,-32.36,4.89,359.34,0.815,0.932,51.97,70.57,47.75,6.1
5,151.65,0.1,0.087,7.23,-1.24,0.34,151.65,0.114,0.198,20.4,-3.13,0.88,151.65,0.814,0.842,76.41,-60.68,29.04,121.65,0.689,0.597,55.44,-50.14,43.56,151.65,0.2,0.5,51.13,-11.83,3.51,6.47
5,201.67,0.1,0.4,41.25,-1.7,-2.96,201.67,0.1,0.4,41.25,-1.7,-2.96,201.67,0.1,0.4,41.25,-1.7,-2.96,246.67,0.1,0.4,39.42,2.68,-5.66,21.67,0.1,0.4,41.0,1.87,3.03,1.0
5,109.04,0.028,0.988,98.37,-3.1,2.68,109.04,0.074,0.933,92.6,-7.88,6.86,109.04,0.542,0.664,62.87,-41.34,39.8,139.04,0.524,0.749,70.11,-44.56,25.79,289.04,0.842,0.968,53.7,85.58,-67.31,6.18
5,295.94,0.9,0.9,52.76,86.56,-59.06,229.46,0.049,0.928,90.41,1.07,-4.86,229.46,0.9,0.885,35.42,51.89,-86.08,199.46,0.508,0.58,49.32,-9.98,-18.42,19.46,0.998,0.954,56.82,60.48,67.33,1.0
5,60.02,0.251,0.117,11.0,-1.72,5.17,60.02,0.299,0.182,18.72,-2.88,8.96,60.02,0.666,0.886,87.51,-17.68,70.12,30.02,0.42,0.713,62.3,9.25,25.81,240.02,0.951,0.824,26.58,66.48,-91.78,5.72
5,133.44,0.1,0.4,42.12,-5.61,3.14,133.44,0.1,0.4,42.12,-5.61,3.14,133.44,0.1,0.4,42.12,-5.61,3.14,88.44,0.1,0.4,42.49,-3.96,5.12,283.44,0.1,0.4,39.99,5.07,-4.75,1.0
5,18.98,0.278,0.064,4.05,0.81,0.99,18.98,0.17,0.158,14.44,1.71,2.24,18.98,0.809,0.745,48.97,39.49,46.77,333.98,0.403,0.505,39.33,25.21,-3.74,198.98,0.863,0.996,70.9,-13.38,-44.52,9.03
5,132.75,0.1,0.4,42.12,-5.64,3.21,132.75,0.1,0.4,42.12,-5.64,3.21,132.75,0.1,0.4,42.12,-5.64,3.21,102.75,0.1,0.4,42.29,-4.93,4.81,282.75,0.1,0.4,39.97,5.03,-4.77,1.0
5,334.99,0.244,0.092,6.11,2.98,-0.52,334.99,0.189,0.128,10.31,3.61,-0.66,334.99,0.71,0.841,51.05,63.54,-0.98,19.99,0.445,0.614,50.7,15.49,20.29,154.99,0.811,0.955,85.79,-64.75,26.81,10.0
5,283.59,0.126,0.136,11.89,2.59,-2.42,283.59,0.197,0.134,10.76,4.02,-3.72,283.59,0.828,0.738,39.2,66.34,-57.74,253.59,0.462,0.614,40.45,24.12,-37.22,73.59,0.979,0.883,83.52,-39.93,81.45,4.66
5,289.25,0.293,0.107,7.16,4.47,-4.08,289.25,0.227,0.198,17.1,6.99,-5.8,289.25,0.765,0.107,3.86,10.21,-9.03,334.25,0.46,0.773,56.42,40.66,-5.07,79.25,0.878,0.892,83.52,-45.08,78.43,5.28
5,130.15,0.011,0.954,95.67,-1.28,0.76,130.15,0.067,0.97,95.8,-7.91,4.74,130.15,0.68,0.763,69.81,-58.19,44.41,85.15,0.702,0.753,71.67,-38.75,58.92,310.15,0.823,0.847,51.32,77.76,-36.33,5.58
5,324.17,0.106,0.062,4.34,0.75,-0.29,324.17,0.101,0.169,16.09,2.61,-0.98,324.17,0.675,0.764,48.41,59.42,-15.05,279.17,0.448,0.735,52.61,37.16,-35.72,144.17,0.831,0.808,73.21,-63.14,39.22,9.18
5,221.33,0.027,0.96,94.88,0.14,-2.43,221.33,0.05,0.909,89.03,0.26,-4.32,221.33,0.692,0.816,47.68,17.63,-55.89,191.33,0.422,0.544,50.58,-13.05,-11.04,221.33,0.2,0.5,46.32,1.04,-10.71,6.84
5,193.5,0.038,0.992,98.06,-2.05,-1.88,193.5,0.055,0.937,92.71,-2.85,-2.62,193.5,0.606,0.728,61.86,-18.54,-20.93,223.5,0.541,0.576,38.73,9.22,-34.36,13.5,0.904,0.809,47.82,55.18,53.74,7.71
5,98.64,0.118,0.13,12.43,-2.13,2.24,98.64,0.274,0.204,20.47,-7.2,7.75,98.64,0.632,0.609,58.17,-38.25,43.94,53.64,0.491,0.528,52.83,-6.04,32.83,98.64,0.2,0.5,51.44,-11.11,11.88,6.36
5,89.26,0.047,0.979,97.43,-3.93,4.95,89.26,0.034,0.945,94.65,-2.76,3.47,89.26,0.502,0.868,82.55,-35.72,48.62,119.26,0.551,0.533,50.62,-39.0,33.0,299.26,0.946,0.867,52.4,86.96,-54.91,5.31
5,85.49,0.9,0.9,82.97,-53.7,78.29,327.16,0.059,0.973,93.83,6.27,-2.08,327.16,0.643,0.872,55.78,62.82,-12.83,12.16,0.607,0.723,50.59,33.94,29.23,177.16,0.931,0.852,78.7,-44.99,-7.73,1.0
5,68.09,0.035,1.0,99.66,-1.92,4.08,68.09,0.02,0.944,94.92,-1.04,2.19,68.09,0.682,0.692,68.79,-21.65,56.96,38.09,0.748,0.721,59.3,11.02,52.11,278.09,0.901,0.895,42.77,77.44,-75.06,6.83
5,231.95,0.014,0.967,96.14,0.37,-1.46,231.95,0.042,0.935,91.33,1.12,-4.32,231.95,0.74,0.828,38.98,38.47,-71.74,276.95,0.439,0.799,57.04,38.02,-38.1,81.95,0.997,0.949,87.14,-54.88,84.07,4.4
5,258.57,0.9,0.9,34.63,71.18,-89.42,258.24,0.119,0.188,17.54,2.18,-3.42,258.24,0.686,0.602,29.82,39.98,-52.58,213.24,0.641,0.588,40.34,2.61,-33.61,48.24,0.934,0.878,75.88,1.33,76.36,2.94
5,45.88,0.113,0.056,4.08,-0.08,0.6,45.88,0.296,0.17,16.31,-0.65,6.97,45.88,0.546,0.763,70.09,-1.13,44.75,90.88,0.708,0.596,57.21,-36.28,48.48,225.88,0.995,0.864,33.35,52.68,-86.36,6.64
5,14.68,0.225,0.127,10.3,2.3,2.23,14.68,0.103,0.195,19.23,1.45,1.43,14.68,0.552,0.809,59.41,30.84,29.74,44.68,0.74,0.503,45.1,1.69,41.51,194.68,0.814,0.973,74.86,-21.91,-35.2,10.0
5,320.98,0.003,0.975,97.65,0.32,-0.14,320.98,0.034,0.931,91.87,3.61,-1.56,320.98,0.649,0.76,49.21,58.31,-18.59,5.98,0.795,0.8,47.0,56.4,43.0,140.98,0.869,0.849,76.3,-68.48,47.59,6.11
5,132.83,0.102,0.088,7.29,-1.45,0.81,132.83,0.119,0.172,17.28,-3.3,1.87,132.83,0.502,0.681,64.3,-41.39,27.33,102.83,0.442,0.779,74.21,-36.26,37.66,312.83,0.85,0.966,57.26,86.04,-35.63,9.31
5,271.01,0.158,0.062,4.03,0.86,-1.05,271.01,0.135,0.182,16.7,3.0,-3.55,271.01,0.56,0.696,43.3,40.99,-44.92,226.01,0.766,0.553,27.56,21.47,-48.81,61.01,0.88,0.824,81.57,-19.63,78.48,8.24
5,14.89,0.265,0.128,10.02,2.74,2.69,14.89,0.156,0.181,17.03,2.1,2.08,14.89,0.645,0.831,57.51,37.62,37.05,59.89,0.559,0.699,70.86,-13.3,49.91,224.89,0.834,0.938,44.2,38.4,-79.16,8.46
5,122.07,0.157,0.086,6.89,-2.22,1.54,122.07,0.243,0.161,15.35,-6.78,4.9,122.07,0.804,0.792,71.47,-67.91,61.8,152.07,0.722,0.697,64.72,-48.49,20.83,302.07,0.907,0.974,58.93,93.5,-55.07,10.0
5,241.14,0.007,0.964,96.24,0.32,-0.85,241.14,0.014,0.976,96.73,0.66,-1.71,241.14,0.859,0.862,30.61,63.58,-90.72,286.14,0.518,0.593,41.19,38.82,-32.59,91.14,0.858,0.877,80.46,-56.96,74.33,3.63
5,142.8,0.036,0.958,95.49,-3.89,1.61,142.8,0.053,0.932,92.92,-5.58,2.33,142.8,0.762,0.826,75.01,-61.87,37.87,112.8,0.4,0.515,50.43,-26.8,23.5,322.8,0.919,0.892,50.69,78.96,-14.78,4.89
5,113.16,0.1,0.4,42.15,-5.63,4.58,113.16,0.1,0.4,42.15,-5.63,4.58,113.16,0.1,0.4,42.15,-5.63,4.58,143.16,0.1,0.4,42.17,-5.26,2.2,263.16,0.1,0.4,39.67,3.75,-5.26,1.0
5,182.66,0.008,0.952,95.61,-0.57,-0.24,182.66,0.04,0.959,95.54,-3.02,-1.29,182.66,0.571,0.807,74.93,-30.19,-12.24,137.66,0.688,0.565,52.95,-44.35,28.96,2.66,0.838,0.891,49.99,67.18,49.93,3.48
5,92.94,0.236,0.085,6.79,-2.31,2.59,92.94,0.113,0.144,14.17,-2.05,2.41,92.94,0.656,0.899,83.4,-49.18,62.96,47.94,0.539,0.734,68.62,-3.02,43.91,242.94,0.872,0.922,32.68,68.22,-95.9,6.24
5,170.29,0.027,0.966,96.48,-2.42,-0.25,170.29,0.066,0.96,95.22,-5.81,-0.57,170.29,0.809,0.642,60.48,-39.0,1.42,140.29,0.773,0.508,47.55,-43.3,27.9,320.29,0.874,0.817,47.41,73.69,-19.39,7.7
5,81.15,0.192,0.057,4.21,-0.79,1.15,81.15,0.196,0.147,14.36,-2.91,4.48,81.15,0.607,0.881,83.81,-35.75,60.04,111.15,0.441,0.569,55.13,-31.2,28.37,291.15,0.981,0.967,52.56,90.25,-69.09,10.0
5,38.03,0.017,0.965,96.45,0.05,1.49,38.03,0.029,0.926,92.68,0.08,2.38,38.03,0.808,0.652,52.9,11.78,51.06,68.03,0.433,0.635,64.39,-14.39,35.26,218.03,0.821,0.915,49.43,22.5,-67.4,8.35
5,72.31,0.9,0.9,85.48,-36.95,81.37,23.92,0.151,0.166,15.76,1.21,2.32,23.92,0.693,0.823,59.97,29.19,45.41,338.92,0.428,0.712,53.39,34.48,-1.45,173.92,0.977,0.913,83.36,-51.25,-1.96,1.0
5,80.89,0.173,0.142,13.83,-2.48,3.84,80.89,0.215,0.121,11.19,-2.68,4.16,80.89,0.598,0.826,79.19,-33.33,56.29,50.89,0.719,0.733,68.2,-5.18,58.52,290.89,0.979,0.94,50.95,88.12,-67.81,6.47
5,257.29,0.297,0.068,3.79,1.38,-2.36,257.29,0.196,0.208,18.06,3.93,-6.2,257.29,0.725,0.068,1.97,2.93,-5.06,227.29,0.768,0.712,34.87,29.01,-61.23,107.29,0.969,0.974,86.17,-80.24,81.52,5.1
5,103.92,0.9,0.9,80.74,-71.06,75.54,175.62,0.271,0.214,21.55,-6.34,-1.31,175.62,0.535,0.649,62.62,-28.03,-4.73,205.62,0.777,0.725,49.79,-3.04,-39.2,325.62,0.957,0.813,45.52,73.16,-7.46,2.46
5,317.34,0.293,0.138,10.28,6.78,-3.1,317.34,0.121,0.183,17.34,3.52,-1.68,317.34,0.677,0.638,41.04,53.33,-20.11,2.34,0.502,0.634,45.02,31.78,16.53,107.34,0.819,0.996,88.54,-75.56,77.88,7.53
5,119.22,0.9,0.9,79.95,-78.02,74.55,157.44,0.254,0.164,15.82,-5.65,1.1,157.44,0.76,0.892,81.05,-57.65,19.71,112.44,0.517,0.687,64.89,-42.39,38.71,7.44,0.939,0.939,52.01,70.86,61.22,1.0
5,352.95,0.045,0.991,96.15,4.07,0.73,352.95,0.003,0.93,93.66,0.23,0.04,352.95,0.729,0.756,44.56,56.19,24.08,322.95,0.696,0.541,33.95,46.49,-12.79,202.95,0.812,0.867,60.14,-6.66,-43.39,7.65
5,117.76,0.9,0.9,79.99,-77.66,74.6,176.01,0.293,0.2,19.94,-6.42,-1.39,176.01,0.717,0.834,77.65,-41.01,-6.4,221.01,0.748,0.532,29.52,13.87,-42.25,326.01,0.968,0.972,54.15,83.74,-6.69,1.0
5,344.46,0.9,0.9,49.36,73.59,26.95,240.18,0.024,0.957,94.24,1.07,-2.86,240.18,0.57,0.858,46.32,35.56,-64.04,195.18,0.478,0.664,58.43,-13.94,-16.83,90.18,0.849,0.996,90.34,-61.48,81.86,2.3
5,55.04,0.029,0.982,98.09,-0.97,3.3,55.04,0.05,0.959,95.8,-1.6,5.56,55.04,0.872,0.878,82.33,-11.2,79.07,100.04,0.766,0.773,71.31,-54.59,61.84,55.04,0.2,0.5,52.15,-3.41,13.07,2.51
5,219.01,0.016,0.981,97.37,-0.0,-1.38,219.01,0.005,0.915,92.19,-0.0,-0.44,219.01,0.718,0.762,44.96,14.59,-52.33,264.01,0.585,0.676,39.58,38.98,-47.98,9.01,0.942,0.852,47.71,64.38,57.01,10.0
5,213.07,0.188,0.073,4.99,-0.16,-1.26,213.07,0.12,0.164,15.5,-0.3,-2.16,213.07,0.76,0.788,48.86,7.9,-49.89,243.07,0.521,0.504,29.64,20.62,-37.54,213.07,0.2,0.5,47.34,-1.04,-9.18,5.97
5,118.54,0.1,0.4,42.08,-5.99,4.47,118.54,0.1,0.4,42.08,-5.99,4.47,118.54,0.1,0.4,42.08,-5.99,4.47,73.54,0.1,0.4,42.71,-2.95,5.46,298.54,0.1,0.4,40.23,6.07,-4.36,1.0
5,261.96,0.038,0.96,93.71,2.77,-4.04,261.96,0.073,0.933,88.92,5.31,-7.69,261.96,0.504,0.96,60.31,43.01,-55.83,291.96,0.557,0.682,46.86,49.17,-36.88,51.96,0.912,0.894,80.67,-5.73,79.38,2.83
5,343.01,0.24,0.107,7.57,2.99,-0.07,343.01,0.226,0.204,17.67,6.16,-0.1,343.01,0.754,0.634,37.22,51.48,9.76,28.01,0.785,0.575,42.45,21.06,40.48,193.01,0.997,0.962,72.5,-21.65,-37.35,6.75
5,233.8,0.265,0.066,3.79,0.57,-1.99,233.8,0.241,0.127,9.13,1.59,-4.97,233.8,0.503,0.61,38.76,16.95,-39.39,188.8,0.653,0.57,50.78,-19.84,-14.74,23.8,0.851,0.814,54.85,38.16,55.29,7.48
5,226.48,0.037,0.98,95.79,0.6,-3.66,226.48,0.009,0.91,91.43,0.14,-0.87,226.48,0.518,0.67,44.68,12.42,-39.11,271.48,0.616,0.639,37.48,42.35,-45.69,76.48,0.962,0.979,90.92,-47.23,87.01,5.15
5,317.15,0.165,0.127,10.59,3.53,-1.68,317.15,0.29,0.214,17.77,9.73,-4.45,317.15,0.71,0.895,55.92,72.25,-26.69,347.15,0.464,0.547,39.99,28.99,4.12,137.15,0.833,0.877,78.63,-70.46,51.91,10.0
5,89.38,0.9,0.9,82.37,-58.07,77.56,317.56,0.021,0.959,95.07,2.3,-1.11,317.56,0.729,0.621,38.71,54.98,-19.89,2.56,0.696,0.727,44.34,49.33,30.95,137.56,0.822,0.971,86.18,-75.59,54.97,3.17
5,210.61,0.9,0.9,52.19,12.07,-60.82,10.07,0.297,0.198,16.52,5.38,3.9,10.07,0.836,0.8,47.51,54.64,47.66,55.07,0.643,0.724,70.33,-9.81,55.18,190.07,0.922,0.86,69.52,-26.47,-27.83,1.0
5,28.02,0.26,0.087,6.3,0.79,1.98,28.02,0.241,0.148,13.08,1.39,3.72,28.02,0.741,0.087,4.53,2.28,4.23,73.02,0.765,0.581,57.69,-24.3,53.05,238.02,0.871,0.986,35.61,69.08,-100.32,2.18
5,250.1,0.277,0.065,3.63,1.03,-2.09,250.1,0.136,0.208,19.2,2.31,-4.41,250.1,0.743,0.838,36.62,54.31,-77.03,280.1,0.442,0.657,47.71,33.83,-32.01,100.1,0.979,0.991,88.05,-76.78,83.44,5.68
5,177.98,0.274,0.139,13.05,-4.38,-1.2,177.98,0.217,0.148,14.28,-3.7,-1.03,177.98,0.827,0.838,77.78,-42.27,-9.07,207.98,0.715,0.761,52.43,-1.34,-40.37,327.98,0.971,0.921,51.11,79.79,-2.23,6.83
5,354.3,0.019,0.97,96.1,1.64,0.34,354.3,0.043,0.966,94.08,3.77,0.79,354.3,0.764,0.772,44.47,58.88,29.02,324.3,0.535,0.613,43.14,40.94,-11.9,204.3,0.815,0.902,61.08,-4.33,-46.86,6.03
5,92.64,0.249,0.117,10.56,-3.73,4.2,92.64,0.205,0.153,14.91,-3.87,4.63,92.64,0.849,0.721,67.23,-49.69,63.27,122.64,0.713,0.646,59.56,-54.29,47.1,242.64,0.902,0.945,32.5,71.59,-99.53,6.07
5,206.38,0.007,0.972,97.22,-0.17,-0.45,206.38,0.054,0.936,91.99,-1.36,-3.6,206.38,0.747,0.868,59.42,-2.86,-44.75,236.38,0.539,0.691,40.76,23.62,-48.54,206.38,0.2,0.5,48.17,-2.71,-7.94,5.11
5,234.01,0.291,0.081,4.66,0.91,-3.1,234.01,0.117,0.166,15.2,0.91,-3.01,234.01,0.638,0.78,41.12,30.96,-61.21,204.01,0.755,0.575,41.28,-5.11,-30.22,54.01,0.849,0.853,79.51,-9.46,75.68,7.95
5,99.46,0.9,0.9,81.15,-67.69,76.04,167.5,0.057,0.942,93.82,-5.03,-0.19,167.5,0.75,0.817,75.55,-47.17,4.8,122.5,0.527,0.519,49.51,-36.64,29.33,347.5,0.922,0.943,51.21,76.29,36.6,1.05
5,140.54,0.029,0.978,97.39,-3.2,1.43,140.54,0.047,0.906,90.65,-4.89,2.21,140.54,0.621,0.62,58.26,-43.46,25.46,95.54,0.47,0.595,58.24,-27.65,32.85,290.54,0.956,0.857,46.58,81.72,-63.1,7.24
5,305.06,0.1,0.4,40.22,5.99,-3.84,305.06,0.1,0.4,40.22,5.99,-3.84,305.06,0.1,0.4,40.22,5.99,-3.84,335.06,0.1,0.4,40.06,4.94,-0.93,125.06,0.1,0.4,42.08,-5.91,3.95,1.0
5,72.95,0.038,0.981,97.97,-2.33,4.31,72.95,0.027,0.958,96.01,-1.64,3.02,72.95,0.595,0.981,93.62,-30.68,66.1,102.95,0.463,0.56,54.61,-29.01,30.12,282.95,0.884,0.802,40.92,72.62,-64.38,1.93
5,258.59,0.1,0.4,39.6,3.45,-5.37,258.59,0.1,0.4,39.6,3.45,-5.37,258.59,0.1,0.4,39.6,3.45,-5.37,303.59,0.1,0.4,40.23,6.04,-3.98,108.59,0.1,0.4,42.21,-5.32,4.68,1.0
5,226.73,0.003,0.971,97.18,0.05,-0.33,226.73,0.072,0.976,93.13,1.26,-7.18,226.73,0.813,0.645,30.06,28.91,-59.05,271.73,0.495,0.731,48.83,37.75,-41.27,46.73,0.955,0.977,81.78,5.1,82.18,4.57
5,144.7,0.011,0.958,96.07,-1.14,0.44,144.7,0.015,0.956,95.81,-1.64,0.63,144.7,0.867,0.842,75.88,-66.33,41.87,99.7,0.621,0.666,63.17,-41.15,46.38,354.7,0.916,0.994,53.68,78.49,52.69,1.93
5,139.29,0.145,0.062,4.6,-1.06,0.5,139.29,0.285,0.19,18.58,-8.22,4.13,139.29,0.568,0.885,81.08,-54.27,32.09,109.29,0.409,0.786,74.72,-36.95,34.34,139.29,0.2,0.5,50.99,-12.93,6.39,5.51
5,296.23,0.024,0.984,97.07,2.92,-2.21,296.23,0.059,0.949,91.91,7.0,-5.26,296.23,0.641,0.64,42.54,54.54,-37.37,341.23,0.496,0.553,39.57,32.15,0.77,86.23,0.94,0.801,74.41,-51.12,72.31,6.38
5,85.56,0.184,0.089,7.43,-1.78,2.35,85.56,0.211,0.129,12.2,-3.05,4.25,85.56,0.733,0.607,58.59,-34.02,51.2,55.56,0.788,0.614,60.07,-9.39,56.77,265.56,0.937,0.815,32.52,68.78,-80.37,6.35
5,189.09,0.9,0.9,73.77,-29.23,-26.89,267.74,0.297,0.211,16.5,7.35,-9.07,267.74,0.737,0.868,43.24,62.39,-70.43,222.74,0.745,0.796,43.17,22.72,-60.25,57.74,0.995,0.942,89.78,-16.24,88.48,1.07
5,169.42,0.1,0.4,42.29,-4.3,-0.32,169.42,0.1,0.4,42.29,-4.3,-0.32,169.42,0.1,0.4,42.29,-4.3,-0.32,214.42,0.1,0.4,40.6,-0.4,-3.91,319.42,0.1,0.4,40.15,5.48,-2.45,1.0
5,38.9,0.9,0.9,70.09,17.65,70.89,208.29,0.281,0.175,15.12,-1.26,-4.87,208.29,0.57,0.674,50.99,-3.42,-29.77,178.29,0.48,0.705,68.1,-26.6,-6.8,58.29,0.851,0.895,86.64,-16.67,81.64,1.0
5,156.27,0.1,0.4,42.23,-4.79,0.94,156.27,0.1,0.4,42.23,-4.79,0.94,156.27,0.1,0.4,42.23,-4.79,0.94,126.27,0.1,0.4,42.09,-5.87,3.83,306.27,0.1,0.4,40.22,5.94,-3.72,1.0
5,268.19,0.208,0.073,4.67,1.42,-1.86,268.19,0.196,0.189,16.39,4.35,-5.42,268.19,0.738,0.754,37.7,55.94,-62.74,238.19,0.671,0.551,25.84,29.24,-51.15,268.19,0.2,0.5,45.12,10.04,-12.43,3.36
5,229.48,0.032,0.983,96.32,0.72,-3.32,229.48,0.057,0.94,90.89,1.28,-5.76,229.48,0.73,0.603,29.8,25.39,-52.82,199.48,0.462,0.798,67.63,-12.19,-21.84,49.48,0.841,0.838,74.78,-2.39,71.34,6.67
5,215.27,0.115,0.065,4.57,-0.05,-0.66,215.27,0.225,0.121,9.56,-0.19,-3.29,215.27,0.729,0.792,48.74,9.95,-50.64,185.27,0.541,0.769,70.63,-25.79,-13.4,5.27,0.953,0.858,46.86,68.13,57.39,7.85
5,163.72,0.011,0.979,97.9,-1.01,0.04,163.72,0.065,0.903,90.24,-5.68,0.26,163.72,0.665,0.819,75.94,-46.09,7.9,208.72,0.769,0.687,45.45,1.06,-40.52,13.72,0.824,0.874,53.75,53.34,51.84,5.26
5,107.36,0.021,0.97,96.97,-2.25,2.0,107.36,0.019,0.907,91.41,-1.95,1.73,107.36,0.543,0.78,72.94,-46.19,45.63,62.36,0.409,0.736,74.37,-12.55,38.42,287.36,0.901,0.986,52.37,88.02,-72.05,5.02
5,188.74,0.122,0.134,12.74,-1.47,-0.97,188.74,0.196,0.124,11.17,-2.18,-1.44,188.74,0.721,0.879,74.84,-28.82,-22.33,158.74,0.565,0.569,54.66,-32.3,7.98,338.74,0.947,0.921,50.3,76.8,19.39,6.63
5,359.87,0.004,0.986,98.48,0.32,0.11,359.87,0.059,0.954,92.04,4.89,1.74,359.87,0.811,0.742,41.54,58.75,39.67,44.87,0.785,0.541,47.96,2.27,46.2,179.87,0.883,0.939,86.2,-45.15,-13.06,5.37
5,262.3,0.271,0.059,3.35,1.09,-1.65,262.3,0.285,0.213,16.76,6.52,-9.02,262.3,0.503,0.059,2.52,1.88,-2.86,217.3,0.451,0.626,48.02,2.49,-27.23,82.3,0.901,0.859,80.06,-48.1,76.16,3.28
5,298.7,0.1,0.4,40.23,6.08,-4.36,298.7,0.1,0.4,40.23,6.08,-4.36,298.7,0.1,0.4,40.23,6.08,-4.36,343.7,0.1,0.4,40.02,4.65,-0.09,148.7,0.1,0.4,42.19,-5.06,1.67,1.0
5,159.81,0.298,0.078,5.89,-2.65,0.4,159.81,0.206,0.137,12.95,-3.88,0.54,159.81,0.676,0.653,61.49,-40.73,10.52,114.81,0.561,0.559,53.07,-39.42,35.29,339.81,0.994,0.808,43.64,69.85,22.55,8.78
5,336.03,0.136,0.09,6.76,1.69,-0.29,336.03,0.298,0.18,14.2,7.7,-1.1,336.03,0.746,0.892,52.87,68.54,1.92,21.03,0.511,0.594,47.59,17.06,23.52,186.03,0.936,0.842,72.11,-32.57,-21.44,10.0
5,185.99,0.283,0.091,7.1,-2.29,-1.31,185.99,0.145,0.155,15.1,-2.14,-1.16,185.99,0.851,0.091,5.81,-5.14,-3.29,215.99,0.499,0.663,49.27,2.49,-30.75,35.99,0.995,0.865,63.34,26.44,69.19,4.56
5,336.2,0.005,0.988,98.63,0.52,-0.1,336.2,0.007,0.916,92.07,0.71,-0.13,336.2,0.746,0.73,43.49,58.5,1.58,21.2,0.613,0.782,58.27,26.82,36.51,186.2,0.838,0.928,79.44,-34.73,-22.06,5.38
5,82.81,0.1,0.4,42.57,-3.58,5.25,82.81,0.1,0.4,42.57,-3.58,5.25,82.81,0.1,0.4,42.57,-3.58,5.25,52.81,0.1,0.4,42.55,-1.29,5.26,262.81,0.1,0.4,39.66,3.72,-5.27,1.0
5,82.74,0.028,0.975,97.46,-2.11,3.06,82.74,0.069,0.912,91.36,-4.83,7.05,82.74,0.648,0.877,82.98,-38.99,62.95,127.74,0.693,0.742,67.97,-58.34,46.67,262.74,0.949,0.955,36.89,77.3,-93.57,5.95
5,234.71,0.034,0.982,95.89,1.13,-3.77,234.71,0.006,0.948,95.0,0.19,-0.64,234.71,0.813,0.6,23.81,37.88,-62.31,279.71,0.417,0.777,57.11,36.35,-34.74,54.71,0.839,0.919,85.65,-11.2,80.22,5.46
5,268.61,0.1,0.4,39.75,4.1,-5.12,268.61,0.1,0.4,39.75,4.1,-5.12,268.61,0.1,0.4,39.75,4.1,-5.12,223.61,0.1,0.4,40.14,0.55,-4.6,118.61,0.1,0.4,42.08,-5.99,4.47,1.0
5,152.95,0.1,0.4,42.21,-4.91,1.26,152.95,0.1,0.4,42.21,-4.91,1.26,152.95,0.1,0.4,42.21,-4.91,1.26,107.95,0.1,0.4,42.22,-5.28,4.7,332.95,0.1,0.4,40.08,5.01,-1.14,1.0
5,329.37,0.019,0.987,97.62,2.05,-0.62,329.37,0.037,0.971,95.11,3.85,-1.15,329.37,0.512,0.678,48.1,41.49,-8.47,299.37,0.512,0.697,51.03,49.5,-32.45,149.37,0.938,0.805,72.86,-63.86,37.13,6.22
5,120.48,0.255,0.057,3.98,-1.72,1.22,120.48,0.213,0.13,11.9,-5.01,3.69,120.48,0.571,0.619,58.05,-45.38,38.24,150.48,0.6,0.781,72.54,-47.08,19.67,330.48,0.845,0.877,50.11,73.65,-3.39,10.0
5,90.42,0.1,0.4,42.47,-4.1,5.08,90.42,0.1,0.4,42.47,-4.1,5.08,90.42,0.1,0.4,42.47,-4.1,5.08,60.42,0.1,0.4,42.9,-2.05,5.76,270.42,0.1,0.4,39.78,4.22,-5.08,1.0
5,1.76,0.204,0.1,7.2,2.38,0.95,1.76,0.251,0.12,8.74,3.7,1.3,1.76,0.803,0.867,49.2,64.66,45.35,316.76,0.451,0.721,54.04,41.44,-17.77,151.76,0.881,0.932,83.46,-68.27,34.83,7.12
5,90.4,0.1,0.4,42.47,-4.1,5.08,90.4,0.1,0.4,42.47,-4.1,5.08,90.4,0.1,0.4,42.47,-4.1,5.08,135.4,0.1,0.4,42.13,-5.54,2.95,270.4,0.1,0.4,39.78,4.22,-5.08,1.0
5,235.72,0.199,0.125,9.43,1.41,-4.13,235.72,0.156,0.165,14.33,1.38,-4.1,235.72,0.506,0.896,54.92,25.97,-55.74,280.72,0.724,0.624,34.88,52.06,-47.52,55.72,0.875,0.906,85.3,-12.6,81.63,10.0
5,162.21,0.193,0.077,5.91,-1.69,0.15,162.21,0.297,0.211,20.98,-7.79,0.85,162.21,0.711,0.61,57.69,-38.87,8.36,192.21,0.632,0.781,66.29,-21.3,-21.72,312.21,0.832,0.947,56.62,84.33,-36.18,8.09
5,135.43,0.1,0.4,42.13,-5.54,2.95,135.43,0.1,0.4,42.13,-5.54,2.95,135.43,0.1,0.4,42.13,-5.54,2.95,105.43,0.1,0.4,42.26,-5.11,4.75,285.43,0.1,0.4,40.02,5.2,-4.7,1.0
5,203.27,0.0,0.958,96.25,-0.0,-0.01,203.27,0.012,0.955,95.54,-0.38,-0.74,203.27,0.694,0.851,62.35,-8.61,-37.63,248.27,0.514,0.723,43.65,29.35,-48.53,53.27,0.855,0.884,81.42,-8.47,77.54,1.0
5,8.11,0.151,0.108,8.66,1.65,1.05,8.11,0.139,0.149,13.39,2.0,1.27,8.11,0.783,0.719,43.4,49.07,39.17,53.11,0.714,0.523,50.86,-6.11,45.43,8.11,0.2,0.5,46.58,8.16,5.21,4.08
5,218.77,0.1,0.4,40.38,0.05,-4.24,218.77,0.1,0.4,40.38,0.05,-4.24,218.77,0.1,0.4,40.38,0.05,-4.24,263.77,0.1,0.4,39.68,3.79,-5.24,8.77,0.1,0.4,40.37,3.2,2.12,1.0
5,122.29,0.05,0.998,98.64,-6.33,4.4,122.29,0.029,0.963,96.07,-3.59,2.49,122.29,0.597,0.617,57.78,-46.49,38.55,152.29,0.655,0.591,55.84,-39.65,15.8,272.29,0.868,0.965,44.15,78.32,-82.82,7.77
5,183.25,0.005,0.985,98.58,-0.36,-0.16,183.25,0.021,0.954,95.44,-1.58,-0.71,183.25,0.641,0.816,74.63,-31.97,-13.86,153.25,0.486,0.72,68.42,-36.26,12.1,33.25,0.956,0.88,63.0,30.26,67.9,3.14
5,12.16,0.193,0.1,7.64,1.69,1.32,12.16,0.183,0.151,13.31,2.36,1.95,12.16,0.789,0.766,47.61,47.56,43.4,342.16,0.61,0.796,51.37,52.29,4.98,222.16,0.871,0.849,40.54,33.03,-72.39,6.3
5,16.83,0.292,0.082,5.41,1.46,1.5,16.83,0.24,0.179,15.86,3.06,3.41,16.83,0.729,0.774,52.02,38.54,41.75,46.83,0.639,0.516,48.2,-1.09,38.2,196.83,0.907,0.91,66.4,-15.49,-39.62,9.76
5,295.73,0.9,0.9,52.64,86.44,-59.26,201.26,0.044,0.901,89.54,-1.52,-2.5,201.26,0.895,0.83,57.1,-7.01,-42.99,171.26,0.681,0.718,67.64,-38.12,-0.7,51.26,0.893,0.812,73.55,-4.48,72.69,1.0
5,116.95,0.228,0.118,10.49,-4.8,3.74,116.95,0.297,0.175,16.74,-8.66,6.87,116.95,0.801,0.715,65.13,-61.9,58.49,86.95,0.477,0.726,70.66,-28.26,40.33,266.95,0.884,0.939,40.04,75.34,-86.01,7.06
5,244.93,0.028,0.999,97.66,1.47,-3.36,244.93,0.011,0.939,93.81,0.52,-1.19,244.93,0.75,0.898,37.8,56.6,-83.96,199.93,0.564,0.545,45.16,-9.55,-19.61,34.93,0.901,0.988,72.82,27.04,73.71,6.09
5,277.62,0.031,0.957,94.15,2.94,-3.1,277.62,0.075,0.962,91.61,7.14,-7.48,277.62,0.615,0.741,44.88,50.49,-48.93,322.62,0.543,0.507,35.63,35.92,-11.48,67.62,0.956,0.931,89.1,-32.17,86.2,4.82
5,280.43,0.025,0.996,97.93,2.52,-2.52,280.43,0.068,0.955,91.52,6.76,-6.72,280.43,0.561,0.996,63.3,60.38,-55.89,310.43,0.795,0.505,30.77,51.05,-24.12,130.43,0.991,0.803,72.05,-71.82,64.58,3.45
5,332.65,0.238,0.115,8.33,4.24,-0.93,332.65,0.231,0.152,12.32,5.24,-1.14,332.65,0.712,0.789,48.13,61.09,-4.11,2.65,0.572,0.714,47.77,39.94,22.33,122.65,0.814,0.84,75.38,-71.38,64.88,9.48
5,73.34,0.235,0.071,5.5,-1.18,2.08,73.34,0.274,0.218,22.62,-4.69,9.07,73.34,0.627,0.822,79.71,-28.05,59.89,28.34,0.714,0.755,57.08,22.76,46.22,73.34,0.2,0.5,52.28,-6.88,13.17,5.97
5,276.32,0.019,0.961,95.27,1.74,-1.89,276.32,0.008,0.977,97.41,0.75,-0.81,276.32,0.63,0.802,47.42,54.4,-53.86,246.32,0.572,0.68,37.59,31.47,-51.93,126.32,0.81,0.884,78.97,-73.27,63.71,3.26
5,354.97,0.158,0.111,8.7,2.3,0.55,354.97,0.249,0.139,10.66,4.51,1.14,354.97,0.775,0.677,38.78,53.51,27.45,39.97,0.731,0.527,45.17,6.17,40.54,174.97,0.859,0.881,81.03,-47.18,-4.66,7.31
5,336.52,0.198,0.078,5.21,1.84,-0.28,336.52,0.173,0.122,9.78,3.13,-0.49,336.52,0.602,0.656,43.16,45.34,-1.56,21.52,0.606,0.759,57.04,25.41,35.3,336.52,0.2,0.5,45.94,11.96,-1.72,4.5
5,149.75,0.217,0.082,6.44,-2.34,0.75,149.75,0.128,0.214,22.12,-3.83,1.21,149.75,0.706,0.823,75.29,-55.6,26.08,119.75,0.762,0.637,58.57,-56.12,51.33,299.75,0.92,0.87,53.04,86.95,-54.28,8.27
5,101.05,0.043,0.995,98.72,-4.35,4.34,101.05,0.028,0.929,93.19,-2.65,2.64,101.05,0.535,0.995,91.47,-51.0,55.6,71.05,0.607,0.503,51.04,-17.22,39.57,281.05,0.816,0.833,43.46,71.14,-64.77,5.54
5,323.49,0.156,0.122,10.03,3.07,-1.17,323.49,0.279,0.206,17.08,8.71,-3.15,323.49,0.58,0.684,46.44,48.23,-14.13,8.49,0.746,0.625,38.75,41.42,32.56,173.49,0.909,0.892,81.67,-49.84,-1.86,7.98
5,287.03,0.9,0.9,47.74,81.87,-67.4,157.17,0.166,0.182,18.29,-4.07,0.76,157.17,0.835,0.75,68.95,-53.18,19.86,202.17,0.737,0.76,55.69,-8.81,-35.01,337.17,0.938,0.821,45.09,70.58,13.6,1.0
5,55.82,0.225,0.094,8.05,-1.0,3.28,55.82,0.212,0.218,22.69,-1.93,7.03,55.82,0.753,0.094,7.44,-2.41,8.43,100.82,0.644,0.634,60.11,-41.4,45.93,235.82,0.911,0.814,28.56,59.32,-86.96,1.0
5,150.83,0.025,0.988,98.41,-2.6,0.74,150.83,0.001,0.936,94.29,-0.14,0.04,150.83,0.506,0.696,66.04,-37.23,14.22,120.83,0.743,0.703,64.29,-59.76,53.78,330.83,0.894,0.868,48.79,74.4,-0.58,7.0
5,52.87,0.022,0.98,97.92,-0.64,2.45,52.87,0.07,0.925,92.43,-1.83,7.28,52.87,0.5,0.892,84.86,-8.4,50.77,97.87,0.696,0.786,73.09,-50.07,58.65,262.87,0.91,0.98,39.16,77.65,-93.38,4.37
5,277.79,0.9,0.9,42.87,77.58,-75.56,340.73,0.073,0.914,87.89,6.75,-0.57,340.73,0.595,0.728,47.75,47.89,2.64,25.73,0.721,0.648,47.99,23.21,39.89,190.73,0.979,0.813,64.69,-23.64,-28.68,1.0
5,4.29,0.261,0.105,7.27,3.04,1.42,4.29,0.213,0.174,14.93,4.01,2.0,4.29,0.714,0.659,40.32,45.2,30.32,34.29,0.751,0.597,47.74,13.57,43.05,184.29,0.854,0.961,83.78,-38.81,-19.98,7.69
5,250.41,0.9,0.9,32.3,69.64,-93.37,281.82,0.195,0.198,17.55,5.47,-5.22,281.82,0.596,0.702,44.42,48.8,-43.96,326.82,0.592,0.571,38.37,41.77,-9.68,101.82,0.817,0.986,88.27,-70.65,77.8,3.42
5,101.52,0.116,0.148,14.63,-2.45,2.45,101.52,0.159,0.147,14.34,-3.33,3.33,101.52,0.668,0.724,67.72,-47.83,52.67,146.52,0.619,0.657,61.7,-43.46,21.29,281.52,0.924,0.979,48.13,85.19,-78.21,6.65
5,198.45,0.251,0.105,8.26,-0.9,-2.19,198.45,0.114,0.126,11.56,-0.88,-1.18,198.45,0.847,0.679,50.31,-11.46,-31.65,243.45,0.671,0.67,31.45,37.74,-60.52,348.45,0.877,0.891,49.01,71.81,32.55,8.09
5,204.55,0.9,0.9,58.14,-0.58,-51.29,340.14,0.002,0.969,97.1,0.23,-0.02,340.14,0.69,0.834,50.95,60.66,5.52,310.14,0.576,0.532,37.14,42.05,-21.39,160.14,0.848,0.869,79.01,-58.13,18.36,1.0
5,38.34,0.02,0.957,95.66,0.04,1.69,38.34,0.067,0.94,92.87,0.2,5.65,38.34,0.748,0.645,53.57,9.7,47.78,353.34,0.46,0.746,53.81,35.93,10.35,248.34,0.949,0.848,28.51,68.37,-92.1,9.06
5,252.1,0.138,0.086,6.2,0.95,-1.82,252.1,0.202,0.19,16.09,3.39,-6.05,252.1,0.837,0.625,23.69,49.08,-66.3,222.1,0.447,0.755,55.53,6.95,-34.43,252.1,0.2,0.5,44.49,7.61,-13.43,1.92
5,202.52,0.1,0.4,41.2,-1.62,-3.02,202.52,0.1,0.4,41.2,-1.62,-3.02,202.52,0.1,0.4,41.2,-1.62,-3.02,172.52,0.1,0.4,42.31,-4.18,-0.62,52.52,0.1,0.4,42.53,-1.26,5.24,1.0
5,61.06,0.157,0.079,6.48,-0.7,1.83,61.06,0.165,0.184,19.13,-1.77,4.98,61.06,0.797,0.753,75.29,-17.83,69.63,91.06,0.463,0.642,62.91,-26.9,34.97,211.06,0.891,0.987,56.83,13.7,-65.71,10.0
5,98.72,0.153,0.108,9.64,-2.37,2.5,98.72,0.151,0.184,18.72,-3.68,3.88,98.72,0.864,0.721,66.6,-55.01,63.06,143.72,0.433,0.542,52.8,-28.06,13.41,98.72,0.2,0.5,51.44,-11.13,11.88,7.4
5,155.48,0.04,0.958,95.48,-3.99,0.81,155.48,0.018,0.914,92.03,-1.68,0.34,155.48,0.567,0.677,64.12,-38.4,12.05,185.48,0.415,0.75,70.52,-20.65,-10.76,335.48,0.889,0.958,53.34,78.9,8.87,5.75
5,103.14,0.039,0.965,96.21,-4.0,3.84,103.14,0.024,0.915,92.07,-2.31,2.21,103.14,0.771,0.679,63.03,-51.47,55.75,58.14,0.603,0.724,72.12,-12.59,53.91,313.14,0.971,0.832,48.21,79.09,-30.19,7.96
5,165.12,0.002,0.965,96.9,-0.21,0.0,165.12,0.035,0.908,91.2,-3.06,0.03,165.12,0.526,0.605,58.35,-29.89,3.03,210.12,0.739,0.514,34.13,1.24,-32.0,15.12,0.888,0.908,54.61,57.4,58.57,7.28
5,168.14,0.249,0.141,13.23,-4.44,-0.13,168.14,0.21,0.215,21.93,-5.37,-0.17,168.14,0.559,0.703,66.95,-34.14,1.3,198.14,0.533,0.671,56.52,-12.5,-20.77,18.14,0.961,0.897,53.7,57.22,62.51,8.68
5,68.2,0.119,0.061,4.58,-0.41,0.86,68.2,0.227,0.132,12.69,-2.26,5.01,68.2,0.686,0.619,62.05,-19.98,52.31,113.2,0.495,0.653,62.01,-39.53,35.48,278.2,0.975,0.952,43.84,82.71,-81.44,8.59
5,142.9,0.1,0.4,42.16,-5.27,2.23,142.9,0.1,0.4,42.16,-5.27,2.23,142.9,0.1,0.4,42.16,-5.27,2.23,187.9,0.1,0.4,41.95,-3.1,-1.93,352.9,0.1,0.4,39.97,4.34,0.8,1.0
5,63.87,0.254,0.147,14.54,-2.4,6.26,63.87,0.245,0.187,19.25,-2.83,7.39,63.87,0.861,0.681,68.07,-19.98,66.35,93.87,0.452,0.697,67.65,-29.5,36.15,63.87,0.2,0.5,52.61,-5.27,13.69,6.14
5,343.02,0.281,0.057,3.3,1.38,-0.03,343.02,0.204,0.173,14.85,4.81,-0.1,343.02,0.523,0.612,42.62,36.46,2.68,313.02,0.536,0.584,41.68,41.87,-19.77,193.02,0.988,0.868,66.15,-20.34,-34.26,8.41
5,118.43,0.032,0.952,95.03,-3.86,2.85,118.43,0.009,0.953,95.65,-1.08,0.79,118.43,0.549,0.952,86.31,-61.43,52.89,163.43,0.509,0.603,58.28,-29.6,4.0,298.43,0.956,0.977,58.17,94.91,-61.15,3.33
5,190.87,0.1,0.4,41.79,-2.8,-2.15,190.87,0.1,0.4,41.79,-2.8,-2.15,190.87,0.1,0.4,41.79,-2.8,-2.15,145.87,0.1,0.4,42.18,-5.17,1.94,10.87,0.1,0.4,40.47,2.98,2.27,1.0
5,249.42,0.202,0.112,8.13,1.33,-3.61,249.42,0.258,0.175,13.41,3.9,-7.31,249.42,0.891,0.671,23.33,54.54,-74.01,294.42,0.574,0.792,54.07,58.23,-41.58,69.42,0.891,0.875,83.98,-32.09,80.1,5.88
5,321.03,0.144,0.128,10.87,2.99,-1.26,321.03,0.236,0.208,18.04,7.54,-3.06,321.03,0.696,0.724,45.62,59.14,-18.09,276.03,0.708,0.509,27.61,41.79,-41.41,111.03,0.857,0.809,73.0,-67.73,67.49,7.58
5,328.17,0.226,0.117,8.71,4.19,-1.25,328.17,0.27,0.193,15.98,7.77,-2.23,328.17,0.55,0.785,53.83,50.25,-10.78,298.17,0.412,0.623,48.94,36.36,-24.8,118.17,0.913,0.878,78.2,-76.6,73.57,9.7
5,139.39,0.174,0.076,5.84,-1.78,0.84,139.39,0.299,0.165,15.68,-7.64,3.84,139.39,0.607,0.722,67.14,-48.62,29.22,184.39,0.798,0.731,65.6,-30.91,-15.68,319.39,0.8,0.898,53.5,76.82,-23.36,9.9
5,282.97,0.27,0.09,5.71,3.19,-3.14,282.97,0.178,0.201,18.12,5.12,-4.79,282.97,0.804,0.87,46.61,73.96,-65.03,237.97,0.781,0.579,22.71,38.26,-60.81,132.97,0.96,0.805,72.28,-70.8,60.69,9.27
5,314.35,0.198,0.112,8.56,3.87,-1.99,314.35,0.29,0.207,17.11,9.64,-4.79,314.35,0.817,0.759,45.69,69.71,-27.63,284.35,0.575,0.635,41.54,44.53,-38.4,164.35,0.977,0.953,85.76,-62.43,16.51,7.86
5,223.28,0.229,0.115,8.45,0.48,-3.68,223.28,0.277,0.138,10.4,0.75,-5.24,223.28,0.524,0.716,48.73,10.26,-39.5,193.28,0.745,0.567,46.98,-16.4,-20.09,73.28,0.815,0.958,90.51,-37.89,81.61,6.63
5,341.85,0.013,0.988,98.06,1.29,-0.09,341.85,0.04,0.93,91.28,3.75,-0.25,341.85,0.859,0.764,42.69,64.24,15.89,26.85,0.666,0.551,42.64,17.12,32.54,131.85,0.951,0.816,73.2,-71.65,62.11,5.83
5,265.1,0.1,0.4,39.7,3.87,-5.21,265.1,0.1,0.4,39.7,3.87,-5.21,265.1,0.1,0.4,39.7,3.87,-5.21,220.1,0.1,0.4,40.31,0.19,-4.33,115.1,0.1,0.4,42.12,-5.76,4.54,1.0
5,231.37,0.025,0.955,94.31,0.64,-2.6,231.37,0.009,0.941,94.19,0.23,-0.93,231.37,0.853,0.833,34.0,48.29,-80.69,201.37,0.402,0.605,53.18,-7.93,-16.19,21.37,0.806,0.988,65.46,45.79,60.09,4.25
5,4.42,0.2,0.096,6.93,2.03,0.96,4.42,0.138,0.149,13.28,2.21,1.1,4.42,0.512,0.839,58.98,38.94,22.63,319.42,0.795,0.503,29.9,48.74,-15.36,4.42,0.2,0.5,46.16,9.09,4.6,6.26
5,311.09,0.183,0.095,6.92,2.89,-1.64,311.09,0.205,0.168,14.49,5.77,-3.2,311.09,0.812,0.747,45.43,69.71,-31.67,356.09,0.507,0.766,52.97,40.11,15.01,161.09,0.81,0.98,88.16,-61.65,17.35,8.79
5,173.45,0.006,1.0,99.85,-0.5,-0.09,173.45,0.078,0.924,91.88,-6.41,-1.11,173.45,0.841,0.821,75.97,-45.57,-2.33,143.45,0.707,0.778,71.29,-55.98,32.28,323.45,0.813,0.925,54.26,77.79,-16.89,4.83
5,303.59,0.002,0.996,99.54,0.25,-0.17,303.59,0.026,0.904,89.91,3.08,-2.06,303.59,0.834,0.88,54.11,83.4,-47.58,348.59,0.45,0.779,56.73,37.18,6.47,303.59,0.2,0.5,46.39,14.66,-9.46,7.09
5,219.22,0.037,0.97,95.2,0.03,-3.22,219.22,0.032,0.976,96.03,0.02,-2.82,219.22,0.707,0.896,52.88,16.61,-59.06,174.22,0.537,0.668,64.3,-29.35,-3.75,9.22,0.859,0.884,51.33,61.58,53.24,6.04
5,158.74,0.9,0.9,81.24,-62.35,23.07,152.97,0.175,0.197,19.99,-4.74,1.26,152.97,0.785,0.814,74.31,-57.22,25.2,197.97,0.651,0.671,54.04,-13.35,-24.69,302.97,0.911,0.841,50.98,83.23,-47.86,1.0
5,166.46,0.285,0.129,11.78,-4.79,0.06,166.46,0.272,0.133,12.3,-4.7,0.05,166.46,0.56,0.671,64.05,-33.56,2.63,196.46,0.57,0.514,43.92,-11.67,-16.78,316.46,0.949,0.903,51.91,82.54,-26.12,6.81
5,294.45,0.179,0.072,4.87,1.75,-1.38,294.45,0.278,0.203,16.92,9.34,-7.02,294.45,0.749,0.628,38.68,59.35,-41.82,339.45,0.567,0.718,48.19,45.57,0.72,294.45,0.2,0.5,46.2,14.11,-10.68,2.06
5,255.43,0.121,0.148,13.09,1.7,-2.86,255.43,0.25,0.136,9.9,3.42,-5.59,255.43,0.55,0.148,6.58,7.7,-12.9,285.43,0.486,0.591,42.12,36.13,-30.85,45.43,0.884,0.942,78.95,5.6,77.21,4.94
5,129.22,0.022,0.973,97.14,-2.58,1.56,129.22,0.007,0.907,91.62,-0.83,0.5,129.22,0.604,0.635,59.38,-46.43,34.5,99.22,0.501,0.714,68.3,-35.9,40.1,279.22,0.843,0.978,49.07,81.19,-76.57,7.0
5,51.95,0.1,0.4,42.51,-1.21,5.19,51.95,0.1,0.4,42.51,-1.21,5.19,51.95,0.1,0.4,42.51,-1.21,5.19,21.95,0.1,0.4,41.02,1.85,3.05,201.95,0.1,0.4,41.23,-1.67,-2.98,1.0
5,190.6,0.043,0.996,98.41,-2.57,-1.92,190.6,0.043,0.942,93.66,-2.46,-1.85,190.6,0.702,0.751,63.84,-23.21,-21.25,160.6,0.628,0.689,64.91,-39.99,9.13,340.6,0.905,0.843,46.43,70.74,18.35,7.79
5,0.65,0.047,0.997,96.57,3.94,1.48,0.65,0.057,0.934,90.47,4.53,1.71,0.65,0.571,0.997,64.58,54.68,28.49,315.65,0.606,0.603,40.79,47.08,-19.76,210.65,0.875,0.887,52.36,10.5,-58.75,5.91
5,291.9,0.239,0.083,5.4,2.8,-2.32,291.9,0.243,0.196,16.67,7.66,-6.06,291.9,0.555,0.773,52.92,54.23,-40.7,336.9,0.585,0.672,44.7,44.93,-1.46,111.9,0.968,0.991,87.23,-83.34,82.25,10.0
5,136.49,0.044,0.961,95.59,-4.97,2.53,136.49,0.025,0.978,97.47,-2.84,1.44,136.49,0.723,0.704,64.79,-54.93,37.88,106.49,0.476,0.671,64.21,-36.05,35.5,286.49,0.896,0.865,45.71,79.03,-65.7,7.37
5,54.91,0.167,0.093,7.95,-0.7,2.42,54.91,0.237,0.14,13.48,-1.39,5.33,54.91,0.504,0.893,85.89,-10.39,52.34,84.91,0.735,0.559,54.33,-31.51,48.18,234.91,0.962,0.839,28.44,63.33,-90.92,5.74
5,328.32,0.028,0.964,95.04,2.97,-0.94,328.32,0.04,0.968,94.63,4.21,-1.33,328.32,0.733,0.869,52.54,68.47,-10.16,358.32,0.694,0.779,46.69,54.59,29.45,118.32,0.936,0.822,73.61,-73.28,70.49,2.71
5,104.91,0.024,0.996,99.16,-2.54,2.36,104.91,0.079,0.972,96.05,-8.25,7.72,104.91,0.579,0.841,77.96,-50.19,51.82,149.91,0.466,0.776,73.33,-38.19,14.82,314.91,0.995,0.89,51.01,82.7,-27.81,5.44
5,336.45,0.016,0.955,95.0,1.61,-0.28,336.45,0.025,0.941,93.23,2.43,-0.42,336.45,0.654,0.836,52.54,59.13,-0.58,6.45,0.503,0.635,46.24,28.85,18.25,186.45,0.977,0.972,81.3,-35.24,-25.27,1.83
5,124.35,0.016,0.989,98.68,-1.96,1.3,124.35,0.029,0.939,93.97,-3.44,2.29,124.35,0.713,0.681,62.62,-56.28,47.76,94.35,0.672,0.66,62.75,-40.08,49.93,334.35,0.807,0.921,53.01,73.95,1.9,7.02
5,183.36,0.9,0.9,79.6,-38.58,-18.01,311.47,0.037,0.938,92.27,4.23,-2.4,311.47,0.829,0.831,50.11,76.37,-33.89,281.47,0.634,0.554,33.81,42.52,-38.47,131.47,0.881,0.814,73.14,-69.85,58.5,1.0
5,232.46,0.032,0.982,96.11,0.93,-3.49,232.46,0.044,0.95,92.47,1.26,-4.7,232.46,0.847,0.982,39.8,57.04,-92.83,202.46,0.494,0.716,59.12,-9.11,-23.32,52.46,0.81,0.837,77.22,-7.24,71.67,5.64
5,173.09,0.283,0.055,3.85,-1.23,-0.2,173.09,0.101,0.215,22.44,-2.52,-0.41,173.09,0.79,0.835,77.27,-45.23,-2.23,143.09,0.726,0.623,57.97,-47.89,28.03,23.09,0.832,0.838,56.42,38.98,55.06,8.95
5,347.28,0.028,0.978,96.2,2.55,0.12,347.28,0.038,0.945,92.69,3.45,0.16,347.28,0.754,0.661,38.62,52.51,15.62,32.28,0.725,0.791,61.54,18.99,51.1,197.28,0.808,0.992,73.76,-17.74,-39.46,5.35
5,288.03,0.042,0.999,97.1,4.76,-4.14,288.03,0.012,0.962,95.82,1.32,-1.15,288.03,0.794,0.686,38.89,63.05,-50.4,318.03,0.712,0.669,42.09,57.3,-20.44,78.03,0.976,0.923,85.88,-47.66,82.97,5.55
5,248.43,0.015,0.991,98.07,0.82,-1.7,248.43,0.031,0.964,94.41,1.73,-3.56,248.43,0.508,0.718,43.72,28.81,-47.67,218.43,0.42,0.599,46.88,2.63,-24.98,98.43,0.9,0.872,79.01,-65.21,74.35,5.49
5,138.22,0.9,0.9,80.27,-73.86,55.86,22.3,0.016,0.952,95.03,0.55,0.97,22.3,0.678,0.616,45.31,23.92,34.23,352.3,0.496,0.655,46.17,35.06,9.67,172.3,0.971,0.982,88.81,-55.83,1.07,1.97
5,115.64,0.031,0.989,98.36,-3.71,2.86,115.64,0.048,0.963,95.68,-5.73,4.44,115.64,0.591,0.699,65.1,-49.56,44.5,70.64,0.444,0.669,67.28,-16.66,37.35,295.64,0.986,0.886,50.96,86.96,-60.02,6.49
5,291.73,0.038,0.969,94.89,4.33,-3.53,291.73,0.061,0.939,90.78,6.89,-5.59,291.73,0.662,0.889,56.03,70.23,-52.39,261.73,0.577,0.562,32.94,32.14,-41.3,111.73,0.903,0.873,78.01,-73.81,73.22,3.48
5,113.36,0.037,0.983,97.62,-4.4,3.54,113.36,0.007,0.925,93.22,-0.79,0.63,113.36,0.873,0.859,76.9,-72.6,71.17,68.36,0.789,0.634,63.12,-22.33,58.86,293.36,0.802,0.932,54.95,83.6,-60.16,4.65
5,318.89,0.008,0.978,97.52,0.92,-0.43,318.89,0.067,0.937,90.35,7.3,-3.35,318.89,0.815,0.978,57.73,82.99,-25.56,348.89,0.646,0.599,37.63,42.67,11.27,138.89,0.943,0.888,79.2,-74.02,56.93,3.77
5,308.4,0.9,0.9,53.55,84.87,-41.16,350.81,0.03,0.944,93.12,2.6,0.33,350.81,0.659,0.666,41.32,47.04,15.15,305.81,0.639,0.513,34.56,45.55,-25.56,200.81,0.997,0.938,61.82,-4.36,-50.85,1.0
5,43.25,0.041,0.987,97.84,-0.33,3.94,43.25,0.036,0.923,92.41,-0.27,3.23,43.25,0.589,0.889,78.29,2.27,52.71,13.25,0.718,0.683,44.96,38.04,35.34,253.25,0.841,0.972,38.19,70.73,-93.86,5.87
5,332.81,0.263,0.07,4.29,2.02,-0.43,332.81,0.243,0.146,11.53,5.31,-1.13,332.81,0.639,0.07,2.82,4.23,-0.76,2.81,0.718,0.744,44.78,51.49,33.35,182.81,0.969,0.906,80.36,-39.81,-17.72,5.01
5,140.78,0.9,0.9,80.35,-72.82,52.15,45.48,0.038,0.909,91.15,-0.45,3.54,45.48,0.602,0.885,78.98,-0.15,55.05,15.48,0.752,0.719,47.26,39.2,40.15,195.48,0.822,0.994,75.36,-20.75,-37.32,1.0
5,276.64,0.017,0.978,96.87,1.58,-1.7,276.64,0.013,0.976,97.02,1.25,-1.34,276.64,0.783,0.712,36.53,59.51,-58.29,306.64,0.406,0.733,57.28,40.11,-23.18,126.64,0.887,0.866,77.3,-74.62,66.91,4.4
5,226.03,0.029,0.981,96.42,0.44,-2.86,226.03,0.001,0.913,92.2,0.01,-0.06,226.03,0.597,0.809,49.32,18.42,-52.22,181.03,0.479,0.521,51.16,-19.8,-6.85,16.03,0.848,0.869,53.94,51.59,54.33,8.42
5,224.67,0.9,0.9,39.57,42.87,-81.36,339.47,0.254,0.185,15.34,6.54,-0.55,339.47,0.873,0.682,37.93,59.58,11.33,294.47,0.502,0.78,56.03,50.94,-36.67,129.47,0.961,0.805,72.21,-71.58,64.2,1.0
5,68.39,0.025,0.984,98.4,-1.38,2.89,68.39,0.028,0.955,95.82,-1.49,3.13,68.39,0.656,0.741,73.2,-22.51,58.22,98.39,0.401,0.668,65.25,-27.42,30.53,248.39,0.966,0.911,30.51,72.84,-97.93,3.33
5,313.77,0.164,0.051,3.31,0.87,-0.46,313.77,0.231,0.206,17.98,7.65,-3.92,313.77,0.641,0.758,49.97,59.86,-26.39,283.77,0.525,0.691,47.03,43.5,-38.09,313.77,0.2,0.5,46.24,13.8,-7.08,5.03
5,325.71,0.221,0.071,4.56,1.87,-0.64,325.71,0.211,0.153,12.74,5.0,-1.69,325.71,0.509,0.874,61.44,51.73,-13.9,295.71,0.798,0.613,37.22,61.02,-41.83,325.71,0.2,0.5,46.08,12.82,-4.27,6.87
5,232.53,0.013,0.997,98.81,0.37,-1.41,232.53,0.052,0.918,89.13,1.45,-5.34,232.53,0.567,0.651,38.57,20.34,-46.0,277.53,0.525,0.6,39.98,36.43,-35.74,22.53,0.833,0.869,58.01,41.11,56.48,8.26
5,222.2,0.1,0.4,40.21,0.4,-4.49,222.2,0.1,0.4,40.21,0.4,-4.49,222.2,0.1,0.4,40.21,0.4,-4.49,192.2,0.1,0.4,41.73,-2.67,-2.25,42.2,0.1,0.4,42.02,-0.22,4.5,1.0
5,130.17,0.9,0.9,80.07,-76.43,66.11,289.46,0.049,0.903,88.38,5.15,-4.36,289.46,0.678,0.859,52.84,68.37,-53.22,319.46,0.456,0.551,41.48,33.13,-12.86,79.46,0.876,0.903,84.39,-45.7,79.04,1.0
5,173.95,0.142,0.056,4.06,-0.67,-0.13,173.95,0.23,0.219,22.24,-5.63,-0.95,173.95,0.8,0.676,63.76,-38.06,-2.94,143.95,0.795,0.602,55.91,-49.05,29.42,173.95,0.2,0.5,51.39,-9.73,-1.65,5.9
5,202.17,0.103,0.087,6.94,-0.42,-0.77,202.17,0.273,0.185,16.69,-2.19,-4.27,202.17,0.847,0.087,4.01,-1.82,-5.18,232.17,0.716,0.773,37.54,34.57,-66.1,22.17,0.884,0.992,63.8,50.08,65.88,4.66
5,284.47,0.047,0.994,96.3,5.0,-4.63,284.47,0.054,0.957,92.66,5.63,-5.21,284.47,0.637,0.667,41.34,50.93,-43.6,254.47,0.577,0.627,35.54,32.52,-47.08,74.47,0.882,0.89,84.27,-39.06,79.58,5.22
5,86.37,0.1,0.4,42.52,-3.82,5.17,86.37,0.1,0.4,42.52,-3.82,5.17,86.37,0.1,0.4,42.52,-3.82,5.17,116.37,0.1,0.4,42.11,-5.84,4.51,296.37,0.1,0.4,40.19,5.93,-4.42,1.0
5,278.28,0.043,0.999,96.95,4.21,-4.37,278.28,0.054,0.921,89.51,5.01,-5.2,278.28,0.803,0.775,39.77,65.4,-62.38,323.28,0.693,0.583,36.69,49.1,-13.19,68.28,0.879,0.847,81.89,-29.61,78.05,5.68
5,288.86,0.9,0.9,48.75,82.79,-65.72,101.51,0.043,0.964,96.06,-4.28,4.24,101.51,0.851,0.817,74.39,-62.23,68.64,131.51,0.431,0.551,53.37,-30.75,20.16,251.51,0.896,0.971,35.46,73.92,-98.4,1.0
5,313.41,0.115,0.126,11.05,2.47,-1.32,313.41,0.185,0.19,17.14,5.71,-2.99,313.41,0.554,0.892,61.6,60.51,-27.87,268.41,0.72,0.612,31.17,46.29,-51.9,103.41,0.979,0.892,79.84,-73.03,76.7,9.92
5,39.64,0.1,0.4,41.89,0.04,4.32,39.64,0.1,0.4,41.89,0.04,4.32,39.64,0.1,0.4,41.89,0.04,4.32,84.64,0.1,0.4,42.55,-3.71,5.21,219.64,0.1,0.4,40.34,0.14,-4.3,1.0
5,95.72,0.046,0.981,97.54,-4.24,4.69,95.72,0.075,0.954,94.74,-6.84,7.6,95.72,0.574,0.605,58.37,-33.55,40.35,140.72,0.41,0.615,59.51,-30.21,15.69,275.72,0.851,0.834,40.12,70.48,-70.46,7.88
5,27.61,0.242,0.05,3.29,0.28,0.72,27.61,0.248,0.139,12.03,1.4,3.6,27.61,0.629,0.652,51.35,17.49,35.52,342.61,0.716,0.527,31.53,42.82,6.39,237.61,0.808,0.997,39.17,62.84,-95.99,7.14
5,192.91,0.196,0.127,11.36,-1.91,-1.71,192.91,0.248,0.19,18.16,-3.33,-3.02,192.91,0.776,0.755,61.3,-20.77,-25.62,222.91,0.594,0.643,41.06,11.65,-40.81,342.91,0.959,0.828,44.87,70.22,26.68,8.84
5,149.87,0.16,0.138,13.11,-3.27,1.03,149.87,0.201,0.178,17.64,-5.12,1.65,149.87,0.594,0.138,11.76,-11.59,4.47,179.87,0.652,0.781,73.7,-34.61,-10.26,359.87,0.967,0.838,44.81,69.5,56.53,2.7
5,65.35,0.152,0.109,9.92,-1.2,2.86,65.35,0.181,0.207,21.65,-2.44,5.9,65.35,0.59,0.899,87.86,-21.67,62.91,110.35,0.698,0.686,63.58,-52.37,51.38,215.35,0.916,0.992,51.67,25.84,-74.75,9.21
5,358.23,0.9,0.9,48.82,72.06,52.76,296.82,0.029,0.904,89.75,3.3,-2.47,296.82,0.752,0.835,52.13,75.74,-50.81,266.82,0.415,0.62,44.71,25.7,-31.28,86.82,0.813,0.811,75.81,-47.51,68.75,1.0
5,251.64,0.009,0.985,97.95,0.54,-1.03,251.64,0.028,0.962,94.52,1.68,-3.16,251.64,0.564,0.607,34.69,29.76,-45.45,206.64,0.778,0.504,34.37,-1.67,-30.12,101.64,0.921,0.993,88.32,-75.92,82.39,5.1
5,192.54,0.03,0.994,98.52,-1.66,-1.43,192.54,0.017,0.966,96.48,-0.93,-0.8,192.54,0.787,0.8,64.78,-22.18,-26.68,237.54,0.691,0.76,35.3,39.51,-67.71,12.54,0.998,0.881,49.52,65.37,61.95,4.63
5,116.83,0.21,0.085,6.66,-2.77,2.08,116.83,0.156,0.122,11.19,-3.38,2.6,116.83,0.608,0.715,66.28,-52.08,46.42,71.83,0.609,0.59,59.16,-20.09,44.98,326.83,0.956,0.837,46.76,74.44,-5.28,7.98
5,248.95,0.015,0.96,95.37,0.81,-1.65,248.95,0.06,0.929,89.27,3.31,-6.64,248.95,0.728,0.96,42.6,58.87,-84.91,278.95,0.613,0.569,34.9,41.15,-39.01,38.95,0.877,0.958,74.69,17.63,73.59,5.62
5,11.39,0.183,0.078,5.46,1.04,0.78,11.39,0.158,0.218,20.79,2.85,2.24,11.39,0.578,0.738,52.29,33.32,27.48,41.39,0.766,0.638,54.33,6.48,49.89,221.39,0.95,0.809,36.08,36.77,-73.81,5.17
5,351.25,0.9,0.9,49.03,72.65,40.42,347.51,0.066,0.921,88.89,5.82,0.33,347.51,0.816,0.615,34.6,52.12,18.19,317.51,0.48,0.669,49.22,41.19,-17.0,137.51,0.986,0.902,80.22,-76.46,62.25,1.84
5,317.9,0.039,0.987,96.34,4.47,-2.14,317.9,0.06,0.907,88.17,6.5,-3.08,317.9,0.708,0.807,50.63,66.19,-23.68,287.9,0.781,0.615,35.0,57.22,-45.82,107.9,0.818,0.825,74.7,-65.43,67.03,4.87
5,287.86,0.047,0.979,95.05,5.17,-4.5,287.86,0.009,0.966,96.41,0.95,-0.83,287.86,0.827,0.634,35.12,60.61,-48.66,257.86,0.794,0.6,25.31,46.4,-59.64,137.86,0.855,0.885,79.22,-71.53,52.74,5.59
5,207.07,0.026,0.996,98.43,-0.65,-1.81,207.07,0.03,0.948,94.01,-0.74,-2.07,207.07,0.838,0.779,50.36,1.23,-46.31,237.07,0.589,0.52,28.24,21.76,-42.38,27.07,0.835,0.902,62.98,35.19,60.89,6.71
5,327.76,0.027,0.991,97.48,2.9,-0.95,327.76,0.054,0.936,90.98,5.55,-1.79,327.76,0.635,0.635,41.28,48.1,-9.61,357.76,0.642,0.784,48.73,51.29,25.08,177.76,0.912,0.995,90.55,-49.82,-9.83,4.89
5,71.51,0.9,0.9,85.66,-35.87,81.59,272.21,0.008,0.919,92.3,0.7,-0.83,272.21,0.751,0.858,43.68,64.83,-68.25,242.21,0.68,0.616,28.19,35.51,-57.54,62.21,0.856,0.826,81.51,-21.05,77.37,2.06
5,106.13,0.9,0.9,80.57,-72.51,75.32,182.91,0.058,0.937,93.24,-4.21,-1.82,182.91,0.633,0.628,58.95,-26.17,-10.93,137.91,0.419,0.607,58.67,-31.15,17.54,32.91,0.927,0.949,67.92,31.36,71.08,1.0
5,163.58,0.009,0.999,99.74,-0.87,0.03,163.58,0.063,0.946,94.05,-5.79,0.28,163.58,0.781,0.647,60.64,-42.33,8.7,118.58,0.602,0.681,63.29,-50.52,44.1,343.58,0.934,0.941,51.18,76.97,29.24,8.14
5,314.36,0.005,0.995,99.26,0.58,-0.31,314.36,0.066,0.938,90.51,7.49,-3.92,314.36,0.761,0.674,41.61,61.16,-25.05,269.36,0.59,0.728,43.44,44.15,-49.54,104.36,0.864,0.87,78.47,-68.03,72.32,4.95
5,127.18,0.004,0.979,98.06,-0.52,0.33,127.18,0.057,0.947,93.99,-6.67,4.24,127.18,0.613,0.679,63.07,-50.04,38.76,97.18,0.435,0.672,65.32,-29.2,33.47,337.18,0.963,0.987,53.8,81.47,18.47,5.98
5,309.7,0.008,0.995,99.1,0.94,-0.56,309.7,0.077,0.973,92.83,9.19,-5.37,309.7,0.814,0.627,38.27,61.41,-29.41,354.7,0.756,0.617,35.7,48.9,23.76,99.7,0.87,0.81,73.91,-61.28,69.1,5.09
5,348.22,0.006,0.977,97.57,0.55,0.03,348.22,0.042,0.932,91.29,3.73,0.26,348.22,0.667,0.977,59.52,65.14,17.83,303.22,0.62,0.628,43.0,52.96,-31.6,168.22,0.933,0.88,80.21,-54.5,7.48,3.56
5,286.47,0.1,0.4,40.03,5.27,-4.67,286.47,0.1,0.4,40.03,5.27,-4.67,286.47,0.1,0.4,40.03,5.27,-4.67,256.47,0.1,0.4,39.56,3.31,-5.42,106.47,0.1,0.4,42.24,-5.18,4.73,1.0
5,221.02,0.109,0.109,9.15,0.1,-1.61,221.02,0.255,0.18,15.07,0.55,-5.81,221.02,0.831,0.68,34.62,22.42,-56.81,251.02,0.704,0.654,30.26,41.68,-59.92,11.02,0.9,0.964,55.52,66.51,60.9,6.52
5,166.47,0.049,0.952,94.82,-4.38,-0.07,166.47,0.05,0.932,93.07,-4.45,-0.07,166.47,0.808,0.697,65.06,-44.0,6.29,136.47,0.63,0.676,62.93,-48.36,31.53,16.47,0.852,0.871,54.17,51.35,54.89,2.57
5,271.8,0.044,0.964,93.76,3.81,-4.49,271.8,0.021,0.926,92.05,1.76,-2.09,271.8,0.738,0.684,35.11,53.12,-56.33,241.8,0.771,0.657,25.91,44.66,-67.68,61.8,0.994,0.858,84.24,-21.93,83.41,4.72
5,263.92,0.26,0.052,2.98,0.88,-1.28,263.92,0.157,0.208,19.03,3.5,-4.79,263.92,0.603,0.052,1.94,1.97,-2.82,308.92,0.642,0.567,37.93,48.7,-25.15,53.92,0.901,0.912,83.97,-9.39,81.62,3.63
5,156.41,0.001,0.95,95.59,-0.09,0.02,156.41,0.018,0.941,94.42,-1.73,0.32,156.41,0.882,0.892,80.48,-63.01,26.07,111.41,0.587,0.668,62.74,-45.52,42.93,156.41,0.2,0.5,51.18,-11.39,2.41,1.0
5,249.99,0.1,0.4,39.47,2.89,-5.58,249.99,0.1,0.4,39.47,2.89,-5.58,249.99,0.1,0.4,39.47,2.89,-5.58,294.99,0.1,0.4,40.17,5.83,-4.46,99.99,0.1,0.4,42.33,-4.74,4.87,1.0
5,6.48,0.249,0.127,9.65,3.38,1.95,6.48,0.18,0.217,20.07,3.8,2.18,6.48,0.813,0.637,37.25,47.41,36.75,36.48,0.641,0.664,55.97,9.22,41.47,156.48,0.95,0.929,83.33,-66.98,29.79,6.61
5,135.08,0.163,0.053,3.78,-0.93,0.49,135.08,0.115,0.12,11.18,-2.32,1.24,135.08,0.772,0.799,72.48,-63.65,46.79,105.08,0.779,0.659,61.16,-51.77,54.68,285.08,0.891,0.872,45.42,78.68,-67.16,8.93
5,225.81,0.202,0.103,7.52,0.51,-2.76,225.81,0.278,0.126,8.96,0.97,-5.06,225.81,0.656,0.852,48.72,22.77,-59.5,195.81,0.483,0.511,45.38,-11.05,-14.07,45.81,0.919,0.834,70.59,5.14,71.55,7.13
5,57.86,0.298,0.138,13.38,-2.04,6.89,57.86,0.241,0.135,13.08,-1.66,5.47,57.86,0.596,0.654,65.65,-11.32,49.03,12.86,0.444,0.765,59.77,24.2,20.97,267.86,0.858,0.972,42.83,76.52,-86.12,4.89
5,146.13,0.006,0.952,95.65,-0.63,0.23,146.13,0.069,0.931,92.49,-7.13,2.62,146.13,0.544,0.66,62.48,-39.44,18.63,191.13,0.716,0.519,44.64,-17.17,-16.48,296.13,0.879,0.924,54.52,87.8,-59.61,5.88
5,146.83,0.003,0.96,96.36,-0.33,0.12,146.83,0.07,0.965,95.48,-7.43,2.65,146.83,0.622,0.96,86.98,-58.82,28.87,116.83,0.578,0.741,68.67,-51.58,45.54,296.83,0.803,0.976,59.23,88.71,-59.33,3.49
5,163.58,0.039,0.991,98.46,-3.69,0.16,163.58,0.024,0.951,95.22,-2.22,0.09,163.58,0.743,0.743,69.07,-45.86,9.0,208.58,0.781,0.657,43.26,1.11,-39.49,13.58,0.91,0.806,47.56,55.28,53.95,6.36
5,65.94,0.036,0.994,99.19,-1.87,4.26,65.94,0.021,0.946,95.03,-1.07,2.42,65.94,0.598,0.847,83.16,-21.36,60.52,95.94,0.455,0.535,52.85,-24.83,29.18,275.94,0.927,0.836,38.23,73.25,-73.86,6.34
5,117.01,0.035,0.979,97.34,-4.32,3.26,117.01,0.077,0.935,92.53,-9.08,6.92,117.01,0.633,0.808,73.86,-59.19,53.22,87.01,0.701,0.575,55.77,-32.47,47.23,267.01,0.819,0.887,40.24,68.79,-78.19,6.67
5,313.97,0.017,0.965,95.92,1.9,-1.02,313.97,0.058,0.927,90.04,6.46,-3.43,313.97,0.601,0.894,59.86,64.71,-28.73,283.97,0.729,0.599,34.24,51.91,-44.71,163.97,0.889,0.82,75.07,-54.02,12.83,3.97
5,286.85,0.289,0.121,8.42,5.72,-4.94,286.85,0.279,0.13,9.38,5.82,-5.03,286.85,0.55,0.648,43.78,44.48,-36.72,256.85,0.606,0.547,30.08,31.57,-43.61,76.85,0.945,0.852,80.33,-42.42,77.94,6.09
5,210.67,0.9,0.9,52.13,12.21,-60.91,57.34,0.069,0.97,96.79,-2.51,7.89,57.34,0.847,0.646,63.94,-11.88,62.7,12.34,0.76,0.793,50.2,46.83,42.62,207.34,0.844,0.883,56.22,2.37,-51.89,1.0
5,59.02,0.023,0.982,98.28,-0.96,2.75,59.02,0.01,0.921,92.89,-0.41,1.17,59.02,0.887,0.839,82.27,-17.06,79.45,104.02,0.644,0.565,53.71,-39.34,41.5,269.02,0.801,0.831,39.09,65.0,-71.8,5.16
5,298.91,0.9,0.9,54.48,88.22,-56.21,238.83,0.276,0.171,12.62,3.19,-7.91,238.83,0.83,0.602,21.57,44.13,-66.35,283.83,0.523,0.558,38.28,36.41,-31.89,58.83,0.904,0.92,89.15,-18.02,85.79,4.32
5,310.96,0.039,0.971,95.07,4.59,-2.63,310.96,0.05,0.904,88.5,5.64,-3.22,310.96,0.755,0.629,39.3,58.67,-27.44,265.96,0.61,0.74,42.41,44.76,-53.01,310.96,0.2,0.5,46.28,14.03,-7.74,7.8
5,226.52,0.024,0.968,95.56,0.38,-2.38,226.52,0.011,0.95,94.9,0.17,-1.08,226.52,0.8,0.877,41.86,36.25,-74.25,271.52,0.793,0.782,37.97,62.45,-66.44,46.52,0.926,0.992,83.09,4.86,82.44,3.85
5,99.96,0.236,0.098,8.12,-2.61,2.98,99.96,0.257,0.198,19.88,-6.74,7.06,99.96,0.874,0.641,59.6,-51.34,57.77,69.96,0.438,0.792,78.49,-18.45,42.34,309.96,0.925,0.963,56.62,89.25,-40.34,9.51
5,119.5,0.273,0.112,9.57,-5.64,3.92,119.5,0.223,0.17,16.56,-6.59,4.95,119.5,0.61,0.112,8.63,-10.58,7.84,149.5,0.417,0.531,52.02,-25.54,9.69,299.5,0.812,0.822,51.33,79.38,-50.1,3.95
5,66.32,0.026,0.975,97.62,-1.36,3.03,66.32,0.067,0.949,94.95,-3.34,7.59,66.32,0.867,0.788,77.22,-25.43,73.91,21.32,0.774,0.542,37.5,26.4,35.17,216.32,0.895,0.884,46.17,23.76,-68.23,6.06
5,166.57,0.023,0.959,95.93,-2.06,-0.04,166.57,0.068,0.942,93.58,-6.07,-0.09,166.57,0.726,0.678,63.71,-40.49,4.73,136.57,0.749,0.508,47.61,-43.48,30.06,16.57,0.823,0.917,57.78,51.37,55.17,4.82
5,237.91,0.169,0.06,3.77,0.4,-1.18,237.91,0.296,0.141,9.52,2.79,-7.11,237.91,0.64,0.662,33.09,31.51,-56.58,192.91,0.583,0.739,63.47,-19.01,-20.0,87.91,0.845,0.885,81.67,-53.46,74.9,6.63
5,264.36,0.024,0.971,95.75,1.84,-2.55,264.36,0.036,0.93,91.24,2.73,-3.77,264.36,0.736,0.971,47.09,66.59,-78.98,234.36,0.489,0.576,37.12,15.88,-36.81,114.36,0.956,0.916,81.22,-78.99,77.15,5.81
5,43.75,0.1,0.4,42.1,-0.38,4.61,43.75,0.1,0.4,42.1,-0.38,4.61,43.75,0.1,0.4,42.1,-0.38,4.61,358.75,0.1,0.4,39.94,4.15,1.37,253.75,0.1,0.4,39.52,3.14,-5.49,1.0
5,289.78,0.248,0.075,4.74,2.38,-2.05,289.78,0.281,0.152,11.71,6.99,-5.73,289.78,0.692,0.783,47.98,64.63,-49.98,319.78,0.568,0.744,51.02,51.71,-18.52,139.78,0.82,0.876,78.66,-68.78,47.44,8.57
5,179.82,0.043,0.979,97.34,-3.5,-1.2,179.82,0.05,0.963,95.84,-4.07,-1.39,179.82,0.549,0.775,73.82,-30.92,-9.27,149.82,0.756,0.749,68.85,-53.89,26.18,179.82,0.2,0.5,51.47,-9.15,-3.0,1.0
5,330.1,0.102,0.07,5.0,0.85,-0.24,330.1,0.143,0.148,13.13,3.19,-0.87,330.1,0.645,0.631,40.57,47.96,-7.23,285.1,0.447,0.795,57.69,42.19,-36.37,120.1,0.974,0.86,76.56,-76.56,73.64,7.42
5,306.3,0.014,0.994,98.63,1.72,-1.1,306.3,0.051,0.916,89.52,5.91,-3.73,306.3,0.815,0.874,53.64,80.93,-42.96,351.3,0.704,0.619,37.14,46.78,16.87,126.3,0.957,0.891,79.16,-77.85,72.1,3.86
5,120.0,0.13,0.125,11.58,-2.96,2.16,120.0,0.156,0.208,21.14,-5.49,4.04,120.0,0.747,0.125,9.71,-14.37,10.66,150.0,0.756,0.508,47.88,-39.66,18.77,270.0,0.993,0.913,37.3,77.48,-86.74,2.04
5,57.43,0.152,0.056,4.11,-0.31,0.93,57.43,0.149,0.188,19.55,-1.38,4.45,57.43,0.828,0.056,3.82,-1.45,4.46,12.43,0.691,0.791,52.25,42.01,37.53,237.43,0.91,0.968,33.77,70.51,-100.82,1.0
5,341.25,0.011,0.972,96.81,1.06,-0.09,341.25,0.028,0.939,92.81,2.66,-0.22,341.25,0.595,0.801,52.26,51.57,3.52,296.25,0.469,0.742,55.1,46.67,-32.66,161.25,0.85,0.939,84.73,-60.97,17.82,4.49
5,196.8,0.119,0.072,5.43,-0.46,-0.56,196.8,0.267,0.217,20.53,-3.32,-4.09,196.8,0.844,0.888,66.3,-16.59,-36.73,241.8,0.708,0.528,22.67,32.9,-52.78,16.8,0.959,0.994,58.54,64.11,67.26,8.17
5,357.47,0.1,0.4,39.95,4.19,1.25,357.47,0.1,0.4,39.95,4.19,1.25,357.47,0.1,0.4,39.95,4.19,1.25,327.47,0.1,0.4,40.1,5.2,-1.67,207.47,0.1,0.4,40.95,-1.11,-3.39,1.0
5,129.88,0.299,0.117,10.11,-6.06,3.54,129.88,0.267,0.193,18.98,-8.32,5.24,129.88,0.738,0.815,73.79,-64.6,51.19,174.88,0.42,0.654,63.88,-23.54,-3.83,309.88,0.863,0.943,56.24,86.21,-40.04,10.0
5,247.11,0.042,0.958,93.11,2.24,-4.77,247.11,0.045,0.913,88.94,2.35,-5.0,247.11,0.802,0.685,26.65,49.62,-70.74,217.11,0.433,0.791,60.75,2.59,-31.49,97.11,0.869,0.9,81.57,-64.33,75.33,5.44
5,194.12,0.136,0.108,9.28,-1.11,-1.08,194.12,0.108,0.217,22.23,-1.61,-1.55,194.12,0.83,0.678,53.8,-17.48,-26.15,239.12,0.556,0.527,29.41,21.86,-41.58,14.12,0.935,0.991,57.55,66.15,65.23,10.0
5,108.21,0.0,0.976,97.87,-0.02,0.01,108.21,0.064,0.921,91.8,-6.69,5.89,108.21,0.676,0.652,60.92,-48.07,48.18,78.21,0.493,0.779,76.12,-25.36,45.41,318.21,0.889,0.958,55.38,84.51,-25.2,6.4
5,322.25,0.021,0.959,95.01,2.3,-0.95,322.25,0.002,0.912,92.06,0.25,-0.1,322.25,0.714,0.845,52.29,67.6,-18.68,277.25,0.561,0.606,38.88,39.07,-38.37,172.25,0.804,0.835,77.19,-46.25,-0.94,4.49
5,281.92,0.17,0.058,3.78,0.98,-0.97,281.92,0.297,0.184,14.42,7.94,-7.48,281.92,0.784,0.827,44.53,69.46,-62.15,326.92,0.723,0.604,37.08,51.23,-9.63,131.92,0.946,0.969,85.51,-81.62,70.85,7.87
5,98.45,0.04,0.984,97.86,-3.83,4.01,98.45,0.002,0.912,92.12,-0.19,0.2,98.45,0.717,0.785,72.85,-51.6,59.91,143.45,0.444,0.659,63.16,-33.74,16.42,308.45,0.955,0.901,53.06,85.89,-40.86,5.59
5,74.53,0.271,0.121,11.25,-2.93,5.43,74.53,0.171,0.207,21.63,-2.95,5.39,74.53,0.888,0.687,66.59,-32.04,65.26,44.53,0.795,0.783,67.34,4.09,62.34,224.53,0.977,0.87,35.25,48.54,-84.07,6.98
5,215.7,0.03,0.982,96.79,-0.2,-2.51,215.7,0.046,0.932,91.58,-0.29,-3.67,215.7,0.716,0.861,53.1,10.82,-53.78,260.7,0.725,0.776,37.25,53.29,-66.78,65.7,0.957,0.878,84.98,-27.91,82.97,3.41
5,214.18,0.037,0.957,94.22,-0.36,-2.96,214.18,0.004,0.92,92.71,-0.04,-0.34,214.18,0.536,0.957,68.45,2.44,-42.81,244.18,0.607,0.749,38.95,36.24,-60.09,64.18,0.921,0.858,83.74,-24.91,81.27,1.85
5,289.85,0.185,0.095,6.87,2.77,-2.1,289.85,0.123,0.204,19.59,3.87,-3.23,289.85,0.502,0.643,45.88,41.7,-32.74,259.85,0.68,0.654,33.11,42.95,-55.2,79.85,0.801,0.82,77.64,-40.29,70.06,8.39
5,84.46,0.035,0.995,99.08,-2.73,3.81,84.46,0.05,0.962,95.99,-3.78,5.29,84.46,0.582,0.622,60.93,-28.17,43.24,54.46,0.609,0.678,66.15,-8.63,49.59,294.46,0.991,0.926,52.38,89.27,-63.41,7.07
5,283.27,0.9,0.9,45.71,80.05,-70.79,0.99,0.058,0.94,90.97,4.58,1.77,0.99,0.57,0.626,41.6,37.04,19.2,315.99,0.47,0.581,43.39,36.25,-15.9,180.99,0.848,0.979,88.56,-44.52,-15.11,2.46
5,267.24,0.232,0.138,10.47,3.89,-4.93,267.24,0.214,0.139,10.9,3.61,-4.58,267.24,0.891,0.76,32.07,64.21,-72.99,312.24,0.452,0.579,44.01,35.54,-17.65,57.24,0.961,0.97,91.69,-15.71,89.49,4.47
5,198.63,0.009,0.979,97.77,-0.4,-0.52,198.63,0.079,0.96,93.6,-3.27,-4.41,198.63,0.774,0.66,50.29,-11.95,-28.93,228.63,0.635,0.528,29.94,16.7,-40.92,348.63,0.817,0.932,52.38,72.05,28.83,8.85
5,107.49,0.005,0.982,98.29,-0.53,0.47,107.49,0.029,0.922,92.5,-3.04,2.7,107.49,0.897,0.826,74.5,-68.5,70.31,152.49,0.731,0.617,57.76,-44.2,18.66,317.49,0.86,0.897,52.55,79.8,-25.81,5.74
5,294.35,0.013,0.968,96.4,1.51,-1.18,294.35,0.043,0.926,90.89,4.86,-3.79,294.35,0.828,0.878,51.84,81.51,-57.48,324.35,0.794,0.603,35.71,54.79,-11.77,114.35,0.818,0.814,73.45,-68.13,65.9,5.48
5,202.55,0.027,0.964,95.75,-0.93,-1.7,202.55,0.075,0.919,89.83,-2.41,-4.47,202.55,0.767,0.676,48.91,-7.23,-33.41,232.55,0.706,0.594,28.92,27.21,-52.91,202.55,0.2,0.5,48.64,-3.66,-7.23,6.39
5,216.41,0.218,0.134,10.95,-0.1,-3.54,216.41,0.234,0.15,12.56,-0.1,-4.2,216.41,0.64,0.652,43.01,6.42,-39.1,186.41,0.79,0.616,54.71,-24.95,-15.64,66.41,0.834,0.973,93.23,-29.53,85.52,5.72
5,176.05,0.261,0.055,3.9,-1.13,-0.27,176.05,0.168,0.16,15.84,-3.14,-0.73,176.05,0.787,0.689,65.02,-36.93,-5.53,146.05,0.609,0.687,64.34,-44.6,22.07,176.05,0.2,0.5,51.42,-9.52,-2.13,7.59
5,127.8,0.9,0.9,80.02,-76.98,68.58,266.55,0.104,0.147,13.3,1.77,-2.32,266.55,0.662,0.729,39.35,48.41,-56.25,221.55,0.499,0.643,45.67,7.04,-33.41,86.55,0.838,0.934,85.95,-53.99,78.09,2.91
5,144.46,0.292,0.149,13.9,-6.61,2.79,144.46,0.265,0.132,12.1,-5.44,2.27,144.46,0.734,0.149,12.62,-15.42,7.88,189.46,0.597,0.59,52.84,-18.94,-14.59,324.46,0.954,0.966,54.15,83.76,-10.68,1.57
5,305.09,0.9,0.9,54.14,86.38,-46.76,154.78,0.065,0.974,96.38,-6.49,1.42,154.78,0.725,0.618,58.0,-43.08,16.2,109.78,0.402,0.645,62.45,-31.19,28.68,334.78,0.962,0.811,44.49,70.7,10.37,1.0
5,210.08,0.034,0.993,97.7,-0.63,-2.55,210.08,0.002,0.942,94.8,-0.04,-0.15,210.08,0.799,0.865,54.37,5.29,-52.35,240.08,0.588,0.511,26.74,23.94,-43.36,60.08,0.967,0.971,94.67,-21.16,91.82,3.42
5,9.21,0.02,0.963,95.56,1.25,0.85,9.21,0.049,0.944,92.23,3.09,2.1,9.21,0.883,0.839,48.24,60.4,52.7,39.21,0.73,0.601,50.79,7.74,44.6,189.21,0.865,0.911,74.91,-29.48,-26.65,5.94
5,37.46,0.9,0.9,68.92,20.29,70.01,212.53,0.244,0.124,9.76,-0.46,-3.44,212.53,0.599,0.696,49.44,1.34,-35.51,167.53,0.435,0.73,70.26,-28.9,0.8,62.53,0.841,0.885,86.58,-22.48,80.84,1.0
5,292.78,0.254,0.116,8.35,5.17,-4.04,292.78,0.281,0.21,17.5,9.52,-7.37,292.78,0.551,0.871,59.55,59.71,-44.09,262.78,0.595,0.767,43.95,43.5,-54.45,142.78,0.856,0.896,80.24,-70.12,46.27,9.97
5,338.69,0.017,0.992,98.2,1.7,-0.23,338.69,0.006,0.965,96.53,0.57,-0.08,338.69,0.861,0.685,38.39,59.63,9.53,293.69,0.528,0.721,50.9,49.76,-36.24,158.69,0.954,0.926,83.19,-65.22,25.83,3.71
5,58.38,0.142,0.136,13.36,-1.06,3.25,58.38,0.283,0.196,20.19,-2.66,8.84,58.38,0.736,0.669,66.94,-13.07,59.56,13.38,0.498,0.583,44.75,21.73,19.45,208.38,0.851,0.995,61.54,5.4,-59.18,9.36
5,275.1,0.03,0.973,95.54,2.76,-3.05,275.1,0.036,0.93,91.34,3.23,-3.57,275.1,0.637,0.72,42.13,49.83,-50.37,305.1,0.51,0.758,55.1,51.58,-30.12,95.1,0.962,0.886,80.22,-65.52,77.01,5.78
5,122.25,0.9,0.9,79.95,-77.93,73.19,169.25,0.288,0.13,11.83,-4.71,-0.24,169.25,0.589,0.687,65.34,-34.31,0.56,139.25,0.657,0.562,52.92,-42.29,26.08,349.25,0.904,0.808,44.08,67.17,33.5,2.2
5,66.04,0.264,0.146,14.35,-2.65,6.41,66.04,0.158,0.198,20.71,-2.12,4.97,66.04,0.641,0.601,60.77,-17.12,48.7,96.04,0.753,0.75,69.91,-49.78,60.21,216.04,0.989,0.888,42.99,30.8,-73.97,7.03
5,228.84,0.186,0.141,11.58,0.89,-3.88,228.84,0.105,0.139,12.51,0.47,-2.16,228.84,0.833,0.821,36.05,41.39,-75.62,198.84,0.8,0.651,48.99,-11.3,-29.63,18.84,0.896,0.809,50.57,47.86,55.23,3.8
5,116.63,0.046,0.95,94.55,-5.49,4.19,116.63,0.064,0.968,95.75,-7.76,5.94,116.63,0.824,0.625,57.41,-56.43,53.61,86.63,0.611,0.523,51.48,-26.7,38.98,266.63,0.806,0.975,44.61,73.11,-83.55,7.79
5,183.71,0.14,0.122,11.3,-1.82,-0.83,183.71,0.211,0.173,17.04,-3.62,-1.64,183.71,0.512,0.7,65.83,-24.24,-10.86,213.71,0.504,0.775,57.91,0.83,-33.61,3.71,0.807,0.833,47.77,61.12,44.74,8.22
5,330.65,0.166,0.125,10.26,3.19,-0.84,330.65,0.285,0.133,9.71,5.86,-1.44,330.65,0.879,0.833,47.06,71.74,-1.66,300.65,0.447,0.772,58.75,47.47,-30.71,150.65,0.809,0.886,80.02,-63.55,31.56,6.18
5,99.19,0.1,0.4,42.34,-4.69,4.89,99.19,0.1,0.4,42.34,-4.69,4.89,99.19,0.1,0.4,42.34,-4.69,4.89,54.19,0.1,0.4,42.62,-1.43,5.35,309.19,0.1,0.4,40.2,5.84,-3.44,1.0
5,300.24,0.9,0.9,55.07,88.72,-54.77,121.38,0.03,0.965,96.19,-3.66,2.57,121.38,0.531,0.602,56.92,-41.79,34.18,91.38,0.732,0.749,70.44,-45.11,59.63,271.38,0.86,0.97,44.28,77.87,-83.38,1.0
5,236.62,0.03,0.979,95.88,1.12,-3.41,236.62,0.015,0.919,91.73,0.52,-1.61,236.62,0.732,0.72,31.84,40.02,-67.52,191.62,0.592,0.678,59.11,-19.08,-17.9,56.62,0.829,0.808,77.8,-12.98,73.28,5.7
5,211.14,0.022,0.964,95.75,-0.36,-1.65,211.14,0.05,0.941,92.3,-0.78,-3.72,211.14,0.81,0.628,38.94,5.4,-42.02,256.14,0.596,0.561,31.16,31.36,-43.96,1.14,0.982,0.917,49.11,74.42,61.89,10.0
5,126.65,0.013,0.95,95.32,-1.53,0.97,126.65,0.074,0.925,91.72,-8.63,5.57,126.65,0.701,0.775,70.61,-61.04,49.92,171.65,0.798,0.564,53.68,-34.31,-0.28,306.65,0.95,0.99,58.57,93.2,-47.4,3.0
5,127.95,0.9,0.9,80.03,-76.95,68.44,214.58,0.267,0.168,14.09,-0.32,-5.1,214.58,0.708,0.723,45.97,7.27,-45.05,169.58,0.757,0.698,65.54,-40.71,1.85,34.58,0.873,0.876,65.6,23.73,65.77,1.26
5,203.06,0.1,0.4,41.18,-1.56,-3.06,203.06,0.1,0.4,41.18,-1.56,-3.06,203.06,0.1,0.4,41.18,-1.56,-3.06,248.06,0.1,0.4,39.44,2.77,-5.63,353.06,0.1,0.4,39.97,4.33,0.82,1.0
5,181.26,0.282,0.064,4.59,-1.43,-0.56,181.26,0.264,0.171,16.72,-4.74,-1.75,181.26,0.646,0.793,74.0,-33.5,-11.7,151.26,0.629,0.521,49.69,-35.12,14.29,331.26,0.863,1.0,56.44,81.93,-1.05,9.87
5,335.43,0.015,0.975,96.84,1.49,-0.29,335.43,0.079,0.962,91.54,7.94,-1.47,335.43,0.824,0.975,55.5,77.78,5.0,20.43,0.516,0.525,41.95,16.0,21.28,185.43,0.893,0.804,70.0,-32.4,-19.34,4.97
5,61.78,0.04,0.99,98.86,-1.83,4.77,61.78,0.047,0.939,94.33,-2.06,5.39,61.78,0.687,0.726,72.86,-16.94,60.88,16.78,0.658,0.714,50.23,31.99,34.46,271.78,0.803,0.841,40.5,66.86,-70.86,6.86
5,250.09,0.036,0.981,95.57,2.1,-4.12,250.09,0.021,0.974,96.13,1.2,-2.37,250.09,0.85,0.755,28.23,57.67,-78.63,280.09,0.424,0.625,46.26,31.1,-29.52,70.09,0.986,0.892,85.09,-35.24,83.18,3.32
5,17.64,0.011,0.992,98.75,0.51,0.62,17.64,0.078,0.924,89.54,3.5,4.22,17.64,0.776,0.692,45.84,36.94,41.45,332.64,0.674,0.504,31.54,41.0,-3.84,167.64,0.811,0.829,76.3,-49.6,5.71,5.53
5,252.7,0.9,0.9,32.87,70.0,-92.41,45.82,0.292,0.214,21.23,-0.76,8.36,45.82,0.758,0.871,75.71,1.84,66.41,90.82,0.71,0.742,69.97,-43.26,57.87,255.82,0.844,0.937,37.43,69.63,-90.2,3.33
5,103.96,0.169,0.086,6.97,-2.02,1.87,103.96,0.213,0.141,13.37,-4.44,4.28,103.96,0.576,0.815,75.91,-48.15,50.4,73.96,0.735,0.774,74.94,-30.58,64.53,253.96,0.83,0.992,39.73,71.3,-94.22,7.53
5,211.38,0.249,0.122,9.59,-0.57,-3.39,211.38,0.261,0.143,11.74,-0.66,-4.06,211.38,0.501,0.753,57.6,-1.43,-30.96,256.38,0.649,0.572,29.47,35.38,-48.44,1.38,0.902,0.842,45.9,67.71,52.69,6.17
5,336.83,0.04,0.977,95.29,4.05,-0.67,336.83,0.011,0.918,92.02,1.08,-0.18,336.83,0.667,0.819,51.01,58.92,0.23,21.83,0.679,0.77,55.72,29.42,40.9,186.83,0.91,0.921,77.56,-33.54,-23.94,4.95
5,211.94,0.224,0.055,3.56,-0.15,-0.91,211.94,0.212,0.175,15.69,-0.61,-3.96,211.94,0.842,0.828,49.07,10.43,-55.46,241.94,0.506,0.536,32.14,20.54,-38.49,211.94,0.2,0.5,47.48,-1.33,-8.97,6.82
5,84.98,0.276,0.126,11.72,-3.86,5.49,84.98,0.22,0.19,19.31,-4.36,6.18,84.98,0.666,0.713,68.42,-35.49,54.15,39.98,0.768,0.706,58.85,8.97,53.43,294.98,0.938,0.86,49.5,83.93,-58.62,8.82
5,359.78,0.9,0.9,48.79,71.97,55.04,200.19,0.074,0.98,95.32,-2.88,-4.39,200.19,0.72,0.759,57.52,-11.66,-32.13,170.19,0.5,0.717,68.61,-30.97,-0.77,20.19,0.854,0.84,54.28,44.78,55.12,1.0
5,256.71,0.024,0.961,94.81,1.58,-2.62,256.71,0.075,0.918,87.34,4.92,-8.04,256.71,0.539,0.662,39.85,32.14,-45.42,211.71,0.716,0.543,35.87,2.54,-33.76,46.71,0.983,0.815,69.11,4.9,72.07,6.85
5,42.29,0.037,0.96,95.56,-0.21,3.38,42.29,0.047,0.959,95.28,-0.26,4.32,42.29,0.743,0.898,75.53,6.88,64.65,12.29,0.775,0.631,39.81,39.69,36.08,222.29,0.901,0.97,44.68,40.38,-83.09,3.87
5,153.97,0.291,0.071,5.24,-2.32,0.6,153.97,0.298,0.142,13.11,-6.0,1.58,153.97,0.628,0.626,59.19,-39.62,14.24,108.97,0.705,0.686,63.59,-51.99,51.91,333.97,0.915,0.95,52.63,79.29,7.35,10.0
5,236.79,0.043,0.988,95.61,1.65,-4.98,236.79,0.038,0.921,90.22,1.37,-4.15,236.79,0.691,0.884,41.5,43.74,-75.77,281.79,0.776,0.717,38.83,61.64,-55.24,26.79,0.834,0.914,63.58,36.02,61.34,6.21
5,112.85,0.9,0.9,80.17,-75.98,74.83,103.87,0.103,0.122,11.51,-1.9,1.81,103.87,0.773,0.633,59.08,-49.22,52.79,133.87,0.483,0.654,62.17,-38.5,24.62,313.87,0.963,0.925,53.41,85.25,-31.28,1.94
5,61.44,0.014,0.968,97.06,-0.63,1.65,61.44,0.036,0.915,92.26,-1.55,4.09,61.44,0.563,0.897,88.41,-17.59,61.11,16.44,0.435,0.714,57.53,19.71,20.88,211.44,0.935,0.815,45.56,14.65,-59.24,5.26
5,228.4,0.248,0.132,9.86,1.15,-4.89,228.4,0.26,0.219,18.28,1.93,-7.9,228.4,0.824,0.799,35.75,38.84,-72.82,198.4,0.664,0.71,56.44,-13.45,-26.69,228.4,0.2,0.5,45.46,2.83,-12.01,1.79
5,285.86,0.009,0.951,95.03,0.98,-0.89,285.86,0.054,0.946,91.82,5.62,-5.07,285.86,0.533,0.89,59.79,55.32,-46.53,255.86,0.49,0.742,47.25,31.18,-45.49,75.86,0.867,0.912,85.85,-41.2,80.17,2.82
5,348.93,0.047,0.988,95.75,4.36,0.37,348.93,0.052,0.976,94.43,4.74,0.41,348.93,0.557,0.699,46.92,42.13,9.43,303.93,0.595,0.765,52.77,59.85,-35.26,348.93,0.2,0.5,45.78,11.01,1.23,6.1
5,125.39,0.187,0.129,11.92,-4.27,2.87,125.39,0.114,0.137,13.14,-2.73,1.81,125.39,0.618,0.865,78.6,-61.56,49.45,95.39,0.778,0.79,73.16,-52.56,64.21,305.39,0.806,0.955,58.69,86.71,-47.29,8.0
5,193.93,0.1,0.4,41.64,-2.49,-2.38,193.93,0.1,0.4,41.64,-2.49,-2.38,193.93,0.1,0.4,41.64,-2.49,-2.38,223.93,0.1,0.4,40.12,0.58,-4.62,343.93,0.1,0.4,40.02,4.64,-0.07,1.0
5,52.44,0.005,0.968,97.1,-0.13,0.5,52.44,0.005,0.914,92.34,-0.13,0.5,52.44,0.528,0.863,81.9,-7.91,51.75,22.44,0.505,0.702,56.38,18.15,27.34,232.44,0.989,0.837,28.7,61.87,-90.23,5.0
5,257.0,0.007,0.984,98.05,0.49,-0.81,257.0,0.074,0.955,90.58,4.97,-8.08,257.0,0.519,0.752,46.34,34.23,-48.41,212.0,0.422,0.618,50.25,-1.49,-22.58,47.0,0.856,0.918,78.87,2.03,75.6,5.8
5,355.99,0.25,0.05,2.99,0.93,0.23,355.99,0.197,0.203,18.04,4.86,1.33,355.99,0.714,0.765,45.38,55.34,27.36,40.99,0.489,0.661,60.34,2.27,33.47,145.99,0.979,0.975,86.37,-77.17,51.96,7.05
5,322.48,0.021,0.98,96.87,2.37,-0.97,322.48,0.016,0.911,91.19,1.62,-0.67,322.48,0.535,0.84,58.33,53.25,-16.99,292.48,0.471,0.639,47.14,40.0,-30.04,322.48,0.2,0.5,46.12,13.08,-5.04,5.42
5,314.72,0.276,0.109,7.6,4.53,-2.34,314.72,0.232,0.21,18.35,7.73,-3.86,314.72,0.75,0.669,41.51,60.16,-24.41,359.72,0.675,0.653,39.73,46.06,25.55,164.72,0.855,0.88,80.15,-55.51,11.51,7.62
5,333.47,0.9,0.9,50.19,75.91,4.96,330.73,0.257,0.219,18.65,8.08,-1.97,330.73,0.745,0.816,48.97,65.18,-6.08,300.73,0.677,0.534,35.56,50.5,-31.54,120.73,0.846,0.982,86.57,-82.04,76.91,1.0
5,299.28,0.18,0.064,4.24,1.52,-1.1,299.28,0.241,0.181,15.36,7.7,-5.35,299.28,0.831,0.064,2.07,5.89,-4.27,329.28,0.471,0.641,47.09,36.63,-7.95,119.28,0.893,0.804,72.18,-71.43,68.08,4.44
5,185.9,0.043,0.983,97.45,-3.02,-1.63,185.9,0.064,0.914,90.9,-4.17,-2.25,185.9,0.569,0.663,61.06,-23.17,-12.82,155.9,0.439,0.635,61.46,-29.24,7.94,5.9,0.873,0.984,55.25,71.54,58.32,5.9
5,355.7,0.02,0.987,97.49,1.76,0.43,355.7,0.063,0.925,89.34,5.23,1.3,355.7,0.586,0.683,44.57,42.32,16.96,310.7,0.723,0.604,38.4,55.35,-26.42,145.7,0.888,0.853,76.73,-67.21,42.0,5.42
5,309.7,0.132,0.063,4.31,1.04,-0.62,309.7,0.221,0.2,17.63,7.32,-4.16,309.7,0.812,0.763,46.6,71.43,-34.1,339.7,0.512,0.551,38.94,33.36,-0.09,99.7,0.842,0.986,88.33,-70.13,79.32,6.96
5,340.05,0.017,0.952,94.6,1.65,-0.18,340.05,0.029,0.965,95.06,2.8,-0.29,340.05,0.636,0.952,59.81,63.13,4.01,10.05,0.753,0.624,39.08,40.33,33.56,190.05,0.866,0.902,73.38,-27.89,-27.72,1.05
5,129.17,0.197,0.127,11.69,-4.33,2.71,129.17,0.265,0.192,18.83,-8.22,5.26,129.17,0.586,0.707,65.73,-49.45,36.55,84.17,0.584,0.652,63.6,-29.14,45.07,309.17,0.946,0.846,49.85,81.46,-37.83,9.26
5,90.92,0.239,0.068,5.04,-1.51,1.77,90.92,0.28,0.159,15.43,-5.27,6.61,90.92,0.779,0.771,72.07,-47.92,63.74,120.92,0.602,0.522,49.29,-41.18,34.78,300.92,0.996,0.883,53.3,88.89,-53.72,9.85
5,155.7,0.276,0.096,7.95,-3.74,0.85,155.7,0.168,0.217,22.23,-4.82,1.04,155.7,0.832,0.662,61.39,-48.9,19.56,185.7,0.586,0.67,61.53,-23.92,-13.04,335.7,0.971,0.986,53.83,81.85,15.6,10.0
5,182.15,0.006,0.993,99.22,-0.45,-0.19,182.15,0.059,0.961,95.38,-4.48,-1.83,182.15,0.571,0.749,70.23,-28.91,-11.12,137.15,0.739,0.542,50.68,-45.18,30.73,32.15,0.983,0.999,69.12,37.49,74.64,2.21
5,148.59,0.294,0.091,7.22,-3.73,1.31,148.59,0.143,0.173,17.35,-3.59,1.2,148.59,0.66,0.638,59.81,-43.74,20.47,118.59,0.79,0.699,63.81,-61.04,56.86,298.59,0.888,0.813,49.31,81.09,-52.07,9.49
5,114.1,0.044,0.976,96.86,-5.21,4.14,114.1,0.076,0.926,91.81,-8.62,6.89,114.1,0.515,0.976,88.92,-56.98,51.05,69.1,0.513,0.568,57.78,-15.62,37.7,264.1,0.876,0.959,39.98,75.27,-89.01,4.8
5,327.94,0.033,0.997,97.59,3.58,-1.16,327.94,0.02,0.927,92.35,1.99,-0.65,327.94,0.836,0.843,48.67,71.86,-7.97,297.94,0.551,0.694,49.27,52.02,-34.85,327.94,0.2,0.5,46.05,12.64,-3.75,6.7
5,47.27,0.171,0.148,14.32,-0.52,3.63,47.27,0.182,0.134,12.67,-0.5,3.54,47.27,0.776,0.843,74.27,-0.02,66.78,92.27,0.532,0.648,62.82,-31.35,40.14,257.27,0.939,0.825,30.03,67.68,-86.09,4.45
5,84.38,0.9,0.9,83.15,-52.39,78.52,156.42,0.036,0.939,93.88,-3.44,0.64,156.42,0.828,0.881,79.8,-60.53,23.6,126.42,0.428,0.752,70.99,-40.46,29.33,306.42,0.928,0.844,50.38,82.25,-42.46,1.0
5,330.11,0.047,0.972,94.54,4.92,-1.4,330.11,0.017,0.938,93.43,1.69,-0.49,330.11,0.54,0.719,49.78,45.61,-8.3,15.11,0.631,0.594,42.22,27.55,27.32,120.11,0.904,0.803,72.03,-71.7,68.26,4.85
5,189.11,0.297,0.13,11.32,-3.3,-2.25,189.11,0.194,0.178,17.42,-2.88,-1.96,189.11,0.518,0.889,78.69,-24.38,-17.78,144.11,0.739,0.782,71.53,-57.61,33.38,9.11,0.852,0.954,55.36,65.13,56.07,9.98
5,203.34,0.9,0.9,59.35,-3.01,-49.37,280.31,0.076,0.932,89.07,7.35,-7.31,280.31,0.56,0.606,39.5,40.26,-37.42,250.31,0.663,0.778,38.3,44.43,-65.49,130.31,0.828,0.992,87.63,-79.82,66.41,1.3
5,339.71,0.24,0.087,5.7,2.58,-0.22,339.71,0.258,0.204,17.1,7.21,-0.56,339.71,0.561,0.776,52.13,47.98,0.96,294.71,0.486,0.546,40.32,37.05,-26.66,339.71,0.2,0.5,45.9,11.71,-0.96,6.29
5,203.83,0.047,0.987,96.87,-1.49,-3.06,203.83,0.019,0.929,92.92,-0.59,-1.19,203.83,0.634,0.831,62.48,-8.48,-34.57,248.83,0.489,0.627,39.36,24.66,-41.04,353.83,0.987,0.951,50.81,77.12,56.04,6.83
5,251.24,0.281,0.075,4.24,1.36,-2.69,251.24,0.129,0.144,12.55,1.64,-3.05,251.24,0.853,0.8,30.22,60.84,-82.05,296.24,0.723,0.679,43.02,62.53,-42.54,41.24,0.848,0.913,73.95,11.8,71.07,5.9
5,152.42,0.036,0.964,96.06,-3.63,0.93,152.42,0.046,0.959,95.39,-4.68,1.21,152.42,0.779,0.777,71.23,-55.22,24.72,197.42,0.693,0.545,43.84,-11.97,-21.61,2.42,0.89,0.993,54.39,75.85,59.53,3.77
5,147.62,0.261,0.053,3.71,-1.33,0.47,147.62,0.127,0.196,20.03,-3.57,1.25,147.62,0.546,0.805,74.94,-45.83,20.64,102.62,0.49,0.6,58.08,-32.14,33.75,357.62,0.902,0.979,53.02,77.04,55.87,8.77
5,351.2,0.1,0.4,39.98,4.4,0.64,351.2,0.1,0.4,39.98,4.4,0.64,351.2,0.1,0.4,39.98,4.4,0.64,321.2,0.1,0.4,40.14,5.42,-2.28,141.2,0.1,0.4,42.16,-5.33,2.39,1.0
5,64.89,0.039,0.979,97.86,-1.93,4.53,64.89,0.035,0.914,92.16,-1.66,3.88,64.89,0.738,0.789,77.81,-21.92,67.74,19.89,0.587,0.532,40.58,19.4,24.72,244.89,0.941,0.871,29.03,69.25,-94.65,5.82
5,333.65,0.038,0.958,93.86,3.88,-0.87,333.65,0.063,0.918,88.86,6.2,-1.36,333.65,0.672,0.76,47.53,56.57,-3.62,303.65,0.757,0.746,47.36,69.73,-40.23,183.65,0.973,0.965,84.06,-40.23,-20.12,5.25
5,23.81,0.1,0.4,41.11,1.65,3.19,23.81,0.1,0.4,41.11,1.65,3.19,23.81,0.1,0.4,41.11,1.65,3.19,53.81,0.1,0.4,42.6,-1.4,5.33,173.81,0.1,0.4,42.32,-4.13,-0.74,1.0
5,317.8,0.03,0.969,95.44,3.34,-1.6,317.8,0.014,0.975,96.85,1.63,-0.78,317.8,0.801,0.674,40.5,61.88,-20.95,2.8,0.675,0.723,44.83,47.5,29.37,107.8,0.946,0.926,82.37,-76.73,78.0,3.81
5,69.45,0.025,0.994,99.26,-1.44,2.92,69.45,0.058,0.958,95.78,-3.22,6.62,69.45,0.839,0.72,70.58,-26.72,67.1,24.45,0.542,0.748,59.49,19.01,32.24,219.45,0.866,0.839,42.44,26.88,-67.85,6.31
5,38.38,0.008,0.999,99.68,0.02,0.73,38.38,0.062,0.902,89.66,0.16,5.04,38.38,0.719,0.704,58.62,9.65,49.52,8.38,0.496,0.691,51.0,28.9,20.06,38.38,0.2,0.5,50.14,0.64,10.26,5.63
5,236.61,0.1,0.4,39.49,1.9,-5.57,236.61,0.1,0.4,39.49,1.9,-5.57,236.61,0.1,0.4,39.49,1.9,-5.57,281.61,0.1,0.4,39.96,4.95,-4.8,26.61,0.1,0.4,41.25,1.37,3.39,1.0
5,150.88,0.249,0.067,4.89,-1.84,0.56,150.88,0.24,0.149,14.15,-5.19,1.61,150.88,0.782,0.626,58.29,-47.37,22.4,180.88,0.429,0.73,70.41,-23.86,-8.17,0.88,0.879,0.815,44.63,65.49,49.32,8.38
5,54.01,0.032,0.966,96.63,-0.96,3.47,54.01,0.069,0.927,92.77,-1.97,7.29,54.01,0.615,0.747,72.03,-8.87,53.87,9.01,0.671,0.632,41.45,36.98,28.45,264.01,0.971,0.986,38.11,80.01,-95.98,6.39
5,267.35,0.018,0.962,95.44,1.42,-1.84,267.35,0.032,0.977,95.67,2.6,-3.37,267.35,0.669,0.962,51.38,61.74,-70.64,312.35,0.56,0.503,35.38,38.69,-18.55,57.35,0.912,0.967,91.76,-16.03,88.31,2.54
5,346.92,0.1,0.4,40.0,4.54,0.22,346.92,0.1,0.4,40.0,4.54,0.22,346.92,0.1,0.4,40.0,4.54,0.22,16.92,0.1,0.4,40.77,2.36,2.7,166.92,0.1,0.4,42.28,-4.39,-0.08,1.0
5,87.9,0.9,0.9,82.59,-56.45,77.83,306.34,0.075,0.937,89.92,8.91,-5.59,306.34,0.77,0.667,41.86,63.59,-34.15,261.34,0.474,0.509,33.87,23.6,-31.43,156.34,0.901,0.872,78.84,-62.55,26.47,2.41
5,306.71,0.297,0.11,7.54,5.24,-3.32,306.71,0.109,0.19,18.35,3.49,-2.17,306.71,0.715,0.814,52.1,70.99,-38.1,261.71,0.672,0.629,32.56,41.75,-52.32,96.71,0.92,0.946,85.02,-68.8,79.92,9.08
5,162.66,0.9,0.9,81.5,-59.38,16.42,305.58,0.213,0.147,12.23,5.55,-3.47,305.58,0.558,0.886,61.74,63.18,-36.09,260.58,0.785,0.679,29.99,51.62,-64.15,155.58,0.901,0.949,84.96,-67.3,29.72,1.0
5,85.34,0.106,0.104,9.25,-1.27,1.76,85.34,0.216,0.153,15.02,-3.59,5.03,85.34,0.757,0.611,58.93,-34.92,52.77,40.34,0.797,0.794,65.33,10.27,60.56,265.34,0.931,0.88,35.35,72.77,-85.25,7.73
5,242.66,0.02,0.959,94.78,0.96,-2.35,242.66,0.019,0.958,94.79,0.89,-2.18,242.66,0.521,0.753,44.18,28.78,-52.12,272.66,0.501,0.766,50.83,40.15,-43.11,92.66,0.938,0.877,79.85,-61.74,76.36,2.94
5,81.62,0.156,0.106,9.48,-1.77,2.41,81.62,0.292,0.167,16.48,-4.81,7.46,81.62,0.616,0.845,80.61,-35.38,58.69,111.62,0.768,0.722,66.19,-58.72,57.61,291.62,0.8,0.841,49.01,76.13,-56.74,9.31
5,63.41,0.042,0.991,98.87,-2.02,4.98,63.41,0.08,0.902,90.73,-3.51,8.81,63.41,0.716,0.81,80.07,-20.51,68.15,18.41,0.647,0.714,51.31,29.59,34.56,243.41,0.971,0.989,32.59,77.54,-105.74,6.36
5,159.37,0.048,0.975,96.85,-4.65,0.61,159.37,0.011,0.923,93.0,-0.98,0.12,159.37,0.751,0.604,56.8,-41.21,11.96,114.37,0.515,0.761,71.08,-46.83,41.72,339.37,0.9,0.992,54.62,80.31,18.35,6.84
5,277.89,0.9,0.9,42.93,77.62,-75.46,60.3,0.035,0.908,91.61,-1.42,3.9,60.3,0.539,0.874,86.64,-15.86,57.82,90.3,0.527,0.604,59.08,-28.35,37.78,240.3,0.898,0.957,32.77,71.94,-100.82,3.6
5,352.92,0.037,0.977,95.48,3.25,0.57,352.92,0.026,0.951,93.96,2.28,0.4,352.92,0.769,0.804,46.21,61.24,28.37,322.92,0.737,0.614,37.66,53.48,-13.99,142.92,0.852,0.925,82.62,-71.66,47.01,3.83
5,147.25,0.9,0.9,80.61,-69.67,42.12,245.62,0.205,0.149,11.81,2.43,-5.14,245.62,0.864,0.826,29.73,62.25,-86.85,215.62,0.478,0.644,48.92,1.75,-28.57,35.62,0.812,0.841,65.25,18.66,61.29,3.86
5,11.8,0.227,0.093,6.65,1.74,1.32,11.8,0.137,0.172,16.16,1.97,1.59,11.8,0.812,0.724,44.34,47.2,42.85,341.8,0.793,0.616,35.38,52.12,9.6,191.8,0.889,0.902,71.33,-24.76,-30.92,7.73
5,10.85,0.268,0.142,11.29,3.51,2.67,10.85,0.219,0.208,18.76,3.95,3.0,10.85,0.534,0.669,48.91,28.51,22.61,40.85,0.752,0.747,62.83,7.88,55.49,160.85,0.87,0.832,75.86,-56.31,17.28,8.4
5,339.2,0.294,0.123,8.54,5.34,-0.47,339.2,0.239,0.214,18.44,6.95,-0.63,339.2,0.617,0.645,41.86,45.14,1.29,9.2,0.528,0.664,48.23,29.36,21.45,159.2,0.943,0.911,82.06,-63.77,24.16,7.49
5,137.47,0.005,0.987,98.74,-0.57,0.28,137.47,0.049,0.938,93.49,-5.36,2.66,137.47,0.886,0.741,67.28,-63.39,47.81,92.47,0.411,0.684,67.0,-26.03,32.59,347.47,0.842,0.87,48.5,69.42,27.05,7.07
5,318.69,0.015,0.991,98.25,1.7,-0.8,318.69,0.027,0.965,95.23,2.98,-1.39,318.69,0.774,0.741,44.93,65.14,-21.34,3.69,0.671,0.778,48.59,49.29,31.4,318.69,0.2,0.5,46.18,13.39,-5.93,7.3
5,178.22,0.025,0.983,98.09,-2.05,-0.62,178.22,0.014,0.965,96.65,-1.13,-0.34,178.22,0.646,0.624,59.96,-29.7,-7.12,133.22,0.404,0.63,60.79,-31.95,20.0,28.22,0.848,0.999,69.62,37.11,67.64,1.91
5,260.0,0.12,0.092,6.93,1.11,-1.73,260.0,0.263,0.185,14.58,5.12,-7.49,260.0,0.772,0.668,29.85,49.97,-62.73,305.0,0.8,0.536,33.25,55.23,-30.67,110.0,0.833,0.909,81.33,-72.61,72.93,6.31
5,110.87,0.163,0.065,4.83,-1.3,1.07,110.87,0.174,0.15,14.48,-4.18,3.56,110.87,0.742,0.612,56.95,-50.13,49.26,80.87,0.576,0.653,64.12,-26.79,45.1,110.87,0.2,0.5,51.06,-13.1,11.3,6.94
5,327.87,0.184,0.149,12.69,4.2,-1.29,327.87,0.122,0.139,12.35,2.6,-0.82,327.87,0.705,0.86,52.97,66.29,-11.21,357.87,0.493,0.607,42.85,31.98,13.06,117.87,0.971,0.855,76.27,-75.97,73.39,7.59
5,345.81,0.221,0.124,9.4,3.83,0.14,345.81,0.266,0.128,9.37,4.79,0.21,345.81,0.694,0.124,5.06,10.41,1.17,30.81,0.79,0.775,58.04,23.42,53.44,165.81,0.855,1.0,89.97,-60.4,10.93,3.22
5,270.33,0.1,0.4,39.78,4.21,-5.08,270.33,0.1,0.4,39.78,4.21,-5.08,270.33,0.1,0.4,39.78,4.21,-5.08,300.33,0.1,0.4,40.25,6.15,-4.29,90.33,0.1,0.4,42.47,-4.09,5.08,1.0
5,145.36,0.009,0.993,99.17,-0.95,0.35,145.36,0.003,0.939,94.52,-0.28,0.1,145.36,0.522,0.761,71.34,-42.98,20.63,190.36,0.66,0.517,45.48,-17.26,-14.85,295.36,0.969,0.909,52.2,88.22,-61.24,6.2
5,21.15,0.031,0.999,98.45,1.23,1.96,21.15,0.039,0.933,92.36,1.44,2.29,21.15,0.879,0.672,43.72,37.32,47.62,66.15,0.783,0.581,58.63,-18.91,55.17,171.15,0.811,0.935,85.29,-51.61,0.85,5.66
5,318.74,0.231,0.103,7.39,3.28,-1.5,318.74,0.165,0.149,12.99,4.01,-1.81,318.74,0.732,0.75,46.51,63.61,-21.49,348.74,0.414,0.667,50.42,30.02,4.91,108.74,0.938,0.999,88.12,-81.6,82.42,8.58
5,217.88,0.049,0.962,93.81,-0.09,-4.21,217.88,0.032,0.937,92.66,-0.06,-2.63,217.88,0.845,0.724,38.62,19.31,-57.08,172.88,0.719,0.554,53.12,-31.39,-1.91,37.88,0.801,0.916,72.52,15.87,66.47,4.05
5,29.61,0.1,0.4,41.4,1.06,3.6,29.61,0.1,0.4,41.4,1.06,3.6,29.61,0.1,0.4,41.4,1.06,3.6,59.61,0.1,0.4,42.89,-1.98,5.74,239.61,0.1,0.4,39.34,2.21,-5.79,1.0
5,332.65,0.039,0.972,95.0,4.04,-0.97,332.65,0.044,0.903,88.69,4.24,-1.02,332.65,0.699,0.728,44.86,56.55,-4.23,287.65,0.678,0.769,46.93,61.7,-49.7,182.65,0.835,0.904,80.99,-39.32,-16.5,5.28
5,318.88,0.19,0.091,6.52,2.67,-1.2,318.88,0.243,0.128,9.73,5.17,-2.29,318.88,0.523,0.751,53.23,48.61,-18.58,348.88,0.687,0.748,45.52,53.75,15.87,168.88,0.951,0.846,77.41,-52.61,6.44,9.88
5,309.18,0.179,0.063,4.15,1.4,-0.83,309.18,0.229,0.209,18.36,7.89,-4.53,309.18,0.844,0.766,46.34,73.1,-35.16,279.18,0.491,0.789,54.06,43.33,-41.38,309.18,0.2,0.5,46.31,14.19,-8.15,3.65
5,34.03,0.046,0.952,94.27,0.52,3.6,34.03,0.034,0.969,96.15,0.39,2.72,34.03,0.601,0.632,53.16,10.09,36.12,64.03,0.732,0.6,60.76,-16.92,54.41,214.03,0.944,0.848,44.58,21.48,-65.57,6.68
5,117.78,0.002,0.989,99.02,-0.23,0.17,117.78,0.021,0.962,96.11,-2.54,1.89,117.78,0.613,0.609,57.02,-46.49,40.99,147.78,0.529,0.603,57.61,-35.35,15.53,327.78,0.831,0.837,48.42,71.3,-8.37,8.45
5,148.53,0.037,0.95,94.83,-3.79,1.23,148.53,0.076,0.957,94.66,-7.84,2.59,148.53,0.783,0.95,85.2,-67.13,35.29,178.53,0.773,0.627,59.77,-32.55,-7.84,358.53,0.987,0.988,52.69,79.16,64.26,4.62
5,57.42,0.04,0.951,95.36,-1.47,4.51,57.42,0.05,0.927,93.15,-1.77,5.49,57.42,0.738,0.837,81.24,-14.26,70.64,12.42,0.525,0.69,51.27,27.36,23.42,207.42,0.855,0.887,56.03,3.05,-52.82,2.5
5,46.77,0.1,0.4,42.25,-0.68,4.82,46.77,0.1,0.4,42.25,-0.68,4.82,46.77,0.1,0.4,42.25,-0.68,4.82,91.77,0.1,0.4,42.45,-4.19,5.05,256.77,0.1,0.4,39.57,3.33,-5.41,1.0
5,212.85,0.041,0.953,93.72,-0.51,-3.19,212.85,0.019,0.945,94.21,-0.24,-1.44,212.85,0.852,0.844,48.81,12.96,-58.2,257.85,0.567,0.589,34.37,31.36,-43.13,32.85,0.834,0.87,64.84,24.72,62.52,4.37
5,319.58,0.266,0.058,3.45,1.6,-0.7,319.58,0.297,0.143,10.67,6.98,-2.96,319.58,0.586,0.883,59.24,61.01,-21.73,4.58,0.516,0.718,50.85,34.44,20.15,139.58,0.975,0.966,85.44,-79.56,61.98,9.85
5,201.76,0.9,0.9,60.93,-6.14,-46.87,146.39,0.133,0.19,19.34,-3.67,1.36,146.39,0.639,0.613,57.76,-42.21,21.01,101.39,0.565,0.764,71.94,-43.51,47.34,356.39,0.927,0.942,50.8,75.46,54.4,1.0
5,61.24,0.1,0.4,42.89,-2.1,5.74,61.24,0.1,0.4,42.89,-2.1,5.74,61.24,0.1,0.4,42.89,-2.1,5.74,106.24,0.1,0.4,42.24,-5.17,4.73,241.24,0.1,0.4,39.33,2.33,-5.79,1.0
5,47.94,0.049,0.994,98.59,-0.87,5.03,47.94,0.018,0.919,92.48,-0.31,1.73,47.94,0.879,0.69,61.2,0.42,61.81,2.94,0.663,0.66,41.43,43.3,26.49,257.94,0.98,0.918,32.84,74.81,-95.03,7.21
5,183.41,0.01,0.971,97.2,-0.75,-0.34,183.41,0.06,0.911,90.87,-4.24,-1.9,183.41,0.732,0.89,79.82,-36.24,-16.23,213.41,0.514,0.651,48.97,0.52,-29.56,333.41,0.962,0.988,54.24,82.5,9.66,4.84
5,123.07,0.279,0.117,10.07,-5.88,3.91,123.07,0.19,0.127,11.63,-4.31,3.02,123.07,0.792,0.713,64.91,-61.98,55.4,78.07,0.769,0.77,73.81,-35.51,65.4,333.07,0.949,0.829,45.75,72.14,6.39,6.22
5,86.42,0.171,0.106,9.44,-2.13,2.61,86.42,0.273,0.175,17.39,-5.15,7.11,86.42,0.779,0.641,61.31,-37.88,55.68,131.42,0.443,0.685,65.18,-37.64,24.93,236.42,1.0,0.972,32.04,75.1,-104.26,6.4
5,320.9,0.129,0.129,11.18,2.7,-1.15,320.9,0.183,0.2,18.16,5.64,-2.35,320.9,0.85,0.899,52.37,78.35,-20.15,275.9,0.548,0.505,32.65,32.44,-32.72,140.9,0.863,0.929,82.83,-73.3,50.96,9.67
5,136.92,0.9,0.9,80.23,-74.35,57.67,192.58,0.242,0.201,19.37,-3.44,-3.04,192.58,0.848,0.721,57.95,-20.26,-26.01,147.58,0.686,0.77,70.97,-52.71,26.28,12.58,0.999,0.97,54.34,70.58,66.65,1.0
5,39.16,0.041,0.999,98.75,0.03,3.67,39.16,0.056,0.977,96.45,0.06,4.98,39.16,0.508,0.706,63.11,4.22,35.83,84.16,0.637,0.767,73.38,-35.64,55.43,249.16,0.947,0.829,27.98,67.16,-90.15,5.27
5,43.82,0.239,0.084,6.52,-0.18,2.34,43.82,0.3,0.209,20.47,-0.4,8.18,43.82,0.726,0.793,68.66,3.73,58.36,73.82,0.579,0.722,71.1,-24.16,50.29,43.82,0.2,0.5,50.8,-0.69,11.18,5.16
5,24.59,0.027,0.977,96.87,0.84,1.77,24.59,0.026,0.971,96.29,0.82,1.74,24.59,0.62,0.755,57.73,22.75,37.84,69.59,0.526,0.754,74.68,-20.3,48.48,234.59,0.905,0.953,34.73,65.13,-97.02,6.1
5,319.43,0.013,0.972,96.7,1.48,-0.68,319.43,0.007,0.934,93.73,0.72,-0.33,319.43,0.858,0.849,49.56,75.69,-21.63,4.43,0.721,0.728,44.28,49.27,33.56,139.43,0.904,0.955,84.74,-77.0,57.09,5.6
5,321.63,0.9,0.9,51.52,79.54,-17.64,261.6,0.264,0.215,17.42,6.01,-8.47,261.6,0.574,0.886,51.5,46.42,-59.51,231.6,0.69,0.601,30.36,25.35,-51.59,111.6,0.981,0.929,82.33,-79.51,78.56,1.0
5,21.01,0.012,0.96,95.96,0.45,0.71,21.01,0.034,0.948,93.84,1.3,2.04,21.01,0.864,0.881,56.94,45.96,58.28,336.01,0.583,0.687,45.81,45.84,-2.36,21.01,0.2,0.5,48.09,4.93,7.36,3.31
5,186.06,0.213,0.12,10.71,-2.5,-1.36,186.06,0.208,0.189,18.69,-3.58,-1.94,186.06,0.714,0.604,54.51,-24.09,-14.1,156.06,0.747,0.704,65.34,-48.01,17.34,36.06,0.8,0.894,69.58,18.46,63.94,10.0
5,110.54,0.006,0.984,98.47,-0.65,0.55,110.54,0.01,0.937,94.22,-1.06,0.89,110.54,0.592,0.7,65.45,-47.14,45.04,140.54,0.631,0.659,61.59,-46.16,27.25,320.54,0.834,0.976,57.0,83.04,-22.32,5.45
5,14.86,0.033,0.973,95.87,1.69,1.68,14.86,0.065,0.913,89.04,3.22,3.2,14.86,0.868,0.701,42.84,45.72,46.28,44.86,0.537,0.685,63.16,-0.27,39.82,224.86,0.863,0.83,37.92,36.94,-73.82,9.43
5,237.13,0.041,0.987,95.73,1.59,-4.72,237.13,0.065,0.959,91.46,2.53,-7.39,237.13,0.678,0.987,46.89,47.19,-81.79,282.13,0.749,0.784,43.46,64.74,-57.64,57.13,0.897,0.856,82.13,-14.3,79.77,4.91
5,306.07,0.037,0.967,94.83,4.52,-2.88,306.07,0.015,0.945,94.27,1.76,-1.13,306.07,0.874,0.852,51.45,81.66,-43.12,261.07,0.553,0.516,31.06,28.33,-37.1,96.07,0.81,0.83,76.23,-56.82,68.37,4.04
5,281.36,0.175,0.061,3.97,1.08,-1.09,281.36,0.257,0.19,15.62,6.94,-6.64,281.36,0.601,0.061,2.47,3.19,-3.3,311.36,0.725,0.677,42.92,60.48,-28.15,101.36,0.976,0.941,83.92,-74.56,80.0,4.42
5,273.82,0.132,0.069,4.74,0.92,-1.06,273.82,0.21,0.178,15.08,4.82,-5.35,273.82,0.877,0.741,34.06,64.56,-66.66,228.82,0.664,0.713,38.94,23.89,-54.75,273.82,0.2,0.5,45.34,10.91,-12.07,2.34
5,214.73,0.1,0.4,40.59,-0.37,-3.93,214.73,0.1,0.4,40.59,-0.37,-3.93,214.73,0.1,0.4,40.59,-0.37,-3.93,259.73,0.1,0.4,39.61,3.52,-5.34,4.73,0.1,0.4,40.17,3.62,1.83,1.0
5,0.02,0.007,0.952,95.29,0.55,0.2,0.02,0.013,0.957,95.3,1.06,0.38,0.02,0.556,0.787,52.13,44.41,22.01,315.02,0.495,0.584,42.89,38.5,-17.29,0.02,0.2,0.5,45.65,10.2,3.88,3.94
5,127.93,0.9,0.9,80.03,-76.95,68.46,266.61,0.034,0.904,89.12,2.61,-3.43,266.61,0.784,0.624,28.99,50.04,-57.31,236.61,0.595,0.688,37.38,27.65,-53.46,86.61,0.953,0.814,75.41,-52.64,73.37,3.41
5,176.18,0.214,0.087,6.99,-2.06,-0.5,176.18,0.148,0.126,11.83,-2.26,-0.54,176.18,0.569,0.652,62.72,-29.21,-5.3,206.18,0.428,0.715,59.56,-5.89,-22.43,326.18,0.8,0.827,48.63,69.85,-11.65,9.17
5,180.4,0.208,0.096,8.11,-2.31,-0.55,180.4,0.137,0.125,11.74,-1.98,-0.7,180.4,0.749,0.84,78.02,-38.66,-12.12,150.4,0.486,0.746,70.52,-38.15,14.68,30.4,0.858,0.823,59.43,28.59,59.61,10.0
5,56.32,0.9,0.9,85.17,-13.45,82.46,137.37,0.115,0.204,20.99,-3.58,1.81,137.37,0.697,0.807,73.59,-59.47,39.76,167.37,0.684,0.57,54.46,-33.69,2.81,317.37,0.805,0.81,48.54,71.74,-24.58,1.57
5,22.05,0.013,0.962,96.08,0.47,0.81,22.05,0.024,0.951,94.64,0.85,1.45,22.05,0.779,0.702,48.48,32.18,44.19,52.05,0.538,0.634,61.63,-5.97,40.8,202.05,0.936,0.873,58.0,-4.16,-47.66,5.37
5,51.44,0.022,0.987,98.49,-0.57,2.39,51.44,0.013,0.96,96.28,-0.33,1.39,51.44,0.722,0.832,76.89,-6.37,65.37,96.44,0.645,0.503,48.62,-32.27,38.55,201.44,0.944,0.969,64.36,-5.25,-51.09,1.0
5,289.8,0.038,0.999,97.42,4.36,-3.68,289.8,0.076,0.905,86.99,8.12,-6.8,289.8,0.509,0.749,52.71,47.82,-37.53,319.8,0.572,0.53,36.54,39.57,-14.26,79.8,0.982,0.955,88.14,-51.66,84.78,3.32
5,148.24,0.016,0.98,97.86,-1.68,0.55,148.24,0.056,0.945,94.03,-5.71,1.89,148.24,0.606,0.711,66.48,-44.87,20.53,118.24,0.439,0.624,59.74,-36.21,29.88,148.24,0.2,0.5,51.09,-12.13,4.31,2.87
5,333.41,0.143,0.085,6.16,1.61,-0.35,333.41,0.178,0.158,13.75,4.12,-0.87,333.41,0.74,0.718,43.12,58.03,-2.3,288.41,0.427,0.603,45.62,33.3,-27.12,123.41,0.99,0.848,75.62,-75.74,72.03,8.0
5,129.15,0.035,0.968,96.39,-4.16,2.53,129.15,0.004,0.964,96.72,-0.52,0.32,129.15,0.525,0.899,82.34,-54.9,39.59,159.15,0.764,0.568,53.59,-39.82,11.88,309.15,0.82,0.884,53.67,80.67,-39.06,4.33
5,352.73,0.9,0.9,48.97,72.49,43.22,288.9,0.055,0.905,88.2,5.83,-4.98,288.9,0.58,0.793,52.41,56.03,-44.37,318.9,0.558,0.687,47.65,47.97,-18.01,138.9,0.965,0.993,87.56,-81.3,63.81,1.39
5,175.59,0.037,0.977,97.25,-3.11,-0.72,175.59,0.078,0.937,93.06,-6.34,-1.44,175.59,0.505,0.741,70.94,-29.89,-5.12,145.59,0.535,0.524,50.43,-32.47,15.43,325.59,0.8,0.963,56.44,78.93,-13.92,4.76
5,286.58,0.1,0.4,40.04,5.28,-4.67,286.58,0.1,0.4,40.04,5.28,-4.67,286.58,0.1,0.4,40.04,5.28,-4.67,256.58,0.1,0.4,39.57,3.32,-5.42,106.58,0.1,0.4,42.24,-5.19,4.72,1.0
5,322.79,0.025,0.981,96.7,2.74,-1.11,322.79,0.079,0.942,89.98,8.49,-3.38,322.79,0.813,0.724,42.75,64.45,-15.18,7.79,0.541,0.603,43.14,28.93,19.83,142.79,0.887,0.901,80.53,-71.53,48.35,5.98
5,197.6,0.9,0.9,65.12,-14.12,-40.28,263.26,0.079,0.961,90.91,6.01,-8.45,263.26,0.644,0.767,41.5,47.55,-58.4,293.26,0.749,0.504,30.51,49.5,-35.73,113.26,0.96,0.989,87.08,-83.55,81.97,1.49
5,215.83,0.183,0.068,4.58,-0.06,-1.14,215.83,0.151,0.206,19.6,-0.19,-3.49,215.83,0.523,0.647,47.35,2.75,-31.46,245.83,0.459,0.528,34.27,18.82,-33.87,35.83,0.996,0.828,60.69,25.82,66.93,7.65
5,114.86,0.1,0.4,42.13,-5.74,4.55,114.86,0.1,0.4,42.13,-5.74,4.55,114.86,0.1,0.4,42.13,-5.74,4.55,69.86,0.1,0.4,42.76,-2.7,5.54,264.86,0.1,0.4,39.69,3.86,-5.22,1.0
5,222.98,0.1,0.4,40.17,0.48,-4.55,222.98,0.1,0.4,40.17,0.48,-4.55,222.98,0.1,0.4,40.17,0.48,-4.55,252.98,0.1,0.4,39.51,3.09,-5.51,72.98,0.1,0.4,42.72,-2.91,5.47,1.0
5,90.91,0.036,0.987,98.33,-3.14,3.82,90.91,0.033,0.905,91.1,-2.63,3.2,90.91,0.504,0.748,71.97,-32.75,43.01,60.91,0.521,0.778,78.02,-14.6,50.89,270.91,0.806,0.844,40.25,66.88,-71.83,6.22
5,232.38,0.213,0.114,8.18,1.14,-3.9,232.38,0.112,0.127,10.95,0.61,-2.23,232.38,0.699,0.617,30.49,27.47,-53.95,202.38,0.629,0.687,53.27,-8.98,-28.18,22.38,0.891,0.919,59.36,47.12,62.45,6.3
5,195.42,0.9,0.9,67.34,-18.14,-36.82,339.66,0.285,0.146,11.01,6.0,-0.46,339.66,0.898,0.68,37.51,60.03,12.93,294.66,0.557,0.623,43.51,46.75,-33.34,189.66,0.917,0.994,79.86,-30.27,-30.41,1.88
5,318.18,0.008,0.969,96.69,0.94,-0.45,318.18,0.057,0.957,92.67,6.4,-3.01,318.18,0.623,0.691,45.9,53.12,-19.85,3.18,0.624,0.573,37.12,36.11,21.37,318.18,0.2,0.5,46.18,13.43,-6.05,7.31
5,339.9,0.226,0.055,3.35,1.09,-0.1,339.9,0.138,0.163,14.85,3.13,-0.29,339.9,0.884,0.628,34.7,56.16,11.53,294.9,0.7,0.725,46.0,63.76,-44.62,189.9,0.938,0.955,76.48,-28.71,-30.3,6.59
5,142.58,0.234,0.117,10.3,-4.37,1.93,142.58,0.162,0.139,13.24,-3.52,1.52,142.58,0.553,0.634,60.04,-39.74,21.12,187.58,0.765,0.699,60.98,-25.89,-18.16,352.58,0.857,0.933,51.43,73.22,40.06,8.68
5,123.6,0.016,0.987,98.44,-2.03,1.37,123.6,0.055,0.941,93.53,-6.58,4.48,123.6,0.668,0.797,72.6,-61.31,51.7,153.6,0.627,0.769,71.52,-46.8,17.29,303.6,0.842,0.955,58.37,89.18,-50.79,4.61
5,152.03,0.119,0.065,4.83,-0.86,0.23,152.03,0.204,0.173,17.13,-4.98,1.42,152.03,0.687,0.604,56.83,-41.87,17.37,122.03,0.677,0.659,60.85,-53.5,46.12,152.03,0.2,0.5,51.13,-11.79,3.43,7.49
5,88.41,0.009,0.961,96.42,-0.77,0.99,88.41,0.027,0.968,96.78,-2.18,2.79,88.41,0.806,0.731,68.78,-44.86,62.75,43.41,0.643,0.756,66.78,2.57,50.26,238.41,0.941,0.921,30.81,70.82,-98.99,5.08
5,144.07,0.291,0.094,7.54,-4.02,1.7,144.07,0.128,0.121,11.16,-2.45,0.99,144.07,0.595,0.094,6.91,-7.18,3.3,99.07,0.555,0.531,51.6,-30.91,34.84,294.07,0.959,0.811,46.01,80.13,-57.22,2.99
5,323.37,0.036,0.968,94.83,3.96,-1.57,323.37,0.073,0.953,91.32,7.88,-3.07,323.37,0.832,0.716,41.86,64.37,-13.95,293.37,0.68,0.545,34.67,49.18,-35.55,113.37,0.91,0.853,76.36,-73.42,72.09,5.49
5,44.04,0.1,0.4,42.11,-0.41,4.63,44.04,0.1,0.4,42.11,-0.41,4.63,44.04,0.1,0.4,42.11,-0.41,4.63,74.04,0.1,0.4,42.7,-2.98,5.45,194.04,0.1,0.4,41.63,-2.48,-2.39,1.0
5,212.5,0.016,0.979,97.26,-0.23,-1.28,212.5,0.038,0.937,92.49,-0.49,-2.85,212.5,0.84,0.658,38.87,8.99,-46.61,242.5,0.427,0.749,49.82,21.81,-42.48,32.5,0.81,0.906,67.65,24.98,62.92,6.73
5,19.29,0.184,0.145,12.82,1.7,2.27,19.29,0.274,0.198,17.55,3.47,4.54,19.29,0.662,0.847,60.16,33.97,41.44,334.29,0.507,0.689,48.78,40.69,-4.53,169.29,0.849,0.948,86.1,-54.83,4.47,9.51
5,22.47,0.1,0.4,41.04,1.79,3.09,22.47,0.1,0.4,41.04,1.79,3.09,22.47,0.1,0.4,41.04,1.79,3.09,352.47,0.1,0.4,39.98,4.35,0.76,202.47,0.1,0.4,41.21,-1.62,-3.02,1.0
5,177.17,0.1,0.4,42.33,-4.01,-1.06,177.17,0.1,0.4,42.33,-4.01,-1.06,177.17,0.1,0.4,42.33,-4.01,-1.06,132.17,0.1,0.4,42.11,-5.66,3.26,327.17,0.1,0.4,40.11,5.21,-1.7,1.0
5,317.43,0.047,0.989,96.0,5.44,-2.63,317.43,0.032,0.925,91.38,3.53,-1.71,317.43,0.586,0.762,51.68,54.78,-21.52,287.43,0.525,0.782,53.7,49.82,-40.77,137.43,0.916,0.922,81.93,-76.03,59.13,4.12
5,329.71,0.102,0.079,5.87,1.06,-0.3,329.71,0.12,0.198,18.9,3.42,-0.97,329.71,0.727,0.629,38.31,52.39,-6.74,299.71,0.697,0.619,40.86,58.12,-36.93,149.71,0.956,0.818,73.86,-64.89,37.96,7.78
5,176.47,0.01,0.983,98.33,-0.87,-0.22,176.47,0.032,0.966,96.42,-2.72,-0.69,176.47,0.537,0.757,72.11,-31.41,-6.08,221.47,0.745,0.562,31.11,15.02,-44.38,356.47,0.948,0.993,53.28,79.0,59.0,3.46
5,232.34,0.122,0.149,13.24,0.77,-2.8,232.34,0.213,0.168,13.89,1.61,-5.46,232.34,0.887,0.642,24.1,42.54,-68.37,262.34,0.478,0.773,50.82,34.1,-44.35,232.34,0.2,0.5,44.98,3.84,-12.74,1.0
5,129.85,0.021,0.956,95.59,-2.44,1.46,129.85,0.019,0.97,96.91,-2.19,1.3,129.85,0.727,0.68,62.6,-55.56,43.57,84.85,0.523,0.513,51.09,-22.16,33.4,279.85,0.863,0.832,41.55,72.63,-67.86,4.7
5,30.14,0.194,0.091,7.03,0.52,1.74,30.14,0.101,0.206,20.88,0.58,2.1,30.14,0.773,0.734,55.14,22.52,49.8,0.14,0.72,0.503,29.44,39.36,23.02,30.14,0.2,0.5,49.17,2.66,8.88,6.75
5,93.52,0.1,0.4,42.42,-4.31,5.01,93.52,0.1,0.4,42.42,-4.31,5.01,93.52,0.1,0.4,42.42,-4.31,5.01,48.52,0.1,0.4,42.33,-0.86,4.95,243.52,0.1,0.4,39.37,2.48,-5.73,1.0
5,228.56,0.202,0.083,5.56,0.46,-2.2,228.56,0.12,0.188,17.69,0.68,-3.18,228.56,0.624,0.702,40.47,20.69,-50.61,183.56,0.62,0.651,60.69,-26.04,-11.6,48.56,0.919,0.85,74.12,0.4,74.3,7.06
5,4.02,0.265,0.079,4.93,1.84,0.85,4.02,0.167,0.189,17.21,3.34,1.63,4.02,0.816,0.72,41.3,54.61,40.26,34.02,0.558,0.578,49.71,8.33,31.15,154.02,0.94,0.989,87.95,-71.83,35.54,8.03
5,358.35,0.293,0.136,9.76,5.15,1.77,358.35,0.283,0.178,14.0,6.25,2.15,358.35,0.647,0.703,43.65,47.24,23.82,313.35,0.78,0.636,39.0,59.57,-25.24,208.35,0.961,0.941,54.61,11.34,-62.69,7.91
5,256.4,0.1,0.4,39.56,3.31,-5.42,256.4,0.1,0.4,39.56,3.31,-5.42,256.4,0.1,0.4,39.56,3.31,-5.42,301.4,0.1,0.4,40.24,6.12,-4.19,106.4,0.1,0.4,42.24,-5.18,4.73,1.0
5,57.17,0.002,0.961,96.51,-0.07,0.22,57.17,0.037,0.96,96.1,-1.36,4.21,57.17,0.606,0.961,92.3,-14.56,67.31,12.17,0.631,0.565,39.2,28.9,24.98,207.17,0.882,0.805,50.55,3.32,-49.84,3.7
5,223.88,0.043,0.984,95.79,0.47,-4.15,223.88,0.028,0.936,92.58,0.29,-2.61,223.88,0.855,0.792,37.2,32.98,-69.41,178.88,0.79,0.592,56.64,-31.22,-7.91,13.88,0.896,0.973,57.45,63.05,62.05,8.15
5,13.77,0.28,0.076,4.89,1.37,1.16,13.77,0.296,0.14,10.95,3.5,3.18,13.77,0.601,0.745,52.93,32.81,30.43,343.77,0.659,0.639,39.94,46.58,7.07,223.77,0.908,0.992,43.98,45.37,-87.26,8.38
5,73.88,0.024,0.966,96.74,-1.49,2.68,73.88,0.031,0.945,94.82,-1.9,3.43,73.88,0.611,0.8,77.8,-27.39,57.28,103.88,0.539,0.561,54.1,-33.7,34.97,73.88,0.2,0.5,52.26,-6.98,13.15,1.0
5,227.93,0.149,0.074,5.08,0.26,-1.33,227.93,0.209,0.181,15.52,1.18,-5.34,227.93,0.762,0.831,40.56,33.83,-69.61,197.93,0.694,0.649,51.49,-13.06,-25.35,47.93,0.889,0.818,71.4,0.86,70.87,7.32
5,24.15,0.27,0.1,7.48,1.38,2.41,24.15,0.235,0.164,14.7,1.92,3.66,24.15,0.665,0.69,51.67,23.62,37.69,339.15,0.436,0.587,44.1,29.98,-1.11,204.15,0.91,0.97,62.43,-0.83,-54.26,9.75
5,95.77,0.1,0.4,42.39,-4.46,4.96,95.77,0.1,0.4,42.39,-4.46,4.96,95.77,0.1,0.4,42.39,-4.46,4.96,140.77,0.1,0.4,42.15,-5.35,2.43,275.77,0.1,0.4,39.86,4.57,-4.94,1.0
5,337.03,0.03,0.979,96.13,3.04,-0.49,337.03,0.03,0.964,94.86,2.97,-0.48,337.03,0.588,0.821,54.06,53.09,-1.35,7.03,0.749,0.521,31.74,36.99,27.54,187.03,0.863,0.987,82.83,-35.06,-24.87,2.26
5,358.94,0.278,0.059,3.43,1.29,0.42,358.94,0.215,0.199,17.22,5.11,1.79,358.94,0.769,0.725,41.54,55.77,34.18,43.94,0.531,0.73,66.65,0.49,40.99,358.94,0.2,0.5,45.66,10.28,3.62,3.95
5,266.15,0.9,0.9,37.49,73.25,-84.61,314.44,0.107,0.188,18.13,3.22,-1.67,314.44,0.899,0.843,49.29,78.2,-29.22,344.44,0.41,0.551,42.23,25.99,1.7,164.44,0.835,0.977,88.12,-59.86,12.55,4.05
5,109.0,0.035,0.981,97.59,-3.91,3.38,109.0,0.03,0.925,92.76,-3.16,2.73,109.0,0.845,0.981,87.1,-77.01,78.1,79.0,0.448,0.753,74.05,-23.17,40.22,259.0,0.985,0.843,30.14,70.44,-88.62,5.02
5,123.63,0.17,0.103,8.75,-3.2,1.92,123.63,0.247,0.171,16.53,-7.19,5.07,123.63,0.892,0.103,7.15,-12.44,8.5,78.63,0.601,0.673,66.04,-26.86,48.32,333.63,0.834,0.958,54.53,77.63,2.03,4.8
5,302.92,0.006,0.953,95.51,0.75,-0.51,302.92,0.048,0.95,92.66,5.84,-3.94,302.92,0.749,0.953,60.22,84.44,-49.56,257.92,0.487,0.601,38.89,26.74,-37.71,152.92,0.826,0.873,78.95,-62.17,28.61,3.06
5,12.75,0.186,0.146,12.67,2.28,1.95,12.75,0.172,0.134,11.49,1.94,1.67,12.75,0.622,0.837,57.79,38.72,34.43,57.75,0.487,0.606,61.56,-9.47,38.2,12.75,0.2,0.5,47.12,6.99,5.98,2.97
5,136.98,0.015,0.966,96.66,-1.7,0.85,136.98,0.032,0.972,96.8,-3.66,1.83,136.98,0.51,0.787,73.44,-45.93,27.8,166.98,0.679,0.768,71.76,-42.62,4.08,136.98,0.2,0.5,50.97,-13.13,6.93,1.22
5,138.05,0.017,0.989,98.65,-1.99,0.96,138.05,0.023,0.943,94.45,-2.56,1.24,138.05,0.635,0.868,79.08,-58.73,37.25,108.05,0.614,0.784,72.6,-51.63,51.3,288.05,0.952,0.832,43.89,78.61,-63.89,5.62
5,178.88,0.249,0.064,4.66,-1.35,-0.43,178.88,0.214,0.186,18.71,-4.38,-1.32,178.88,0.653,0.765,72.28,-34.67,-9.06,133.88,0.543,0.756,70.35,-47.78,31.54,178.88,0.2,0.5,51.46,-9.24,-2.78,7.6
5,196.35,0.022,0.995,98.73,-1.08,-1.21,196.35,0.073,0.922,90.65,-3.26,-3.69,196.35,0.643,0.856,68.96,-17.99,-28.02,226.35,0.518,0.785,51.98,14.11,-44.39,46.35,0.843,0.922,78.84,2.88,74.85,2.12
5,46.79,0.02,0.995,99.17,-0.31,1.97,46.79,0.077,0.935,92.76,-1.08,7.4,46.79,0.5,0.75,69.99,-2.23,40.97,76.79,0.475,0.605,60.66,-19.34,35.91,196.79,0.825,0.809,61.27,-15.86,-33.46,4.29
5,119.53,0.033,0.993,98.57,-4.23,3.07,119.53,0.078,0.917,90.88,-9.28,6.8,119.53,0.549,0.822,75.58,-55.16,46.84,74.53,0.567,0.744,73.0,-24.84,50.43,299.53,0.912,0.93,56.48,91.15,-57.21,4.64
5,83.75,0.131,0.111,10.16,-1.62,2.33,83.75,0.111,0.19,19.73,-2.18,3.13,83.75,0.858,0.703,66.75,-41.17,63.73,53.75,0.519,0.726,70.71,-8.0,44.93,293.75,0.909,0.938,53.49,88.37,-63.34,9.04
5,74.11,0.031,0.965,96.55,-1.92,3.44,74.11,0.003,0.943,94.89,-0.18,0.31,74.11,0.85,0.735,71.1,-32.45,67.6,29.11,0.633,0.713,56.46,17.46,39.36,74.11,0.2,0.5,52.25,-7.01,13.13,2.1
5,148.92,0.9,0.9,80.69,-68.74,39.43,150.23,0.074,0.902,89.84,-7.23,2.18,150.23,0.583,0.811,75.18,-47.55,19.84,105.23,0.773,0.643,59.8,-50.58,53.3,300.23,0.839,0.819,50.94,80.47,-49.86,1.66
5,301.02,0.038,0.975,95.43,4.82,-3.36,301.02,0.036,0.93,91.72,4.31,-3.0,301.02,0.505,0.876,63.54,58.81,-37.36,346.02,0.631,0.616,39.25,43.18,8.15,91.02,0.823,0.863,79.49,-54.54,71.89,2.33
5,27.69,0.108,0.127,11.7,0.51,1.43,27.69,0.179,0.151,13.88,1.03,2.76,27.69,0.894,0.626,43.67,27.67,48.18,72.69,0.558,0.752,73.98,-23.41,50.43,177.69,0.917,0.81,75.21,-42.65,-8.32,5.03
5,33.03,0.233,0.131,11.49,0.72,3.55,33.03,0.171,0.196,19.24,0.72,3.66,33.03,0.734,0.682,53.8,16.17,46.26,348.03,0.793,0.503,28.35,43.69,14.49,183.03,0.83,0.815,73.43,-35.75,-15.67,9.29
5,28.35,0.224,0.058,3.88,0.31,0.86,28.35,0.11,0.151,14.45,0.57,1.7,28.35,0.876,0.813,56.96,32.46,58.78,343.35,0.549,0.717,48.64,43.44,4.06,208.35,0.859,0.937,57.95,5.38,-56.84,10.0
5,247.3,0.9,0.9,31.63,69.23,-94.49,7.82,0.25,0.176,14.83,4.32,2.72,7.82,0.596,0.814,55.17,41.19,29.19,37.82,0.759,0.561,46.48,9.35,42.96,217.82,0.824,0.82,44.54,20.16,-61.64,1.39
5,40.0,0.9,0.9,70.99,15.64,71.57,309.58,0.194,0.152,12.93,5.04,-2.9,309.58,0.66,0.673,44.39,56.88,-28.6,264.58,0.767,0.672,31.43,51.44,-60.73,159.58,0.926,0.825,75.04,-58.35,21.0,1.0
5,92.64,0.035,0.964,96.27,-3.06,3.59,92.64,0.051,0.94,93.86,-4.36,5.13,92.64,0.807,0.825,76.26,-53.42,68.42,137.64,0.579,0.678,63.48,-45.06,27.79,242.64,0.907,0.912,31.14,69.9,-97.08,4.74
5,91.71,0.277,0.142,13.5,-4.83,5.94,91.71,0.198,0.161,15.97,-3.86,4.7,91.71,0.611,0.842,79.14,-43.15,56.44,136.71,0.517,0.509,48.98,-32.82,19.89,241.71,0.85,0.997,36.18,70.77,-100.86,3.62
5,302.55,0.296,0.107,7.3,5.17,-3.6,302.55,0.11,0.206,20.11,3.86,-2.59,302.55,0.881,0.739,45.23,74.8,-43.67,347.55,0.666,0.548,33.9,41.02,9.86,152.55,0.822,0.997,88.93,-69.07,32.36,8.23
5,114.1,0.28,0.05,3.47,-1.44,1.13,114.1,0.249,0.156,14.88,-6.43,5.27,114.1,0.576,0.731,68.01,-49.54,45.11,159.1,0.653,0.772,71.83,-45.74,12.29,264.1,0.99,0.857,32.39,72.34,-86.77,7.13
5,324.71,0.003,0.964,96.66,0.32,-0.12,324.71,0.017,0.91,90.96,1.74,-0.66,324.71,0.503,0.721,51.6,43.93,-12.72,354.71,0.495,0.645,45.48,34.2,11.38,114.71,0.978,0.991,87.19,-84.48,82.35,4.37
5,9.43,0.046,0.978,95.4,2.91,2.01,9.43,0.025,0.923,91.81,1.53,1.05,9.43,0.764,0.978,59.56,59.75,49.54,54.43,0.775,0.661,63.75,-8.62,58.94,219.43,0.86,0.902,45.84,28.06,-71.35,7.31
5,139.77,0.246,0.071,5.27,-2.19,1.04,139.77,0.251,0.187,18.4,-7.13,3.49,139.77,0.703,0.891,80.56,-63.71,40.53,94.77,0.475,0.707,68.26,-31.7,38.31,349.77,0.856,0.984,54.3,76.6,36.13,9.77
5,96.65,0.042,0.982,97.73,-3.94,4.27,96.65,0.014,0.937,94.16,-1.28,1.38,96.65,0.89,0.82,74.9,-60.25,70.79,51.65,0.785,0.709,66.09,-5.58,61.21,306.65,0.966,0.939,55.51,89.64,-45.46,4.69
5,55.64,0.039,0.974,97.25,-1.32,4.39,55.64,0.02,0.951,95.42,-0.69,2.26,55.64,0.584,0.974,92.56,-12.66,64.78,85.64,0.478,0.722,70.43,-27.48,40.45,235.64,0.818,0.857,34.13,53.31,-84.11,2.89
5,177.26,0.238,0.091,7.42,-2.44,-0.66,177.26,0.278,0.173,16.95,-5.35,-1.35,177.26,0.549,0.759,72.29,-31.62,-6.84,222.26,0.699,0.538,30.96,13.28,-40.89,27.26,0.979,0.864,56.99,41.9,64.58,10.0
5,320.06,0.016,0.962,95.59,1.8,-0.81,320.06,0.022,0.923,91.84,2.34,-1.05,320.06,0.533,0.64,45.27,43.17,-15.64,290.06,0.75,0.797,47.14,69.49,-53.38,140.06,0.94,0.924,82.14,-75.79,56.88,4.92
5,56.32,0.134,0.085,7.05,-0.54,1.7,56.32,0.105,0.126,12.18,-0.66,2.2,56.32,0.786,0.788,76.03,-12.32,69.49,26.32,0.683,0.664,50.36,21.36,38.73,266.32,0.82,0.994,44.77,75.02,-86.09,7.44
5,145.91,0.001,0.994,99.5,-0.08,0.03,145.91,0.021,0.904,91.05,-2.16,0.79,145.91,0.67,0.845,77.19,-56.51,29.53,190.91,0.642,0.798,68.22,-23.21,-21.08,355.91,0.915,0.952,51.45,75.81,52.85,5.18
5,156.49,0.162,0.078,6.1,-1.55,0.3,156.49,0.25,0.163,15.76,-5.58,1.18,156.49,0.598,0.844,78.1,-47.3,14.48,126.49,0.694,0.777,70.83,-60.87,49.74,6.49,0.856,0.801,45.79,59.39,48.03,8.19
5,246.12,0.044,0.954,92.57,2.32,-5.08,246.12,0.003,0.934,93.95,0.16,-0.35,246.12,0.831,0.723,26.89,53.74,-76.03,276.12,0.583,0.779,48.3,49.24,-49.15,66.12,0.952,0.925,88.98,-29.67,86.18,5.03
5,229.86,0.048,0.996,96.31,1.14,-5.05,229.86,0.024,0.956,94.42,0.55,-2.48,229.86,0.766,0.66,30.96,30.65,-59.8,199.86,0.452,0.645,55.66,-9.93,-18.22,19.86,0.971,0.951,57.57,57.98,66.34,8.09
5,10.93,0.018,0.957,95.23,1.06,0.81,10.93,0.074,0.916,88.61,4.27,3.26,10.93,0.526,0.721,52.86,29.81,23.7,40.93,0.515,0.585,53.48,2.38,31.91,160.93,0.911,0.811,74.07,-56.31,18.09,4.54
5,308.44,0.214,0.136,10.97,5.1,-3.0,308.44,0.153,0.177,16.18,4.55,-2.71,308.44,0.585,0.81,55.57,60.19,-31.83,353.44,0.547,0.521,35.29,31.94,10.22,128.44,0.875,0.838,75.12,-72.06,62.83,9.86
5,200.08,0.04,0.987,97.3,-1.58,-2.36,200.08,0.075,0.9,88.41,-2.73,-4.13,200.08,0.642,0.711,56.01,-11.65,-27.43,230.08,0.493,0.516,34.43,11.57,-31.79,350.08,0.906,0.881,47.98,71.73,37.96,8.0
5,37.14,0.041,0.996,98.42,0.21,3.53,37.14,0.05,0.959,94.9,0.26,4.22,37.14,0.895,0.713,55.47,16.91,58.1,67.14,0.535,0.525,53.81,-14.15,37.08,247.14,0.993,0.944,30.99,75.75,-101.97,8.1
5,180.27,0.9,0.9,82.73,-43.35,-13.31,27.6,0.165,0.197,19.19,1.2,3.18,27.6,0.869,0.721,50.6,30.09,52.8,357.6,0.661,0.537,33.02,38.81,18.81,177.6,0.996,0.963,87.8,-49.48,-9.04,1.01
5,155.51,0.027,0.969,96.73,-2.64,0.53,155.51,0.012,0.923,92.95,-1.15,0.23,155.51,0.753,0.818,74.92,-54.66,20.64,185.51,0.719,0.729,65.26,-28.53,-15.88,335.51,0.85,0.953,53.75,77.37,6.45,4.51
5,265.33,0.257,0.143,10.67,4.36,-5.71,265.33,0.18,0.146,12.08,3.05,-4.05,265.33,0.703,0.898,45.66,60.26,-70.81,310.33,0.42,0.651,50.49,36.87,-19.44,85.33,0.895,0.833,77.45,-50.18,73.66,6.14
5,125.57,0.032,0.983,97.74,-3.98,2.6,125.57,0.006,0.948,95.23,-0.73,0.48,125.57,0.784,0.623,57.34,-55.09,47.36,95.57,0.746,0.567,54.04,-39.3,47.95,305.57,0.808,0.939,57.71,85.64,-46.45,6.13
5,150.54,0.002,0.965,96.87,-0.21,0.06,150.54,0.074,0.918,91.26,-7.25,2.14,150.54,0.746,0.872,79.18,-59.91,28.24,105.54,0.495,0.645,61.85,-35.77,35.88,300.54,0.996,0.835,50.54,85.43,-52.16,4.83
5,227.96,0.121,0.113,9.34,0.41,-2.05,227.96,0.135,0.209,19.69,0.81,-3.88,227.96,0.599,0.842,50.03,21.73,-55.85,272.96,0.68,0.627,34.59,46.46,-48.54,17.96,0.859,0.816,51.49,47.13,53.15,8.03
5,156.64,0.9,0.9,81.11,-63.85,26.62,359.03,0.134,0.203,19.07,3.18,1.08,359.03,0.863,0.852,46.72,67.8,48.24,29.03,0.705,0.578,44.74,17.13,37.0,179.03,0.909,0.967,88.41,-47.36,-11.92,1.73
5,250.02,0.256,0.119,8.14,2.1,-4.92,250.02,0.239,0.154,11.75,3.26,-6.08,250.02,0.886,0.792,28.43,62.12,-83.84,220.02,0.451,0.595,44.81,4.27,-27.53,40.02,0.819,0.848,68.74,12.1,64.86,5.69
5,347.81,0.175,0.08,5.54,1.59,0.11,347.81,0.181,0.172,15.12,4.1,0.32,347.81,0.797,0.864,49.17,67.07,23.91,317.81,0.611,0.605,40.66,47.11,-18.07,137.81,0.939,0.914,81.24,-76.0,59.62,9.47
5,354.96,0.219,0.117,8.69,3.39,0.83,354.96,0.277,0.189,15.25,6.58,1.71,354.96,0.773,0.631,36.13,50.55,25.68,24.96,0.589,0.579,45.78,16.66,28.83,354.96,0.2,0.5,45.71,10.57,2.67,2.48
5,355.13,0.9,0.9,48.89,72.28,47.61,270.36,0.19,0.175,15.05,4.07,-4.85,270.36,0.888,0.822,36.17,69.17,-75.35,225.36,0.459,0.656,46.97,9.03,-33.41,120.36,0.962,0.834,74.52,-74.7,71.68,1.0
5,119.68,0.26,0.066,4.69,-2.21,1.59,119.68,0.172,0.164,16.03,-4.92,3.64,119.68,0.85,0.743,67.23,-66.29,62.44,164.68,0.532,0.569,55.1,-28.88,3.23,299.68,0.805,0.993,61.7,91.76,-57.65,9.93
5,86.32,0.267,0.133,12.55,-4.01,5.53,86.32,0.157,0.195,20.13,-3.29,4.48,86.32,0.843,0.777,72.83,-46.6,67.85,116.32,0.752,0.777,70.58,-63.67,59.74,86.32,0.2,0.5,51.84,-9.07,12.5,6.51
5,134.45,0.151,0.06,4.38,-1.07,0.58,134.45,0.204,0.207,20.79,-6.55,3.67,134.45,0.634,0.671,62.45,-48.9,33.38,89.45,0.789,0.58,55.55,-37.53,51.51,134.45,0.2,0.5,50.94,-13.35,7.51,6.3
5,92.05,0.134,0.11,10.02,-1.9,2.28,92.05,0.197,0.192,19.58,-4.48,5.43,92.05,0.705,0.11,8.84,-8.46,9.37,137.05,0.425,0.784,74.04,-38.95,22.56,302.05,0.88,0.885,54.04,86.1,-50.88,4.63
5,157.16,0.007,0.984,98.43,-0.73,0.12,157.16,0.036,0.946,94.54,-3.42,0.58,157.16,0.626,0.647,61.12,-39.33,11.71,112.16,0.578,0.509,48.63,-36.45,33.84,307.16,0.894,0.86,51.48,82.31,-41.78,6.88
5,117.05,0.169,0.095,7.99,-2.82,2.11,117.05,0.125,0.138,13.25,-3.02,2.31,117.05,0.731,0.606,56.11,-51.81,47.85,87.05,0.571,0.609,59.58,-28.76,41.43,117.05,0.2,0.5,50.88,-14.09,11.01,6.12
5,314.59,0.002,0.977,97.84,0.19,-0.1,314.59,0.017,0.929,92.73,1.87,-0.99,314.59,0.58,0.611,42.18,46.16,-20.35,284.59,0.522,0.631,43.3,40.52,-34.98,104.59,0.972,0.82,73.87,-68.84,71.71,6.07
5,132.34,0.009,0.99,98.89,-1.06,0.6,132.34,0.04,0.977,97.06,-4.69,2.66,132.34,0.821,0.726,66.1,-61.8,49.08,177.34,0.51,0.52,51.1,-22.12,-4.97,312.34,0.903,0.973,56.99,88.38,-36.36,4.65
5,321.67,0.101,0.09,7.06,1.42,-0.59,321.67,0.28,0.188,15.31,8.18,-3.2,321.67,0.688,0.09,3.58,7.12,-2.48,276.67,0.581,0.633,39.63,41.73,-41.3,171.67,0.902,0.823,75.83,-48.31,1.01,5.33
5,139.01,0.1,0.4,42.15,-5.41,2.6,139.01,0.1,0.4,42.15,-5.41,2.6,139.01,0.1,0.4,42.15,-5.41,2.6,169.01,0.1,0.4,42.29,-4.31,-0.28,289.01,0.1,0.4,40.07,5.44,-4.61,1.0
5,36.48,0.004,0.966,96.83,0.03,0.37,36.48,0.038,0.912,91.09,0.23,3.02,36.48,0.831,0.62,49.21,13.84,49.34,6.48,0.561,0.518,36.22,27.51,17.86,246.48,0.852,0.997,36.98,71.69,-99.61,9.52
5,175.91,0.1,0.4,42.33,-4.05,-0.94,175.91,0.1,0.4,42.33,-4.05,-0.94,175.91,0.1,0.4,42.33,-4.05,-0.94,130.91,0.1,0.4,42.11,-5.7,3.38,25.91,0.1,0.4,41.21,1.44,3.34,1.0
5,191.46,0.034,0.987,97.85,-1.96,-1.56,191.46,0.042,0.965,95.67,-2.39,-1.9,191.46,0.801,0.658,54.6,-20.47,-21.99,221.46,0.522,0.537,37.56,6.5,-30.12,41.46,0.906,0.92,73.56,13.44,73.95,3.05
5,258.11,0.139,0.145,12.49,2.04,-3.2,258.11,0.169,0.128,10.22,2.24,-3.5,258.11,0.596,0.849,47.4,45.18,-60.94,303.11,0.59,0.565,39.47,46.74,-28.13,78.11,0.81,0.912,85.74,-42.15,77.08,6.03
5,111.29,0.22,0.092,7.49,-3.17,2.59,111.29,0.167,0.169,16.76,-4.46,3.78,111.29,0.626,0.861,78.71,-58.52,55.98,66.29,0.685,0.509,51.99,-15.86,45.01,111.29,0.2,0.5,51.05,-13.17,11.28,7.57
5,129.38,0.1,0.4,42.1,-5.76,3.53,129.38,0.1,0.4,42.1,-5.76,3.53,129.38,0.1,0.4,42.1,-5.76,3.53,84.38,0.1,0.4,42.55,-3.69,5.21,279.38,0.1,0.4,39.92,4.81,-4.85,1.0
5,136.57,0.113,0.056,4.04,-0.7,0.35,136.57,0.272,0.188,18.37,-7.9,4.26,136.57,0.806,0.879,78.84,-69.59,50.92,106.57,0.63,0.601,56.91,-41.94,42.56,316.57,0.852,0.991,58.11,86.3,-29.55,8.06
5,210.18,0.165,0.086,6.39,-0.31,-1.42,210.18,0.103,0.12,10.7,-0.32,-1.34,210.18,0.863,0.604,36.64,5.74,-42.07,240.18,0.721,0.748,31.99,45.03,-71.43,210.18,0.2,0.5,47.7,-1.76,-8.64,3.26
5,167.67,0.005,0.955,95.96,-0.46,-0.02,167.67,0.07,0.951,94.4,-6.18,-0.24,167.67,0.758,0.721,67.41,-42.94,4.21,197.67,0.578,0.76,62.62,-14.65,-24.33,347.67,0.959,0.879,47.41,72.83,38.14,5.57
5,138.52,0.041,0.991,98.29,-4.67,2.24,138.52,0.027,0.936,93.76,-2.92,1.4,138.52,0.891,0.848,76.12,-70.15,52.25,108.52,0.447,0.693,66.26,-35.9,34.05,348.52,0.838,0.837,46.74,67.04,27.59,5.82
5,85.41,0.042,0.969,96.69,-3.3,4.52,85.41,0.066,0.912,91.34,-4.86,6.68,85.41,0.865,0.745,70.11,-44.97,66.61,40.41,0.425,0.636,59.12,1.84,27.94,235.41,0.878,0.836,30.8,57.29,-86.46,6.68
5,290.64,0.005,0.999,99.54,0.6,-0.5,290.64,0.065,0.923,89.2,7.08,-5.86,290.64,0.508,0.649,46.18,42.87,-33.15,245.64,0.684,0.691,32.1,40.44,-62.59,110.64,0.82,0.962,85.6,-75.66,75.52,5.16
5,228.48,0.008,0.998,99.31,0.15,-0.78,228.48,0.056,0.961,92.72,1.16,-5.68,228.48,0.772,0.629,29.95,27.89,-56.73,258.48,0.642,0.766,40.49,45.4,-60.08,228.48,0.2,0.5,45.45,2.85,-12.03,7.18
5,317.94,0.101,0.076,5.56,1.05,-0.5,317.94,0.181,0.187,16.84,5.37,-2.47,317.94,0.899,0.711,41.21,67.54,-20.69,2.94,0.606,0.752,49.02,44.02,25.69,137.94,0.833,0.892,79.86,-71.07,51.54,7.53
5,7.97,0.9,0.9,50.83,66.14,56.76,120.52,0.119,0.217,22.37,-4.34,3.14,120.52,0.798,0.809,72.83,-69.05,63.74,90.52,0.739,0.569,54.69,-35.92,48.35,300.52,0.862,0.885,54.53,86.2,-52.97,1.0
5,265.28,0.005,0.977,97.61,0.36,-0.49,265.28,0.004,0.979,97.83,0.31,-0.43,265.28,0.784,0.789,36.57,59.89,-69.84,310.28,0.618,0.641,43.41,51.77,-25.83,265.28,0.2,0.5,45.0,9.6,-12.61,5.94
5,205.93,0.149,0.061,4.26,-0.24,-0.65,205.93,0.204,0.209,19.76,-1.42,-3.9,205.93,0.898,0.836,53.0,1.85,-50.3,235.93,0.586,0.642,35.69,24.74,-49.35,25.93,0.949,0.801,52.87,39.87,59.62,7.5
5,308.78,0.017,0.974,96.68,2.02,-1.22,308.78,0.036,0.92,90.74,4.18,-2.52,308.78,0.668,0.606,39.93,53.05,-27.29,278.78,0.527,0.526,35.19,33.24,-31.91,128.78,0.949,0.95,83.94,-81.19,73.3,4.46
5,304.41,0.001,0.953,95.77,0.16,-0.11,304.41,0.051,0.973,94.49,6.33,-4.14,304.41,0.857,0.625,38.2,64.43,-35.94,334.41,0.651,0.54,34.32,41.8,-2.67,94.41,0.906,0.89,80.82,-62.86,76.2,5.92
5,181.78,0.9,0.9,81.2,-41.03,-15.61,256.97,0.044,0.961,93.29,2.99,-4.89,256.97,0.504,0.757,47.51,33.31,-47.37,211.97,0.656,0.638,43.9,1.85,-35.67,46.97,0.895,0.989,83.74,3.17,81.66,1.0
5,294.71,0.267,0.063,3.81,2.0,-1.57,294.71,0.219,0.218,19.42,7.8,-5.88,294.71,0.74,0.806,49.82,71.88,-50.38,264.71,0.466,0.797,53.38,34.95,-43.65,144.71,0.848,0.973,86.51,-73.45,45.89,8.42
5,257.49,0.279,0.088,5.27,2.07,-3.52,257.49,0.3,0.134,8.97,4.25,-6.55,257.49,0.655,0.863,44.48,50.68,-67.68,302.49,0.597,0.783,53.98,61.53,-37.39,77.49,0.901,0.847,79.92,-41.82,76.43,9.01
5,188.56,0.299,0.074,5.3,-1.53,-1.06,188.56,0.257,0.137,12.39,-3.08,-2.01,188.56,0.615,0.689,61.26,-22.53,-16.17,218.56,0.658,0.752,47.29,10.88,-47.17,8.56,0.904,0.811,46.03,60.57,52.55,8.85
5,161.41,0.171,0.074,5.68,-1.43,0.14,161.41,0.185,0.141,13.48,-3.53,0.37,161.41,0.667,0.862,79.41,-49.4,11.1,191.41,0.748,0.597,50.48,-18.98,-19.29,311.41,0.937,0.868,50.82,81.96,-34.71,9.01
5,77.91,0.1,0.4,42.65,-3.25,5.36,77.91,0.1,0.4,42.65,-3.25,5.36,77.91,0.1,0.4,42.65,-3.25,5.36,47.91,0.1,0.4,42.3,-0.8,4.91,227.91,0.1,0.4,39.92,0.99,-4.92,1.0
5,283.9,0.287,0.12,8.24,5.42,-4.94,283.9,0.216,0.146,11.83,4.79,-4.39,283.9,0.767,0.872,48.3,72.41,-62.48,328.9,0.544,0.74,51.07,47.32,-9.61,103.9,0.872,0.98,87.28,-74.7,79.71,8.37
5,1.46,0.9,0.9,49.05,71.18,55.53,52.34,0.063,0.972,96.65,-1.65,6.75,52.34,0.727,0.647,61.59,-6.29,54.22,97.34,0.459,0.763,73.14,-34.03,39.06,202.34,0.924,0.917,60.72,-4.09,-49.54,1.0
5,215.38,0.0,0.96,96.45,-0.0,-0.02,215.38,0.076,0.941,90.72,-0.48,-6.08,215.38,0.781,0.96,55.93,15.3,-63.28,245.38,0.775,0.791,32.02,53.25,-77.77,5.38,0.882,0.892,49.92,67.13,54.41,8.24
5,72.66,0.038,0.986,98.4,-2.32,4.33,72.66,0.071,0.944,94.4,-4.15,7.83,72.66,0.612,0.986,93.98,-31.18,68.09,42.66,0.624,0.632,56.51,2.59,41.92,252.66,0.96,0.906,31.36,72.75,-95.76,4.42
5,269.95,0.235,0.056,3.33,1.01,-1.28,269.95,0.206,0.132,10.31,3.45,-4.15,269.95,0.764,0.69,33.93,54.33,-59.24,239.95,0.428,0.583,38.85,16.96,-35.03,269.95,0.2,0.5,45.19,10.31,-12.32,2.94
5,237.1,0.1,0.4,39.46,1.95,-5.6,237.1,0.1,0.4,39.46,1.95,-5.6,237.1,0.1,0.4,39.46,1.95,-5.6,267.1,0.1,0.4,39.73,4.0,-5.16,87.1,0.1,0.4,42.51,-3.87,5.15,1.0
5,297.95,0.011,0.952,95.09,1.39,-1.02,297.95,0.04,0.955,93.59,4.81,-3.53,297.95,0.788,0.725,45.17,70.16,-45.88,342.95,0.689,0.56,34.27,43.63,6.31,87.95,0.933,0.897,82.16,-57.63,78.4,5.93
5,180.3,0.149,0.107,9.49,-1.89,-0.66,180.3,0.285,0.124,11.16,-3.98,-1.35,180.3,0.886,0.823,76.34,-40.34,-12.43,135.3,0.413,0.735,69.89,-36.43,21.88,330.3,0.977,0.994,54.75,83.87,3.57,7.74
5,220.76,0.018,0.977,96.91,0.07,-1.63,220.76,0.007,0.947,94.9,0.02,-0.62,220.76,0.811,0.896,46.66,26.7,-69.16,265.76,0.602,0.685,39.65,41.32,-49.21,70.76,0.804,0.882,84.59,-32.16,76.52,3.29
5,340.3,0.276,0.089,5.65,3.05,-0.21,340.3,0.252,0.157,12.48,5.6,-0.39,340.3,0.845,0.713,40.09,60.68,11.62,10.3,0.512,0.569,42.43,24.17,18.51,190.3,0.917,0.915,73.43,-27.35,-29.52,7.05
5,279.94,0.046,0.96,93.41,4.51,-4.54,279.94,0.07,0.957,91.54,6.84,-6.86,279.94,0.731,0.843,46.48,66.24,-61.29,249.94,0.573,0.57,31.89,28.28,-44.25,99.94,0.979,0.82,74.21,-66.1,72.28,5.66
5,203.52,0.009,0.965,96.53,-0.28,-0.55,203.52,0.018,0.964,96.06,-0.57,-1.13,203.52,0.646,0.722,54.67,-7.93,-31.09,173.52,0.497,0.718,68.93,-29.62,-3.36,203.52,0.2,0.5,48.52,-3.42,-7.41,3.43
5,284.05,0.282,0.095,6.1,3.75,-3.35,284.05,0.149,0.132,11.17,3.01,-2.78,284.05,0.819,0.761,40.82,67.72,-58.41,239.05,0.459,0.734,47.01,21.88,-44.84,134.05,0.994,0.962,84.91,-81.58,70.62,8.0
5,109.23,0.128,0.102,8.89,-2.16,1.6,109.23,0.214,0.168,16.52,-5.56,4.91,109.23,0.761,0.814,74.05,-62.84,63.19,79.23,0.478,0.622,61.99,-21.13,36.62,289.23,0.89,0.82,44.83,76.96,-60.53,8.08
5,232.4,0.046,0.958,93.04,1.31,-4.9,232.4,0.015,0.948,94.34,0.42,-1.59,232.4,0.681,0.815,41.35,33.52,-66.05,187.4,0.615,0.517,47.29,-18.88,-12.12,22.4,0.856,0.946,62.0,45.89,61.92,7.42
5,212.39,0.007,0.967,96.75,-0.1,-0.57,212.39,0.044,0.975,95.51,-0.59,-3.41,212.39,0.622,0.701,49.02,1.73,-36.94,242.39,0.674,0.669,31.07,37.69,-61.01,62.39,0.835,0.815,80.5,-20.87,75.6,4.64
5,255.55,0.214,0.082,5.27,1.41,-2.48,255.55,0.129,0.164,14.78,2.0,-3.35,255.55,0.814,0.824,33.93,60.69,-79.39,285.55,0.799,0.504,27.4,48.89,-40.93,45.55,0.88,0.839,71.24,4.69,70.45,6.69
5,359.43,0.287,0.08,4.82,2.24,0.76,359.43,0.179,0.198,17.74,4.19,1.5,359.43,0.655,0.81,49.73,53.41,28.9,329.43,0.54,0.743,51.36,47.01,-9.13,209.43,0.925,0.946,55.0,11.6,-62.79,10.0
5,25.88,0.017,0.984,97.93,0.47,1.13,25.88,0.005,0.922,92.9,0.13,0.31,25.88,0.545,0.721,58.03,17.25,32.2,355.88,0.536,0.731,49.54,40.92,15.61,25.88,0.2,0.5,48.66,3.72,8.17,5.48
5,138.66,0.205,0.123,11.13,-4.11,2.04,138.66,0.277,0.166,15.9,-7.16,3.64,138.66,0.864,0.804,72.58,-66.36,48.24,108.66,0.586,0.583,55.47,-39.56,38.63,288.66,0.906,0.898,48.44,82.75,-66.0,7.99
5,63.73,0.024,0.973,97.48,-1.15,2.8,63.73,0.033,0.968,96.95,-1.6,3.9,63.73,0.892,0.706,70.4,-20.67,69.33,33.73,0.784,0.645,50.42,16.26,47.25,63.73,0.2,0.5,52.62,-5.24,13.69,1.0
5,29.82,0.133,0.082,6.39,0.3,1.03,29.82,0.21,0.19,18.11,1.27,4.15,29.82,0.623,0.887,69.78,19.61,46.73,359.82,0.468,0.704,50.41,33.88,15.23,209.82,0.902,0.844,49.73,9.83,-56.7,8.67
5,359.02,0.27,0.074,4.45,1.85,0.61,359.02,0.278,0.179,14.19,6.14,2.22,359.02,0.505,0.074,3.41,3.12,1.03,44.02,0.602,0.586,53.52,0.96,38.71,179.02,0.897,0.876,80.94,-43.8,-11.03,5.09
5,16.03,0.019,0.995,98.53,0.97,1.05,16.03,0.034,0.935,92.61,1.6,1.74,16.03,0.527,0.782,58.97,27.09,27.99,331.03,0.501,0.766,54.36,44.47,-7.78,196.03,0.832,0.828,63.12,-17.21,-33.3,4.91
5,23.57,0.9,0.9,58.72,44.94,62.41,41.43,0.169,0.189,18.9,-0.09,4.05,41.43,0.638,0.697,61.1,4.36,45.69,86.43,0.741,0.659,63.14,-37.36,55.04,251.43,0.803,0.873,35.44,61.66,-84.19,1.0
5,88.83,0.1,0.4,42.49,-3.99,5.11,88.83,0.1,0.4,42.49,-3.99,5.11,88.83,0.1,0.4,42.49,-3.99,5.11,43.83,0.1,0.4,42.1,-0.39,4.61,298.83,0.1,0.4,40.23,6.09,-4.36,1.0
5,163.53,0.009,0.955,95.88,-0.8,0.03,163.53,0.011,0.925,93.16,-1.03,0.04,163.53,0.681,0.658,62.07,-39.44,6.99,118.53,0.635,0.779,71.33,-58.36,51.7,313.53,0.89,0.834,49.05,77.71,-30.59,4.26
5,91.97,0.156,0.095,8.01,-1.22,1.93,91.97,0.25,0.212,21.63,-6.14,7.51,91.97,0.587,0.865,81.2,-42.76,55.52,121.97,0.431,0.52,50.36,-30.94,24.09,301.97,0.878,0.936,57.05,89.9,-53.22,8.62
5,81.33,0.213,0.07,5.32,-1.22,1.77,81.33,0.176,0.183,18.7,-3.16,4.85,81.33,0.614,0.07,4.97,-3.14,4.33,51.33,0.702,0.757,70.63,-5.91,59.13,291.33,0.956,0.933,51.13,87.57,-66.53,4.24
5,346.99,0.194,0.142,11.68,3.73,0.22,346.99,0.173,0.146,12.43,3.41,0.2,346.99,0.529,0.736,50.43,42.13,7.07,16.99,0.503,0.508,39.97,17.26,18.82,166.99,0.947,0.979,88.14,-60.64,10.89,6.37
5,143.42,0.018,0.966,96.65,-1.94,0.78,143.42,0.046,0.931,92.96,-4.78,1.95,143.42,0.661,0.657,61.3,-46.73,25.98,98.42,0.514,0.752,71.55,-37.85,42.99,323.42,0.971,0.833,46.8,75.38,-11.18,6.94
5,136.89,0.023,0.995,99.05,-2.66,1.33,136.89,0.073,0.94,93.14,-8.02,4.08,136.89,0.689,0.792,72.4,-58.27,39.14,91.89,0.696,0.782,73.41,-45.29,59.27,316.89,0.816,0.836,49.88,74.13,-25.83,6.98
5,303.25,0.006,0.989,98.65,0.73,-0.49,303.25,0.031,0.955,94.17,3.81,-2.56,303.25,0.617,0.808,54.87,64.57,-38.45,258.25,0.793,0.503,20.87,40.26,-51.65,153.25,0.8,0.935,84.12,-64.3,28.54,4.26
5,355.07,0.231,0.142,11.17,4.23,1.07,355.07,0.148,0.152,13.39,2.83,0.68,355.07,0.645,0.852,52.74,55.5,23.62,25.07,0.769,0.764,54.47,30.0,48.37,205.07,0.978,0.89,54.76,4.24,-55.31,7.72
5,231.89,0.134,0.149,13.11,0.83,-3.06,231.89,0.145,0.145,12.47,0.88,-3.22,231.89,0.69,0.834,42.08,34.1,-67.52,276.89,0.712,0.691,37.97,54.1,-52.79,81.89,0.819,0.808,76.26,-42.61,69.76,4.53
5,323.47,0.235,0.11,8.01,3.56,-1.31,323.47,0.163,0.206,19.12,5.03,-1.91,323.47,0.522,0.87,60.78,53.29,-16.25,353.47,0.706,0.733,43.83,53.34,22.56,323.47,0.2,0.5,46.11,13.0,-4.8,5.71
5,270.99,0.046,0.965,93.7,3.96,-4.75,270.99,0.007,0.945,94.68,0.55,-0.67,270.99,0.693,0.816,43.72,57.59,-62.02,225.99,0.712,0.75,40.21,24.25,-58.21,90.99,0.894,0.824,75.91,-55.51,72.01,5.63
5,264.17,0.043,0.982,95.33,3.35,-4.64,264.17,0.05,0.979,94.48,3.94,-5.45,264.17,0.845,0.82,35.17,65.02,-76.75,234.17,0.635,0.703,37.23,28.27,-56.12,114.17,0.941,0.963,85.01,-81.69,79.88,3.15
5,55.57,0.043,1.0,99.5,-1.48,4.98,55.57,0.053,0.978,97.51,-1.77,5.98,55.57,0.588,0.849,81.86,-11.34,58.34,25.57,0.413,0.642,55.46,11.13,21.54,55.57,0.2,0.5,52.21,-3.54,13.16,1.0
5,311.8,0.1,0.4,40.19,5.75,-3.19,311.8,0.1,0.4,40.19,5.75,-3.19,311.8,0.1,0.4,40.19,5.75,-3.19,356.8,0.1,0.4,39.95,4.21,1.18,131.8,0.1,0.4,42.11,-5.67,3.3,1.0
5,313.37,0.013,0.989,98.21,1.57,-0.85,313.37,0.041,0.91,89.58,4.52,-2.44,313.37,0.659,0.623,40.85,52.36,-23.34,283.37,0.528,0.659,44.74,41.96,-37.0,133.37,0.842,0.845,75.89,-70.05,55.65,5.64
5,100.18,0.163,0.104,9.04,-2.47,2.25,100.18,0.125,0.145,14.22,-2.54,2.6,100.18,0.828,0.646,60.17,-50.05,56.44,130.18,0.42,0.711,67.65,-37.17,25.0,250.18,0.887,0.84,30.37,65.2,-87.84,6.23
5,2.31,0.1,0.4,40.05,3.87,1.66,2.31,0.1,0.4,40.05,3.87,1.66,2.31,0.1,0.4,40.05,3.87,1.66,332.31,0.1,0.4,40.08,5.03,-1.2,182.31,0.1,0.4,42.23,-3.67,-1.51,1.0
5,110.01,0.027,0.953,95.25,-2.99,2.54,110.01,0.054,0.964,95.66,-6.05,5.16,110.01,0.889,0.953,84.58,-77.65,78.02,65.01,0.758,0.537,54.63,-16.57,50.91,290.01,0.811,0.815,46.53,73.97,-56.95,6.24
5,51.71,0.9,0.9,81.05,-5.46,79.27,102.79,0.194,0.174,17.33,-4.75,4.68,102.79,0.633,0.892,81.94,-55.04,59.23,147.79,0.551,0.639,60.67,-38.35,17.11,312.79,0.942,0.967,56.15,88.47,-34.83,1.0
5,315.25,0.1,0.4,40.17,5.63,-2.85,315.25,0.1,0.4,40.17,5.63,-2.85,315.25,0.1,0.4,40.17,5.63,-2.85,270.25,0.1,0.4,39.78,4.21,-5.08,165.25,0.1,0.4,42.27,-4.45,0.08,1.0
5,342.54,0.147,0.08,5.67,1.4,-0.06,342.54,0.229,0.163,13.46,5.15,-0.14,342.54,0.669,0.08,3.07,4.98,0.05,27.54,0.475,0.718,60.37,12.99,28.37,162.54,0.936,0.95,85.49,-62.98,18.59,5.36
5,128.33,0.9,0.9,80.03,-76.86,68.05,66.15,0.24,0.159,15.95,-2.62,6.26,66.15,0.802,0.74,73.09,-23.1,67.63,21.15,0.402,0.706,59.52,14.59,20.77,276.15,0.836,0.897,43.88,74.12,-73.49,2.28
5,242.44,0.284,0.09,5.23,1.55,-3.93,242.44,0.126,0.218,20.36,1.85,-4.39,242.44,0.705,0.743,32.92,43.87,-69.06,212.44,0.443,0.706,55.95,-1.12,-26.63,62.44,0.895,0.982,94.94,-24.74,89.97,5.14
5,345.08,0.252,0.13,9.69,4.59,0.12,345.08,0.125,0.152,13.81,2.56,0.02,345.08,0.542,0.891,59.86,50.79,6.74,300.08,0.709,0.791,51.68,71.52,-44.97,135.08,0.842,0.846,76.01,-69.55,53.57,9.78
5,116.34,0.159,0.122,11.15,-3.41,2.65,116.34,0.195,0.149,14.27,-4.97,3.89,116.34,0.728,0.621,57.52,-52.47,48.74,161.34,0.674,0.55,52.43,-34.87,7.73,296.34,0.856,0.893,53.21,84.87,-57.34,9.04
5,341.42,0.011,0.972,96.81,1.03,-0.08,341.42,0.025,0.912,90.68,2.25,-0.18,341.42,0.641,0.762,48.19,52.87,4.9,11.42,0.405,0.739,58.97,22.13,17.64,161.42,0.937,0.891,80.59,-60.81,19.59,5.07
5,335.7,0.026,0.998,98.08,2.71,-0.51,335.7,0.028,0.945,93.31,2.75,-0.52,335.7,0.576,0.843,55.94,53.52,-3.08,290.7,0.619,0.688,44.9,53.7,-41.0,155.7,0.916,0.918,82.5,-65.99,29.37,4.03
5,74.52,0.163,0.058,4.28,-0.6,1.03,74.52,0.179,0.194,20.11,-2.92,5.35,74.52,0.585,0.826,80.15,-27.68,56.45,44.52,0.5,0.68,63.12,-0.31,36.71,224.52,0.823,0.85,40.91,33.6,-71.88,5.8
5,62.07,0.008,0.992,99.21,-0.38,0.97,62.07,0.003,0.964,96.83,-0.15,0.39,62.07,0.616,0.745,74.65,-16.54,56.81,17.07,0.729,0.531,36.11,27.97,30.61,62.07,0.2,0.5,52.68,-4.96,13.79,1.0
5,131.82,0.164,0.06,4.31,-1.15,0.66,131.82,0.11,0.162,16.18,-2.93,1.7,131.82,0.53,0.686,64.44,-43.85,29.96,101.82,0.446,0.743,71.15,-34.65,36.63,311.82,0.886,0.89,52.56,82.3,-35.04,10.0
5,338.22,0.164,0.059,3.88,0.95,-0.12,338.22,0.296,0.164,12.64,6.98,-0.71,338.22,0.673,0.627,39.06,47.68,1.51,308.22,0.736,0.545,34.52,52.27,-26.89,128.22,0.847,0.803,72.33,-68.89,59.32,7.65
5,274.52,0.03,0.982,96.31,2.8,-3.13,274.52,0.021,0.908,90.43,1.83,-2.05,274.52,0.717,0.982,52.32,70.78,-71.83,244.52,0.666,0.589,27.85,33.72,-53.87,124.52,0.999,0.875,77.78,-77.57,73.5,4.6
5,95.85,0.284,0.093,7.61,-3.37,3.55,95.85,0.13,0.134,12.91,-2.32,2.58,95.85,0.76,0.71,66.42,-47.82,58.02,140.85,0.529,0.524,50.28,-33.27,18.24,95.85,0.2,0.5,51.53,-10.65,12.02,6.66
5,76.13,0.144,0.134,12.95,-1.78,3.09,76.13,0.217,0.151,14.93,-2.96,5.2,76.13,0.6,0.664,65.47,-24.84,48.16,121.13,0.494,0.686,64.57,-43.78,35.5,286.13,0.866,0.944,50.28,83.39,-69.58,8.28
5,141.82,0.1,0.4,42.16,-5.31,2.33,141.82,0.1,0.4,42.16,-5.31,2.33,141.82,0.1,0.4,42.16,-5.31,2.33,186.82,0.1,0.4,42.0,-3.21,-1.85,291.82,0.1,0.4,40.12,5.63,-4.54,1.0
5,214.94,0.203,0.141,11.96,-0.24,-3.35,214.94,0.266,0.162,13.46,-0.27,-4.95,214.94,0.503,0.813,60.04,2.08,-35.77,169.94,0.593,0.766,72.25,-37.32,0.01,214.94,0.2,0.5,47.11,-0.57,-9.53,4.37
5,233.4,0.02,0.961,95.14,0.6,-2.15,233.4,0.014,0.958,95.26,0.42,-1.52,233.4,0.8,0.659,27.57,38.2,-65.17,263.4,0.675,0.738,38.5,48.53,-59.11,83.4,0.978,0.925,85.05,-55.09,81.92,2.93
5,48.88,0.015,0.966,96.73,-0.29,1.48,48.88,0.028,0.937,93.97,-0.54,2.77,48.88,0.701,0.745,68.22,-2.98,56.9,3.88,0.726,0.564,34.01,40.75,27.05,258.88,0.892,0.968,37.74,75.07,-94.03,6.06
5,206.52,0.125,0.085,6.59,-0.35,-0.99,206.52,0.215,0.145,12.64,-1.04,-3.04,206.52,0.702,0.085,4.12,-0.99,-4.7,176.52,0.674,0.707,67.03,-34.52,-6.19,356.52,0.937,0.96,51.63,76.75,56.42,4.57
5,294.2,0.9,0.9,51.76,85.61,-60.72,261.68,0.025,0.975,95.96,1.88,-2.76,261.68,0.528,0.669,41.57,33.58,-43.67,291.68,0.53,0.703,49.18,47.96,-36.27,111.68,0.946,0.905,80.52,-77.15,76.41,1.41
5,165.26,0.03,0.979,97.57,-2.77,0.02,165.26,0.077,0.924,91.82,-6.8,0.1,165.26,0.805,0.817,75.15,-50.52,8.88,210.26,0.401,0.628,52.27,-2.71,-20.9,345.26,0.879,0.884,48.73,71.87,26.34,6.47
5,43.51,0.049,0.971,96.29,-0.4,4.62,43.51,0.051,0.9,90.03,-0.39,4.49,43.51,0.648,0.706,62.7,2.38,47.98,73.51,0.425,0.73,72.62,-18.73,38.02,223.51,0.919,0.842,37.13,39.84,-77.02,7.2
5,350.76,0.128,0.075,5.34,1.03,0.13,350.76,0.198,0.172,14.86,4.39,0.64,350.76,0.719,0.664,39.46,50.38,18.17,305.76,0.506,0.533,39.34,38.38,-22.17,140.76,0.98,0.807,72.59,-68.94,52.19,7.98
5,149.97,0.231,0.078,5.97,-2.26,0.72,149.97,0.29,0.142,13.16,-6.05,2.01,149.97,0.812,0.709,65.29,-53.79,27.19,179.97,0.482,0.606,59.29,-23.1,-7.15,329.97,0.898,0.831,46.74,72.26,-2.03,8.18
5,150.29,0.04,0.989,98.17,-4.21,1.24,150.29,0.02,0.921,92.6,-1.96,0.57,150.29,0.7,0.889,80.82,-58.49,26.8,105.29,0.763,0.598,55.91,-47.36,49.82,300.29,0.897,0.861,52.76,85.63,-52.8,4.76
5,275.84,0.048,0.995,96.19,4.53,-4.92,275.84,0.008,0.936,93.86,0.69,-0.75,275.84,0.781,0.995,50.56,76.98,-76.44,245.84,0.72,0.781,34.45,48.0,-72.2,125.84,0.883,0.891,79.33,-76.33,68.96,5.03
5,289.17,0.037,0.971,95.02,4.1,-3.5,289.17,0.071,0.907,87.49,7.48,-6.34,289.17,0.557,0.886,59.29,59.25,-46.77,334.17,0.755,0.609,36.16,51.45,-1.03,289.17,0.2,0.5,45.98,13.28,-11.04,5.11
5,357.19,0.291,0.142,10.41,5.35,1.68,357.19,0.118,0.196,18.64,2.73,0.8,357.19,0.851,0.7,38.57,57.9,37.26,312.19,0.799,0.755,46.03,69.43,-30.4,147.19,0.988,0.831,74.79,-67.87,44.18,6.79
5,167.62,0.145,0.073,5.64,-1.14,-0.04,167.62,0.259,0.181,17.81,-5.73,-0.08,167.62,0.754,0.658,61.98,-39.87,3.85,122.62,0.638,0.652,60.52,-50.87,42.76,17.62,0.952,0.977,58.2,61.5,66.34,9.8
5,220.67,0.042,0.952,93.23,0.17,-3.74,220.67,0.013,0.974,96.89,0.04,-1.18,220.67,0.887,0.617,29.64,23.4,-55.31,175.67,0.476,0.792,75.57,-30.04,-5.32,10.67,0.936,0.913,51.76,66.09,60.34,8.54
5,247.64,0.288,0.056,3.07,0.78,-1.71,247.64,0.265,0.154,11.28,3.48,-6.82,247.64,0.548,0.814,46.57,35.05,-57.24,202.64,0.408,0.722,62.0,-8.32,-19.67,67.64,0.833,0.831,80.8,-27.6,75.27,9.29
5,341.86,0.03,0.952,93.78,2.87,-0.2,341.86,0.067,0.912,88.07,6.12,-0.38,341.86,0.821,0.781,44.32,63.95,13.88,11.86,0.681,0.721,47.94,38.92,33.81,131.86,0.874,0.946,83.9,-78.17,65.12,5.57
5,293.02,0.9,0.9,51.09,84.97,-61.83,359.02,0.023,0.933,92.6,1.84,0.61,359.02,0.701,0.678,40.5,49.12,27.36,44.02,0.576,0.729,65.97,0.93,44.35,149.02,0.911,0.941,83.98,-71.47,41.34,1.11
5,287.49,0.169,0.144,12.27,3.84,-3.32,287.49,0.3,0.166,12.79,7.85,-6.67,287.49,0.746,0.602,34.97,54.41,-43.9,242.49,0.633,0.749,37.19,37.87,-62.96,77.49,0.862,0.82,77.78,-39.66,73.28,6.46
5,335.89,0.112,0.069,4.84,0.87,-0.15,335.89,0.225,0.185,15.85,5.91,-0.93,335.89,0.566,0.884,58.98,54.7,-3.11,305.89,0.477,0.587,44.13,39.3,-22.76,125.89,0.884,0.805,72.34,-70.62,63.67,9.88
5,294.96,0.047,1.0,96.96,5.73,-4.41,294.96,0.069,0.918,88.61,7.85,-6.03,294.96,0.667,0.627,40.69,54.78,-38.4,339.96,0.666,0.669,41.81,49.47,3.42,84.96,0.907,0.983,89.86,-57.21,84.15,5.26
5,246.2,0.137,0.08,5.54,0.71,-1.59,246.2,0.2,0.202,17.14,3.13,-6.48,246.2,0.635,0.732,36.84,38.5,-60.98,201.2,0.53,0.736,60.15,-10.61,-24.54,246.2,0.2,0.5,44.27,6.73,-13.78,3.99
5,82.66,0.181,0.145,14.19,-2.74,4.07,82.66,0.116,0.214,22.43,-2.46,3.62,82.66,0.656,0.145,13.19,-9.23,13.66,127.66,0.532,0.694,65.0,-45.41,33.61,262.66,0.989,0.91,34.01,75.41,-91.9,1.09
5,320.21,0.143,0.084,6.1,1.73,-0.76,320.21,0.214,0.219,19.51,7.15,-3.02,320.21,0.686,0.775,49.11,62.04,-20.02,275.21,0.667,0.556,31.49,42.21,-42.53,170.21,0.866,0.942,85.61,-54.17,3.19,9.61
5,256.12,0.014,0.95,94.54,0.93,-1.56,256.12,0.045,0.955,92.76,2.93,-4.9,256.12,0.657,0.95,48.36,54.38,-73.94,226.12,0.687,0.737,40.67,22.44,-55.64,106.12,0.947,0.941,83.67,-76.75,79.11,4.55
5,340.87,0.159,0.076,5.27,1.4,-0.11,340.87,0.241,0.191,16.12,6.29,-0.36,340.87,0.704,0.877,52.93,63.87,7.47,310.87,0.466,0.624,46.87,39.25,-20.15,130.87,0.811,0.811,73.13,-67.37,54.7,9.93
5,240.95,0.116,0.132,11.27,1.05,-2.63,240.95,0.241,0.146,10.79,2.56,-6.08,240.95,0.657,0.786,37.4,41.09,-68.15,210.95,0.564,0.73,53.83,-0.93,-33.6,30.95,0.896,0.89,63.29,31.65,65.5,7.68
5,223.75,0.18,0.078,5.36,0.2,-1.65,223.75,0.295,0.148,11.15,0.95,-5.98,223.75,0.552,0.69,45.54,11.5,-40.74,253.75,0.703,0.742,35.07,47.16,-65.33,13.75,0.924,0.863,50.55,59.04,57.83,8.81
5,136.06,0.201,0.063,4.56,-1.49,0.78,136.06,0.299,0.169,16.17,-7.98,4.39,136.06,0.619,0.658,61.46,-46.82,30.6,166.06,0.514,0.776,73.5,-35.44,2.8,346.06,0.802,0.807,45.96,64.08,20.02,9.18
5,215.61,0.25,0.065,4.1,-0.07,-1.41,215.61,0.143,0.22,21.25,-0.21,-3.48,215.61,0.595,0.762,52.27,4.98,-40.64,260.61,0.442,0.732,50.0,29.13,-39.54,35.61,0.828,0.92,70.47,20.88,66.78,8.41
5,328.9,0.9,0.9,50.65,77.17,-3.92,196.24,0.268,0.134,11.51,-2.3,-2.69,196.24,0.822,0.636,49.27,-14.13,-26.95,166.24,0.593,0.715,67.65,-37.0,3.41,16.24,0.921,0.94,56.15,59.65,62.56,1.0
5,11.76,0.241,0.081,5.4,1.41,1.07,11.76,0.227,0.123,9.67,2.5,2.01,11.76,0.501,0.651,49.12,25.21,20.77,56.76,0.473,0.762,75.43,-10.35,44.21,161.76,0.905,0.924,83.36,-61.44,18.5,9.14
5,130.35,0.198,0.061,4.35,-1.42,0.85,130.35,0.107,0.167,16.75,-2.93,1.76,130.35,0.549,0.789,73.03,-50.9,36.22,175.35,0.589,0.603,58.21,-28.46,-4.39,340.35,0.963,0.888,48.26,74.55,23.39,9.44
5,5.08,0.9,0.9,49.92,68.7,56.13,266.91,0.044,0.971,94.33,3.58,-4.67,266.91,0.82,0.739,33.33,59.48,-67.72,221.91,0.775,0.667,35.56,20.0,-53.43,116.91,0.87,0.921,81.82,-77.99,74.9,1.78
5,205.85,0.204,0.076,5.39,-0.47,-1.29,205.85,0.106,0.135,12.5,-0.55,-1.39,205.85,0.887,0.882,56.2,1.41,-51.88,160.85,0.41,0.563,55.28,-23.8,3.97,355.85,0.896,0.86,46.77,69.59,46.57,9.07
5,110.24,0.22,0.132,12.21,-4.69,4.07,110.24,0.203,0.19,18.98,-5.89,5.11,110.24,0.89,0.697,63.65,-61.06,61.26,80.24,0.783,0.724,69.41,-36.31,62.62,290.24,0.916,0.948,51.81,87.31,-67.52,8.6
5,15.46,0.236,0.082,5.61,1.25,1.2,15.46,0.265,0.205,18.05,4.05,4.11,15.46,0.881,0.629,38.43,41.86,43.22,345.46,0.748,0.773,45.36,59.41,15.06,15.46,0.2,0.5,47.44,6.32,6.43,3.82
5,245.18,0.035,0.954,93.25,1.76,-3.97,245.18,0.061,0.953,91.13,3.14,-7.02,245.18,0.663,0.771,37.01,42.34,-66.59,200.18,0.558,0.549,45.44,-9.38,-19.66,65.18,0.828,0.98,94.2,-27.9,86.1,4.54
5,161.16,0.232,0.08,6.2,-2.18,0.25,161.16,0.168,0.167,16.62,-3.73,0.41,161.16,0.698,0.823,75.91,-49.22,11.78,116.16,0.766,0.658,60.51,-56.43,53.09,11.16,0.806,0.828,50.4,53.03,47.2,9.63
5,64.98,0.1,0.4,42.83,-2.36,5.66,64.98,0.1,0.4,42.83,-2.36,5.66,64.98,0.1,0.4,42.83,-2.36,5.66,34.98,0.1,0.4,41.66,0.51,3.98,274.98,0.1,0.4,39.85,4.52,-4.96,1.0
5,327.15,0.023,0.997,98.24,2.52,-0.85,327.15,0.024,0.921,91.51,2.44,-0.82,327.15,0.543,0.674,46.81,44.13,-10.45,12.15,0.753,0.646,41.25,39.41,35.4,147.15,0.977,0.872,78.12,-70.14,45.42,5.57
5,257.33,0.008,0.964,96.19,0.56,-0.92,257.33,0.056,0.914,88.47,3.62,-5.87,257.33,0.821,0.964,40.04,70.04,-89.65,227.33,0.714,0.758,39.72,26.63,-60.22,77.33,0.89,0.903,84.69,-43.44,79.98,5.6
5,16.18,0.151,0.095,7.49,1.05,1.09,16.18,0.207,0.163,14.44,2.46,2.63,16.18,0.831,0.095,3.91,4.78,4.01,61.18,0.599,0.702,70.88,-14.84,52.99,196.18,0.924,0.962,70.26,-16.95,-40.9,3.96
5,39.7,0.152,0.127,11.72,0.03,2.51,39.7,0.166,0.189,18.8,0.07,3.87,39.7,0.809,0.127,8.68,1.74,10.22,354.7,0.682,0.758,45.98,53.12,23.27,189.7,0.818,0.828,68.85,-26.8,-24.48,5.27
5,154.7,0.237,0.089,7.12,-2.82,0.68,154.7,0.155,0.175,17.56,-3.75,0.87,154.7,0.539,0.897,82.93,-46.48,15.04,124.7,0.402,0.778,73.53,-39.63,29.32,4.7,0.901,0.858,47.52,66.52,53.99,8.75
5,202.85,0.163,0.078,5.75,-0.5,-1.01,202.85,0.173,0.138,12.4,-1.1,-2.15,202.85,0.768,0.758,54.3,-7.32,-37.02,172.85,0.703,0.54,51.88,-30.38,-1.91,52.85,0.848,0.907,83.04,-7.99,78.55,9.24
5,220.6,0.007,0.981,97.93,0.02,-0.65,220.6,0.001,0.912,92.1,0.0,-0.08,220.6,0.783,0.862,46.38,23.41,-64.74,190.6,0.499,0.572,52.1,-15.8,-12.93,70.6,0.976,0.878,83.79,-35.38,81.88,5.22
5,111.7,0.9,0.9,80.23,-75.49,74.9,125.91,0.207,0.181,17.87,-6.27,4.21,125.91,0.794,0.7,63.9,-60.64,52.31,155.91,0.486,0.739,70.17,-36.09,10.26,335.91,0.829,0.958,54.41,76.79,6.08,1.15
5,233.98,0.035,0.994,96.9,1.13,-3.9,233.98,0.07,0.978,92.87,2.32,-7.8,233.98,0.602,0.994,54.52,34.47,-70.31,263.98,0.525,0.79,49.4,39.3,-49.02,53.98,0.854,0.891,82.59,-9.68,78.47,4.75
5,14.16,0.046,0.966,94.57,2.46,2.34,14.16,0.051,0.97,94.64,2.71,2.58,14.16,0.827,0.862,53.17,52.39,51.69,344.16,0.532,0.792,54.14,45.53,4.83,224.16,0.902,0.867,38.42,40.68,-78.52,6.72
5,257.66,0.016,0.993,98.17,1.12,-1.81,257.66,0.05,0.903,87.9,3.23,-5.2,257.66,0.783,0.872,38.05,61.95,-79.66,302.66,0.409,0.753,58.76,42.2,-26.48,107.66,0.834,0.92,82.4,-71.95,73.92,5.75
5,185.23,0.01,0.963,96.51,-0.68,-0.35,185.23,0.004,0.918,92.62,-0.26,-0.14,185.23,0.826,0.827,72.52,-33.1,-18.7,140.23,0.544,0.501,48.12,-33.03,18.55,335.23,0.93,0.992,54.61,81.92,11.53,4.42
5,282.55,0.002,0.953,95.72,0.19,-0.19,282.55,0.024,0.946,93.67,2.36,-2.27,282.55,0.897,0.627,31.32,60.29,-53.82,327.55,0.654,0.546,35.03,43.66,-8.76,72.55,0.938,0.962,90.48,-40.17,86.52,5.56
5,95.27,0.05,0.964,95.96,-4.52,5.04,95.27,0.046,0.944,94.29,-4.16,4.63,95.27,0.661,0.61,58.35,-37.72,46.15,65.27,0.701,0.672,67.29,-19.12,57.39,275.27,0.943,0.979,44.12,82.76,-84.83,5.89
5,227.41,0.298,0.059,3.34,0.33,-1.68,227.41,0.144,0.196,18.21,0.78,-3.89,227.41,0.539,0.85,54.27,17.47,-50.14,257.41,0.484,0.527,34.21,23.57,-33.67,77.41,0.984,0.973,90.12,-49.02,86.65,7.69
5,145.53,0.02,0.982,97.94,-2.17,0.8,145.53,0.018,0.947,94.92,-1.94,0.72,145.53,0.646,0.809,74.35,-53.31,27.68,190.53,0.672,0.763,65.27,-23.25,-20.72,355.53,0.987,0.97,51.79,78.2,59.7,5.6
5,96.25,0.049,0.993,98.59,-4.61,5.04,96.25,0.005,0.965,96.81,-0.48,0.52,96.25,0.814,0.666,62.35,-48.03,57.67,141.25,0.476,0.65,62.0,-36.02,19.07,246.25,0.963,0.82,26.83,66.92,-90.75,7.99
5,169.62,0.039,0.98,97.46,-3.47,-0.3,169.62,0.012,0.951,95.44,-1.01,-0.09,169.62,0.835,0.704,65.81,-42.99,2.75,214.62,0.774,0.546,32.88,7.6,-39.04,319.62,0.977,0.829,47.01,76.44,-18.15,7.35
5,36.68,0.025,0.957,95.51,0.14,2.05,36.68,0.064,0.977,96.01,0.42,5.44,36.68,0.823,0.729,57.65,15.41,55.88,351.68,0.605,0.511,32.98,34.94,10.64,246.68,0.936,0.964,32.88,74.89,-101.68,7.98
5,207.03,0.9,0.9,55.68,4.52,-55.21,27.71,0.105,0.133,12.41,0.52,1.44,27.71,0.875,0.863,59.76,35.16,61.25,57.71,0.445,0.603,61.37,-8.88,34.86,177.71,0.991,0.914,83.78,-47.4,-8.92,1.03
5,78.27,0.1,0.15,15.02,-1.44,2.35,78.27,0.183,0.148,14.65,-2.59,4.29,78.27,0.806,0.778,74.27,-37.2,67.82,123.27,0.589,0.749,69.16,-53.5,43.74,228.27,0.918,0.901,36.09,52.16,-87.2,4.95
5,258.6,0.115,0.121,10.21,1.46,-2.27,258.6,0.107,0.138,12.25,1.51,-2.35,258.6,0.737,0.739,34.39,51.29,-66.0,288.6,0.689,0.633,38.7,53.84,-42.6,48.6,0.971,0.868,75.01,1.38,76.55,4.49
5,156.25,0.9,0.9,81.08,-64.12,27.27,68.4,0.195,0.165,16.77,-2.38,5.22,68.4,0.778,0.681,67.42,-23.47,61.7,98.4,0.638,0.523,50.37,-33.97,39.17,218.4,0.839,0.918,48.46,24.71,-69.45,1.26
5,275.46,0.262,0.146,11.05,5.23,-5.6,275.46,0.164,0.218,20.04,4.55,-4.91,275.46,0.856,0.709,33.71,62.17,-62.38,320.46,0.724,0.52,32.18,46.9,-14.73,65.46,0.975,0.887,85.8,-27.98,84.01,6.31
5,52.22,0.269,0.07,5.28,-0.53,2.17,52.22,0.245,0.143,13.69,-1.18,5.41,52.22,0.535,0.87,82.3,-7.76,52.62,22.22,0.543,0.689,54.24,19.79,29.11,232.22,0.983,0.99,34.74,70.17,-102.33,6.99
5,294.83,0.205,0.13,10.44,4.68,-3.54,294.83,0.131,0.123,10.47,2.84,-2.17,294.83,0.759,0.13,5.36,14.84,-11.27,339.83,0.537,0.519,35.92,33.26,0.25,144.83,0.809,0.977,87.07,-71.94,43.41,3.02
5,332.94,0.281,0.139,10.4,5.94,-1.22,332.94,0.277,0.171,13.65,6.96,-1.42,332.94,0.723,0.786,47.62,61.47,-3.44,17.94,0.595,0.564,42.05,22.33,25.54,122.94,0.935,0.924,81.78,-80.11,75.59,8.41
5,46.67,0.01,0.951,95.5,-0.15,0.93,46.67,0.05,0.979,97.17,-0.75,5.03,46.67,0.763,0.877,76.72,0.68,67.66,91.67,0.469,0.739,71.39,-30.83,39.63,226.67,0.817,0.919,42.82,39.76,-78.82,5.71
5,100.86,0.017,0.998,99.5,-1.69,1.69,100.86,0.021,0.934,93.82,-2.03,2.03,100.86,0.8,0.682,63.38,-51.51,57.61,145.86,0.501,0.591,56.7,-33.7,15.6,280.86,0.938,0.874,42.35,78.07,-72.65,8.65
5,124.87,0.171,0.127,11.76,-3.87,2.62,124.87,0.221,0.156,14.95,-5.94,4.07,124.87,0.8,0.859,77.0,-71.6,63.07,79.87,0.64,0.786,75.63,-33.01,57.58,274.87,0.935,0.983,44.3,82.73,-85.16,7.89
5,178.69,0.292,0.052,3.65,-1.12,-0.35,178.69,0.204,0.199,20.19,-4.43,-1.32,178.69,0.816,0.802,74.82,-40.08,-9.74,133.69,0.737,0.556,51.83,-46.89,34.24,28.69,0.93,0.954,64.86,39.81,69.15,8.39
5,135.78,0.143,0.144,13.89,-3.34,1.77,135.78,0.261,0.145,13.55,-6.14,3.36,135.78,0.542,0.712,66.67,-44.96,28.42,180.78,0.528,0.55,53.61,-22.36,-7.48,315.78,0.97,0.97,55.56,87.63,-28.33,9.93
5,124.7,0.016,0.996,99.28,-1.93,1.28,124.7,0.007,0.947,95.16,-0.83,0.55,124.7,0.694,0.893,80.3,-68.41,57.59,79.7,0.431,0.756,74.33,-22.81,38.72,124.7,0.2,0.5,50.84,-14.17,9.79,3.44
5,243.12,0.9,0.9,30.95,68.82,-95.66,253.69,0.01,0.963,95.95,0.64,-1.15,253.69,0.796,0.655,26.85,48.83,-65.68,208.69,0.519,0.584,45.79,-3.19,-24.43,73.69,0.893,0.971,91.19,-41.03,85.71,2.92
5,109.56,0.048,0.954,94.97,-5.23,4.49,109.56,0.042,0.92,92.1,-4.5,3.86,109.56,0.663,0.735,67.99,-52.9,52.06,154.56,0.683,0.749,69.47,-48.26,17.82,259.56,0.99,0.899,32.39,74.17,-93.01,6.29
5,317.66,0.276,0.108,7.47,4.36,-2.04,317.66,0.187,0.185,16.54,5.5,-2.55,317.66,0.564,0.108,5.26,8.79,-3.75,347.66,0.507,0.531,37.44,30.87,5.21,107.66,0.904,0.954,84.81,-77.03,78.83,5.08
5,302.95,0.046,0.978,95.21,5.8,-3.91,302.95,0.056,0.969,93.85,6.91,-4.65,302.95,0.674,0.864,56.74,72.92,-43.28,272.95,0.719,0.58,30.57,45.89,-47.84,152.95,0.806,0.864,78.31,-60.87,27.44,1.49
5,321.81,0.009,0.951,95.11,0.98,-0.42,321.81,0.071,0.956,91.68,7.75,-3.21,321.81,0.823,0.618,36.34,57.58,-14.71,276.81,0.636,0.701,41.45,49.44,-48.53,321.81,0.2,0.5,46.13,13.13,-5.19,7.57
5,113.29,0.271,0.117,10.22,-5.4,4.19,113.29,0.238,0.216,21.66,-7.98,6.63,113.29,0.88,0.716,65.09,-63.25,62.03,83.29,0.652,0.561,55.06,-27.75,44.12,293.29,0.855,0.873,50.51,81.72,-58.96,8.9
5,8.25,0.276,0.118,8.56,3.37,1.86,8.25,0.239,0.148,12.04,3.5,2.26,8.25,0.635,0.874,57.63,46.28,34.14,338.25,0.67,0.742,46.21,54.3,1.88,8.25,0.2,0.5,46.6,8.12,5.24,6.2
5,134.52,0.112,0.124,11.59,-2.33,1.26,134.52,0.253,0.203,20.14,-7.98,4.52,134.52,0.761,0.124,9.71,-13.53,8.34,164.52,0.563,0.584,56.23,-30.9,3.8,284.52,0.946,0.868,43.9,79.42,-69.17,2.66
5,47.85,0.9,0.9,77.65,1.4,76.66,73.47,0.274,0.127,11.95,-2.99,5.72,73.47,0.784,0.65,63.86,-27.38,58.79,43.47,0.416,0.671,63.23,-0.16,29.81,253.47,0.93,0.897,32.0,71.31,-93.4,3.34
5,204.27,0.291,0.134,10.87,-1.53,-3.64,204.27,0.222,0.174,15.88,-1.5,-3.48,204.27,0.79,0.841,58.03,-5.01,-43.07,234.27,0.79,0.676,28.32,39.5,-66.59,204.27,0.2,0.5,48.43,-3.23,-7.55,5.99
5,1.52,0.9,0.9,49.06,71.15,55.54,52.61,0.034,0.958,95.79,-0.93,3.64,52.61,0.855,0.633,59.67,-5.9,59.47,82.61,0.566,0.705,68.63,-29.22,46.94,262.61,0.999,0.814,29.82,69.58,-84.75,1.0
5,217.14,0.012,0.953,95.17,-0.05,-0.97,217.14,0.004,0.945,94.88,-0.02,-0.35,217.14,0.725,0.812,48.82,12.9,-53.49,172.14,0.547,0.669,64.2,-30.64,-2.09,67.14,0.844,0.909,87.63,-29.16,81.41,2.82
5,20.33,0.02,0.957,95.29,0.77,1.15,20.33,0.026,0.957,95.0,1.04,1.56,20.33,0.678,0.957,67.29,37.28,47.82,350.33,0.714,0.656,39.18,49.69,17.16,200.33,0.809,0.807,58.48,-10.61,-37.47,1.87
5,144.57,0.147,0.108,9.48,-2.54,1.01,144.57,0.174,0.151,14.64,-4.0,1.61,144.57,0.596,0.737,68.69,-46.95,24.22,99.57,0.728,0.6,56.74,-42.81,48.79,294.57,0.813,0.891,53.01,81.88,-57.46,9.79
5,272.41,0.038,0.962,93.99,3.37,-3.93,272.41,0.031,0.962,94.52,2.74,-3.2,272.41,0.605,0.875,51.75,54.11,-57.44,227.41,0.559,0.645,40.77,14.7,-41.61,92.41,0.821,0.82,75.79,-53.59,68.79,1.98
5,242.48,0.1,0.4,39.35,2.41,-5.76,242.48,0.1,0.4,39.35,2.41,-5.76,242.48,0.1,0.4,39.35,2.41,-5.76,197.48,0.1,0.4,41.46,-2.13,-2.64,32.48,0.1,0.4,41.54,0.77,3.8,1.0
5,328.1,0.178,0.075,5.1,1.67,-0.51,328.1,0.198,0.21,18.82,6.06,-1.81,328.1,0.504,0.746,53.04,44.53,-10.18,298.1,0.719,0.63,40.61,59.47,-38.98,178.1,0.911,0.924,84.77,-46.7,-9.89,10.0
5,180.61,0.144,0.136,13.03,-2.22,-0.79,180.61,0.218,0.129,11.93,-3.17,-1.12,180.61,0.556,0.659,63.28,-26.86,-8.79,210.61,0.77,0.77,49.26,4.31,-46.71,30.61,0.946,0.896,62.22,35.11,67.21,7.12
5,146.71,0.04,0.985,97.82,-4.25,1.51,146.71,0.004,0.909,91.88,-0.39,0.14,146.71,0.839,0.985,87.62,-72.68,42.53,101.71,0.756,0.799,73.41,-56.79,62.75,356.71,0.913,0.879,47.58,71.2,50.53,5.06
5,148.98,0.1,0.4,42.19,-5.05,1.64,148.98,0.1,0.4,42.19,-5.05,1.64,148.98,0.1,0.4,42.19,-5.05,1.64,178.98,0.1,0.4,42.34,-3.94,-1.24,298.98,0.1,0.4,40.24,6.1,-4.35,1.0
5,298.92,0.1,0.4,40.23,6.09,-4.35,298.92,0.1,0.4,40.23,6.09,-4.35,298.92,0.1,0.4,40.23,6.09,-4.35,328.92,0.1,0.4,40.1,5.15,-1.53,148.92,0.1,0.4,42.19,-5.06,1.65,1.0
5,261.41,0.9,0.9,35.63,71.88,-87.74,326.74,0.259,0.194,16.19,7.52,-2.35,326.74,0.663,0.855,54.05,63.42,-13.07,281.74,0.506,0.725,49.66,42.71,-38.89,176.74,0.902,0.948,86.62,-48.91,-7.72,4.22
5,4.17,0.036,0.957,93.99,2.62,1.27,4.17,0.058,0.919,89.3,4.14,2.0,4.17,0.897,0.76,42.03,60.62,48.39,319.17,0.532,0.623,44.2,42.42,-16.0,214.17,0.921,0.99,52.55,23.37,-73.05,8.28
5,21.27,0.297,0.097,6.87,1.65,2.29,21.27,0.138,0.137,12.41,1.08,1.69,21.27,0.762,0.097,4.6,3.93,4.32,351.27,0.632,0.794,49.97,52.13,16.76,231.27,0.886,0.892,35.11,54.22,-87.56,1.99
5,131.62,0.227,0.068,4.99,-1.97,1.15,131.62,0.223,0.213,21.44,-7.48,4.5,131.62,0.811,0.62,57.14,-54.53,43.34,101.62,0.591,0.593,56.79,-36.98,40.18,281.62,0.969,0.958,46.28,84.56,-78.27,6.99
5,11.71,0.011,0.999,99.27,0.67,0.54,11.71,0.072,0.977,93.95,4.32,3.47,11.71,0.898,0.619,36.13,45.87,42.48,326.71,0.658,0.505,32.29,41.44,-8.98,11.71,0.2,0.5,47.0,7.25,5.81,7.75
5,98.3,0.9,0.9,81.27,-66.72,76.18,7.72,0.162,0.203,18.92,3.08,1.91,7.72,0.855,0.642,37.05,48.74,40.14,52.72,0.567,0.574,56.33,-6.12,39.88,187.72,0.901,0.898,74.97,-31.46,-24.72,3.3
5,21.01,0.113,0.092,7.48,0.6,0.89,21.01,0.221,0.157,13.93,2.05,3.08,21.01,0.572,0.821,62.27,25.75,34.95,51.01,0.772,0.721,66.84,-4.92,60.95,231.01,0.814,0.992,42.96,50.98,-88.91,7.63
5,2.67,0.9,0.9,49.31,70.45,55.71,332.36,0.049,0.914,89.3,4.84,-1.18,332.36,0.655,0.778,49.29,56.81,-5.55,302.36,0.626,0.614,41.97,52.69,-32.01,122.36,0.821,0.815,73.26,-69.98,63.92,1.0
5,233.01,0.18,0.07,4.52,0.42,-1.54,233.01,0.19,0.189,16.32,1.64,-5.41,233.01,0.814,0.07,1.72,1.6,-5.71,188.01,0.711,0.775,67.34,-26.9,-19.21,53.01,0.932,0.894,81.46,-7.37,80.59,4.92
5,146.9,0.9,0.9,80.6,-69.86,42.69,25.83,0.059,0.96,94.09,1.71,4.01,25.83,0.527,0.897,71.47,19.85,37.11,55.83,0.498,0.511,51.86,-7.25,33.28,235.83,0.948,0.966,33.22,71.13,-101.43,3.91
5,142.63,0.048,0.971,96.37,-5.28,2.22,142.63,0.061,0.933,92.79,-6.45,2.72,142.63,0.624,0.792,73.05,-52.26,29.16,172.63,0.736,0.618,58.79,-34.8,-1.7,142.63,0.2,0.5,51.03,-12.63,5.61,2.73
5,119.36,0.274,0.066,4.68,-2.32,1.67,119.36,0.242,0.15,14.14,-6.41,4.84,119.36,0.603,0.615,57.54,-46.92,40.56,149.36,0.698,0.608,57.08,-43.62,20.4,329.36,0.845,0.897,51.37,75.34,-5.4,9.97
5,20.96,0.044,0.999,97.84,1.75,2.73,20.96,0.045,0.944,93.03,1.74,2.7,20.96,0.882,0.718,46.42,39.85,50.3,335.96,0.589,0.621,41.34,42.61,-2.22,20.96,0.2,0.5,48.08,4.94,7.35,7.81
5,340.06,0.209,0.055,3.42,1.03,-0.09,340.06,0.291,0.203,16.48,8.12,-0.52,340.06,0.547,0.789,53.49,47.43,1.06,25.06,0.595,0.541,42.79,15.87,27.62,340.06,0.2,0.5,45.89,11.68,-0.88,5.97
5,302.51,0.126,0.121,10.37,2.8,-1.88,302.51,0.201,0.194,17.35,6.75,-4.47,302.51,0.772,0.8,50.55,74.96,-44.34,257.51,0.757,0.779,35.04,54.65,-70.89,152.51,0.84,0.869,78.55,-62.72,29.74,9.07
5,287.8,0.9,0.9,48.17,82.26,-66.7,202.67,0.046,0.959,94.53,-1.54,-2.86,202.67,0.603,0.604,47.66,-8.01,-24.64,247.67,0.505,0.695,42.41,27.59,-46.36,352.67,0.912,0.822,44.6,67.9,40.96,1.0
5,62.61,0.186,0.084,7.01,-0.96,2.38,62.61,0.185,0.19,19.81,-2.13,5.7,62.61,0.757,0.748,74.56,-18.99,66.64,107.61,0.726,0.617,57.63,-48.15,48.99,272.61,0.928,0.983,43.28,81.68,-86.88,7.77
5,7.17,0.29,0.123,8.85,3.79,2.0,7.17,0.131,0.165,15.24,2.1,1.25,7.17,0.577,0.603,41.76,31.62,21.44,52.17,0.787,0.556,52.97,-5.27,50.84,217.17,0.983,0.993,47.06,36.5,-82.42,5.79
5,60.47,0.158,0.108,9.86,-1.06,3.01,60.47,0.125,0.182,19.0,-1.32,3.73,60.47,0.878,0.807,80.22,-18.62,77.33,105.47,0.499,0.79,74.4,-42.39,42.68,270.47,0.911,0.848,36.69,71.67,-78.25,6.84
5,36.27,0.1,0.4,41.73,0.38,4.08,36.27,0.1,0.4,41.73,0.38,4.08,36.27,0.1,0.4,41.73,0.38,4.08,66.27,0.1,0.4,42.82,-2.45,5.63,246.27,0.1,0.4,39.41,2.65,-5.67,1.0
5,311.36,0.1,0.4,40.19,5.76,-3.23,311.36,0.1,0.4,40.19,5.76,-3.23,311.36,0.1,0.4,40.19,5.76,-3.23,281.36,0.1,0.4,39.95,4.94,-4.8,101.36,0.1,0.4,42.31,-4.84,4.84,1.0
5,102.77,0.245,0.061,4.39,-1.54,1.45,102.77,0.226,0.215,21.8,-6.6,6.54,102.77,0.682,0.736,68.53,-50.01,54.12,72.77,0.772,0.67,65.77,-27.12,59.76,102.77,0.2,0.5,51.31,-11.79,11.68,6.26
5,1.01,0.284,0.103,6.79,3.44,1.3,1.01,0.279,0.154,11.85,5.26,2.16,1.01,0.56,0.658,44.05,37.87,19.51,316.01,0.543,0.741,52.0,50.47,-21.4,211.01,0.958,0.94,51.87,17.51,-67.09,8.48
5,148.51,0.023,0.979,97.65,-2.38,0.77,148.51,0.026,0.915,91.9,-2.59,0.83,148.51,0.623,0.898,82.05,-55.1,25.45,118.51,0.437,0.679,64.58,-38.66,31.8,358.51,0.818,0.809,45.22,63.35,41.34,5.53
5,258.57,0.1,0.4,39.6,3.45,-5.37,258.57,0.1,0.4,39.6,3.45,-5.37,258.57,0.1,0.4,39.6,3.45,-5.37,213.57,0.1,0.4,40.64,-0.48,-3.85,108.57,0.1,0.4,42.21,-5.32,4.68,1.0
5,338.46,0.9,0.9,49.76,74.73,14.88,204.76,0.219,0.211,19.81,-1.67,-4.08,204.76,0.853,0.816,54.13,-2.14,-45.58,159.76,0.793,0.698,64.87,-47.52,14.24,54.76,0.827,0.953,88.62,-11.63,81.99,1.86
5,342.92,0.9,0.9,49.45,73.85,23.85,346.04,0.049,0.954,92.78,4.46,0.1,346.04,0.726,0.654,38.9,50.81,12.52,301.04,0.712,0.775,50.45,70.19,-43.24,136.04,0.878,0.922,82.02,-75.33,58.55,1.47
5,0.4,0.287,0.134,9.63,4.86,1.92,0.4,0.146,0.178,16.23,3.05,1.15,0.4,0.821,0.71,39.67,56.91,39.24,30.4,0.481,0.516,44.91,8.22,22.97,150.4,0.978,0.842,75.84,-66.53,38.84,7.39
5,276.9,0.155,0.063,4.16,0.95,-1.04,276.9,0.279,0.16,12.2,6.16,-6.4,276.9,0.653,0.843,48.82,58.85,-57.56,321.9,0.621,0.504,33.4,40.38,-12.7,126.9,0.97,0.977,86.01,-83.65,77.57,9.6
5,110.66,0.013,0.956,95.84,-1.49,1.25,110.66,0.025,0.943,94.45,-2.75,2.31,110.66,0.77,0.793,72.13,-62.78,62.25,65.66,0.566,0.537,54.97,-14.17,39.91,290.66,0.964,0.872,47.37,82.97,-63.99,3.59
5,26.26,0.032,0.999,98.52,0.92,2.27,26.26,0.018,0.922,92.41,0.47,1.18,26.26,0.73,0.834,60.94,28.47,50.02,71.26,0.671,0.594,59.34,-21.28,49.18,176.26,0.975,0.851,78.43,-46.23,-6.0,4.3
5,261.35,0.222,0.055,3.28,0.81,-1.23,261.35,0.233,0.154,12.1,3.92,-5.61,261.35,0.688,0.855,43.25,54.86,-68.62,291.35,0.742,0.761,45.79,67.14,-50.3,111.35,0.864,0.828,74.51,-69.35,68.95,8.67
5,6.38,0.197,0.077,5.23,1.28,0.69,6.38,0.237,0.145,11.67,3.6,2.06,6.38,0.727,0.077,2.94,3.89,2.02,336.38,0.771,0.706,41.45,58.07,2.54,156.38,0.844,0.92,82.9,-63.23,25.19,4.85
5,358.37,0.019,0.975,96.49,1.6,0.5,358.37,0.001,0.947,95.29,0.07,0.02,358.37,0.63,0.759,47.63,49.04,24.33,313.37,0.685,0.732,47.1,61.25,-26.93,178.37,0.914,0.876,80.86,-44.61,-9.96,3.55
5,275.15,0.127,0.119,9.89,2.07,-2.27,275.15,0.106,0.154,14.14,2.16,-2.37,275.15,0.765,0.812,41.82,64.24,-64.48,230.15,0.497,0.735,48.36,16.01,-42.91,275.15,0.2,0.5,45.39,11.11,-11.98,2.99
5,96.38,0.001,0.962,96.66,-0.14,0.15,96.38,0.023,0.928,93.2,-2.08,2.26,96.38,0.785,0.732,68.15,-50.6,60.75,141.38,0.599,0.508,48.49,-35.85,20.12,246.38,0.882,0.809,28.53,62.47,-86.25,7.39
5,256.67,0.106,0.117,9.77,1.24,-2.03,256.67,0.225,0.202,16.88,4.39,-6.97,256.67,0.622,0.863,46.3,47.4,-64.82,226.67,0.729,0.797,41.4,27.9,-63.24,46.67,0.925,0.901,76.36,4.09,76.61,7.93
5,112.71,0.256,0.091,7.29,-3.63,2.89,112.71,0.234,0.133,12.3,-5.2,4.34,112.71,0.784,0.802,72.71,-65.08,63.44,82.71,0.553,0.521,51.93,-22.52,35.97,322.71,0.966,0.826,46.51,75.03,-12.66,7.81
5,303.36,0.1,0.4,40.23,6.05,-4.0,303.36,0.1,0.4,40.23,6.05,-4.0,303.36,0.1,0.4,40.23,6.05,-4.0,273.36,0.1,0.4,39.83,4.41,-5.0,153.36,0.1,0.4,42.21,-4.89,1.22,1.0
5,102.84,0.135,0.07,5.33,-1.11,1.05,102.84,0.139,0.165,16.47,-3.26,3.18,102.84,0.584,0.815,75.95,-47.99,51.19,72.84,0.444,0.58,58.8,-15.83,32.92,252.84,0.862,0.948,36.2,70.7,-93.75,7.46
5,7.95,0.046,0.968,94.4,3.08,1.92,7.95,0.052,0.915,89.51,3.3,2.06,7.95,0.629,0.824,54.63,43.96,31.88,37.95,0.509,0.716,63.42,5.31,35.68,217.95,0.993,0.924,42.7,37.06,-79.71,8.12
5,18.96,0.2,0.146,12.78,1.91,2.48,18.96,0.216,0.176,15.85,2.44,3.16,18.96,0.831,0.146,7.23,9.07,8.2,333.96,0.423,0.613,46.66,30.99,-4.41,168.96,0.901,0.873,79.76,-52.88,5.56,4.41
5,190.89,0.014,0.998,99.42,-0.83,-0.64,190.89,0.049,0.9,89.78,-2.69,-2.06,190.89,0.607,0.9,76.75,-24.91,-22.19,145.89,0.467,0.536,51.99,-29.3,13.24,190.89,0.2,0.5,50.1,-6.51,-5.06,3.25
5,358.21,0.014,0.969,96.35,1.13,0.35,358.21,0.038,0.959,93.83,3.21,0.99,358.21,0.561,0.68,45.19,40.04,18.02,43.21,0.557,0.791,70.91,1.6,45.43,208.21,0.825,0.806,51.45,2.77,-48.43,9.05
5,106.44,0.164,0.138,13.12,-3.47,3.18,106.44,0.225,0.215,21.77,-6.93,6.44,106.44,0.758,0.61,56.93,-48.53,50.29,76.44,0.443,0.568,57.42,-17.15,31.92,316.44,0.966,0.958,54.82,86.48,-26.84,9.58
5,249.58,0.1,0.4,39.46,2.87,-5.59,249.58,0.1,0.4,39.46,2.87,-5.59,249.58,0.1,0.4,39.46,2.87,-5.59,204.58,0.1,0.4,41.1,-1.4,-3.17,99.58,0.1,0.4,42.34,-4.72,4.88,1.0
5,292.25,0.136,0.078,5.54,1.5,-1.22,292.25,0.116,0.16,14.85,3.04,-2.43,292.25,0.602,0.078,3.33,5.3,-4.46,322.25,0.458,0.586,43.94,34.44,-11.79,82.25,0.907,0.888,82.44,-49.54,78.32,4.85
5,304.66,0.005,0.997,99.44,0.63,-0.41,304.66,0.025,0.901,89.79,2.85,-1.87,304.66,0.601,0.621,42.92,50.82,-29.47,274.66,0.58,0.779,48.06,48.28,-49.46,124.66,0.961,0.828,74.06,-73.89,69.29,6.03
5,135.55,0.005,0.966,96.87,-0.54,0.28,135.55,0.044,0.943,94.01,-4.93,2.58,135.55,0.548,0.603,57.1,-39.74,25.24,90.55,0.722,0.649,61.92,-39.19,52.73,345.55,0.895,0.876,48.08,71.79,28.02,8.14
5,31.17,0.011,0.97,97.0,0.18,0.81,31.17,0.008,0.967,96.84,0.13,0.57,31.17,0.77,0.97,72.14,26.66,62.88,346.17,0.544,0.742,50.29,43.69,6.78,211.17,0.917,0.956,54.04,15.26,-65.81,2.91
5,217.7,0.187,0.138,11.66,-0.01,-3.18,217.7,0.185,0.156,13.68,-0.0,-3.5,217.7,0.569,0.705,48.56,6.07,-38.14,262.7,0.406,0.613,44.19,23.54,-31.06,37.7,0.802,0.873,69.26,15.56,63.93,6.53
5,79.36,0.9,0.9,84.04,-46.23,79.61,141.25,0.133,0.148,14.4,-3.09,1.39,141.25,0.695,0.784,71.83,-56.56,34.35,111.25,0.586,0.582,55.16,-40.66,38.35,291.25,0.881,0.808,45.35,76.81,-57.91,2.02
5,52.89,0.169,0.149,14.75,-0.94,3.91,52.89,0.275,0.188,18.93,-1.71,7.76,52.89,0.656,0.766,72.76,-7.89,57.49,82.89,0.412,0.545,54.92,-18.07,28.08,232.89,0.824,0.843,34.84,48.65,-80.84,5.65
5,123.91,0.233,0.089,7.11,-3.4,2.29,123.91,0.144,0.189,19.13,-4.59,3.15,123.91,0.892,0.843,75.4,-73.71,68.05,93.91,0.507,0.555,54.43,-27.26,33.62,333.91,0.931,0.845,46.71,72.74,7.17,8.85
5,185.56,0.204,0.089,7.1,-1.68,-0.92,185.56,0.267,0.149,13.86,-3.77,-1.97,185.56,0.505,0.749,69.23,-23.86,-12.66,140.56,0.666,0.742,68.44,-52.81,31.98,5.56,0.948,0.955,52.22,73.66,62.27,9.97
5,292.54,0.1,0.4,40.13,5.67,-4.52,292.54,0.1,0.4,40.13,5.67,-4.52,292.54,0.1,0.4,40.13,5.67,-4.52,322.54,0.1,0.4,40.13,5.37,-2.15,142.54,0.1,0.4,42.16,-5.29,2.26,1.0
5,271.94,0.047,0.955,92.78,4.09,-4.81,271.94,0.077,0.976,92.48,6.87,-8.04,271.94,0.709,0.689,36.56,51.65,-54.75,241.94,0.742,0.698,29.02,44.61,-68.8,91.94,0.93,0.972,87.72,-65.87,82.62,5.27
5,89.26,0.023,0.962,96.3,-1.92,2.41,89.26,0.007,0.968,97.05,-0.55,0.69,89.26,0.737,0.962,88.47,-53.2,73.46,119.26,0.457,0.618,58.94,-37.58,30.81,269.26,0.935,0.84,35.19,71.43,-79.63,3.09
5,250.46,0.194,0.075,4.76,0.96,-1.93,250.46,0.182,0.134,10.65,2.17,-4.08,250.46,0.612,0.726,38.49,37.88,-57.29,220.46,0.761,0.515,28.38,13.36,-41.35,100.46,0.909,0.99,88.24,-74.24,82.01,6.29
5,5.4,0.039,0.968,94.8,2.76,1.45,5.4,0.021,0.915,91.2,1.41,0.74,5.4,0.878,0.883,49.49,66.36,53.63,320.4,0.689,0.55,34.85,47.32,-15.29,155.4,0.934,0.884,79.6,-64.74,29.73,4.86
5,140.21,0.21,0.111,9.66,-3.82,1.81,140.21,0.288,0.185,18.06,-8.1,3.96,140.21,0.552,0.775,72.07,-47.43,27.07,170.21,0.75,0.699,65.68,-40.15,1.05,320.21,0.832,0.808,47.56,71.72,-20.04,8.58
5,74.42,0.141,0.136,13.25,-1.71,3.1,74.42,0.251,0.188,19.16,-3.91,7.28,74.42,0.669,0.609,60.42,-23.98,49.54,104.42,0.526,0.642,61.43,-37.02,38.04,74.42,0.2,0.5,52.24,-7.07,13.12,7.09
5,191.06,0.255,0.098,7.79,-1.99,-1.36,191.06,0.131,0.207,20.99,-2.1,-1.64,191.06,0.77,0.79,65.47,-23.95,-24.2,146.06,0.792,0.785,71.57,-59.33,33.79,341.06,0.865,0.967,53.73,77.43,18.74,9.81
5,66.5,0.004,0.979,98.11,-0.21,0.47,66.5,0.019,0.979,98.03,-1.01,2.24,66.5,0.706,0.708,70.36,-21.1,59.88,21.5,0.776,0.664,45.8,31.27,41.86,216.5,0.9,0.888,46.05,24.61,-69.06,4.11
5,289.65,0.139,0.087,6.48,1.83,-1.57,289.65,0.116,0.201,19.31,3.58,-3.0,289.65,0.89,0.087,2.41,8.32,-7.54,319.65,0.485,0.659,48.27,40.62,-15.36,139.65,0.869,0.939,83.57,-74.72,53.71,5.46
5,323.48,0.273,0.133,9.96,5.88,-2.16,323.48,0.264,0.193,16.08,7.81,-2.85,323.48,0.85,0.663,38.46,61.21,-12.81,8.48,0.742,0.552,34.3,37.21,29.02,143.48,0.92,0.847,76.12,-68.9,46.88,7.76
5,357.95,0.009,0.972,96.93,0.79,0.24,357.95,0.025,0.965,95.21,2.1,0.63,357.95,0.622,0.648,41.12,42.67,20.3,327.95,0.446,0.738,54.91,39.22,-9.64,147.95,0.858,0.836,75.55,-64.01,36.39,4.47
5,19.28,0.226,0.058,3.76,0.55,0.7,19.28,0.214,0.128,10.66,1.8,2.4,19.28,0.692,0.726,51.14,31.59,38.43,64.28,0.723,0.669,67.18,-18.53,58.78,19.28,0.2,0.5,47.89,5.36,7.07,6.73
5,162.27,0.02,0.952,95.4,-1.88,0.13,162.27,0.069,0.961,95.19,-6.5,0.5,162.27,0.538,0.952,87.89,-45.18,7.74,207.27,0.592,0.528,40.15,-3.59,-24.67,312.27,0.986,0.884,51.2,83.32,-32.92,4.15
5,150.56,0.1,0.4,42.2,-5.0,1.49,150.56,0.1,0.4,42.2,-5.0,1.49,150.56,0.1,0.4,42.2,-5.0,1.49,105.56,0.1,0.4,42.25,-5.12,4.75,0.56,0.1,0.4,39.97,4.05,1.53,1.0
5,41.84,0.034,0.989,98.15,-0.17,3.15,41.84,0.019,0.906,91.2,-0.1,1.69,41.84,0.639,0.768,67.0,4.32,49.71,86.84,0.47,0.574,56.97,-22.99,32.82,191.84,0.982,0.89,69.05,-23.07,-32.76,3.42
5,74.51,0.043,0.982,97.99,-2.74,4.87,74.51,0.037,0.976,97.47,-2.37,4.21,74.51,0.794,0.88,83.72,-36.28,74.94,104.51,0.556,0.79,73.96,-45.95,47.51,254.51,0.84,0.869,34.4,64.96,-85.32,3.83
5,162.04,0.276,0.12,10.64,-4.52,0.47,162.04,0.235,0.149,14.27,-4.66,0.47,162.04,0.883,0.675,62.71,-47.52,13.25,207.04,0.425,0.764,63.11,-5.53,-24.03,162.04,0.2,0.5,51.25,-10.87,1.11,6.45
5,322.16,0.9,0.9,51.45,79.35,-16.65,169.99,0.154,0.19,19.3,-3.52,-0.29,169.99,0.618,0.768,72.2,-38.43,0.16,214.99,0.621,0.792,53.47,5.26,-43.15,319.99,0.834,0.805,47.38,71.66,-20.29,1.0
5,336.67,0.124,0.12,10.17,2.2,-0.35,336.67,0.207,0.175,15.09,5.15,-0.75,336.67,0.542,0.673,46.3,42.02,-2.21,21.67,0.581,0.78,59.38,24.52,34.54,126.67,0.909,0.887,78.92,-76.56,69.32,7.95
5,216.87,0.1,0.4,40.48,-0.15,-4.09,216.87,0.1,0.4,40.48,-0.15,-4.09,216.87,0.1,0.4,40.48,-0.15,-4.09,171.87,0.1,0.4,42.31,-4.21,-0.56,36.87,0.1,0.4,41.75,0.32,4.12,1.0
5,94.49,0.1,0.4,42.41,-4.37,4.99,94.49,0.1,0.4,42.41,-4.37,4.99,94.49,0.1,0.4,42.41,-4.37,4.99,124.49,0.1,0.4,42.08,-5.93,4.0,304.49,0.1,0.4,40.23,6.01,-3.89,1.0
5,73.91,0.045,0.985,98.22,-2.79,5.05,73.91,0.071,0.973,96.91,-4.36,7.94,73.91,0.871,0.746,71.97,-33.09,69.15,118.91,0.523,0.592,56.1,-40.57,34.19,223.91,0.804,0.866,43.05,31.37,-70.75,6.47
5,46.8,0.025,0.987,98.35,-0.39,2.49,46.8,0.049,0.952,94.79,-0.72,4.74,46.8,0.583,0.848,77.04,-1.84,52.41,16.8,0.457,0.709,56.54,20.49,22.13,196.8,0.94,0.901,65.21,-14.62,-40.34,2.86
5,41.8,0.019,0.974,97.25,-0.1,1.72,41.8,0.007,0.966,96.83,-0.04,0.62,41.8,0.878,0.779,63.86,10.23,64.26,86.8,0.615,0.561,54.96,-28.5,41.48,251.8,0.851,0.863,32.99,64.73,-86.85,5.27
5,30.07,0.031,0.974,96.55,0.61,2.29,30.07,0.074,0.959,93.7,1.51,5.5,30.07,0.811,0.649,48.27,21.9,47.05,345.07,0.775,0.698,40.4,56.15,14.55,240.07,0.901,0.809,27.14,63.03,-88.62,9.56
5,1.62,0.006,0.953,95.46,0.44,0.18,1.62,0.038,0.963,94.2,3.03,1.22,1.62,0.571,0.831,54.85,46.23,24.89,31.62,0.445,0.798,69.01,9.69,30.87,151.62,0.979,0.966,85.93,-73.23,41.32,3.33
5,242.81,0.134,0.106,8.13,1.06,-2.52,242.81,0.239,0.15,11.23,2.71,-6.1,242.81,0.812,0.73,27.41,52.21,-76.23,272.81,0.476,0.556,38.32,29.34,-31.6,32.81,0.922,0.859,62.01,28.75,65.58,5.23
5,116.55,0.043,0.998,98.78,-5.34,4.07,116.55,0.024,0.972,97.02,-2.85,2.16,116.55,0.899,0.839,75.12,-73.24,70.67,146.55,0.568,0.669,63.05,-41.16,19.46,296.55,0.999,0.814,47.25,82.2,-55.52,6.27
5,353.23,0.014,0.973,96.7,1.22,0.22,353.23,0.065,0.944,90.85,5.6,1.05,353.23,0.642,0.648,40.59,44.55,16.49,23.23,0.747,0.674,48.0,28.12,41.46,203.23,0.824,0.926,63.3,-6.05,-46.71,7.13
5,98.19,0.233,0.051,3.61,-1.02,1.05,98.19,0.138,0.153,15.1,-2.85,3.03,98.19,0.85,0.615,57.58,-47.72,55.34,68.19,0.767,0.798,77.92,-26.12,69.33,248.19,0.834,0.978,37.44,69.39,-96.04,7.1
5,43.79,0.9,0.9,74.17,8.72,73.99,342.57,0.135,0.187,17.46,3.36,-0.13,342.57,0.827,0.767,43.4,63.19,15.14,12.57,0.501,0.751,56.5,27.71,23.83,132.57,0.995,0.937,82.88,-80.34,70.9,1.36
5,34.43,0.033,0.959,95.3,0.35,2.66,34.43,0.033,0.95,94.55,0.34,2.59,34.43,0.646,0.714,58.83,12.19,43.2,349.43,0.736,0.62,36.48,48.73,16.38,214.43,0.957,0.899,46.34,24.66,-70.19,5.99
5,76.69,0.042,0.955,95.55,-2.71,4.55,76.69,0.071,0.966,96.21,-4.61,7.81,76.69,0.727,0.783,75.3,-33.25,64.02,106.69,0.532,0.55,52.96,-33.98,33.71,256.69,0.931,1.0,36.91,78.23,-100.01,6.32
5,273.28,0.9,0.9,40.67,75.75,-79.25,32.09,0.021,0.978,97.32,0.32,1.61,32.09,0.745,0.622,48.68,16.35,43.09,77.09,0.427,0.71,70.44,-20.18,36.79,242.09,0.933,0.955,31.97,73.9,-101.89,1.0
5,203.17,0.01,0.966,96.57,-0.33,-0.63,203.17,0.046,0.93,91.95,-1.44,-2.79,203.17,0.593,0.966,73.65,-10.68,-36.0,158.17,0.459,0.563,54.87,-27.06,6.28,353.17,0.885,0.852,46.58,69.05,40.59,5.86
5,70.84,0.028,0.985,98.44,-1.66,3.26,70.84,0.059,0.93,93.24,-3.28,6.49,70.84,0.869,0.699,68.36,-28.1,66.33,25.84,0.71,0.653,48.71,22.75,39.55,250.84,0.994,0.879,29.14,72.02,-95.55,6.79
5,171.94,0.291,0.145,13.67,-5.1,-0.58,171.94,0.26,0.164,15.99,-5.08,-0.59,171.94,0.627,0.66,62.96,-33.51,-1.63,141.94,0.774,0.589,54.85,-48.16,30.0,21.94,0.802,0.809,54.74,37.79,51.12,7.11
5,278.26,0.032,0.983,96.23,3.16,-3.29,278.26,0.076,0.953,90.8,7.29,-7.54,278.26,0.672,0.684,39.44,51.64,-49.29,233.26,0.483,0.688,44.92,17.21,-41.42,98.26,0.852,0.967,86.94,-68.34,78.82,5.48
5,19.04,0.007,0.975,97.47,0.3,0.41,19.04,0.071,0.952,92.42,3.07,4.11,19.04,0.581,0.81,60.34,28.11,34.1,64.04,0.444,0.778,77.82,-14.92,43.18,229.04,0.831,0.957,42.01,47.36,-85.52,7.76
5,197.32,0.029,0.972,96.51,-1.33,-1.6,197.32,0.036,0.923,91.93,-1.55,-1.87,197.32,0.654,0.74,59.55,-15.09,-26.19,167.32,0.721,0.743,69.4,-42.9,4.18,197.32,0.2,0.5,49.3,-4.94,-6.26,5.7
5,350.78,0.247,0.136,10.41,4.51,0.69,350.78,0.107,0.178,16.86,2.4,0.32,350.78,0.866,0.805,44.37,65.71,32.79,20.78,0.729,0.504,35.57,23.52,30.79,140.78,0.973,0.923,82.0,-76.25,57.79,7.98
5,285.14,0.9,0.9,46.71,80.94,-69.12,244.17,0.068,0.94,89.42,3.41,-7.83,244.17,0.534,0.611,35.51,25.47,-44.81,274.17,0.667,0.786,44.24,55.4,-56.74,64.17,0.885,0.842,82.38,-24.17,79.04,2.19
5,104.72,0.004,0.984,98.52,-0.42,0.39,104.72,0.047,0.917,91.77,-4.68,4.37,104.72,0.733,0.887,80.54,-62.58,66.26,59.72,0.783,0.722,72.51,-15.72,66.75,284.72,0.892,0.805,41.77,73.88,-63.46,6.01
5,302.08,0.007,0.976,97.46,0.87,-0.6,302.08,0.025,0.979,96.59,3.11,-2.13,302.08,0.501,0.619,45.88,43.86,-27.37,347.08,0.629,0.724,45.98,48.82,10.57,92.08,0.905,0.867,79.23,-59.3,75.0,3.72
5,48.41,0.033,0.986,98.19,-0.63,3.42,48.41,0.045,0.977,97.19,-0.83,4.59,48.41,0.878,0.662,59.21,-0.28,60.06,93.41,0.55,0.666,64.19,-33.61,42.16,228.41,0.867,0.983,41.78,51.03,-89.69,5.42
5,285.6,0.005,0.962,96.37,0.48,-0.44,285.6,0.037,0.931,91.54,3.8,-3.45,285.6,0.748,0.769,43.93,65.27,-54.56,315.6,0.62,0.785,52.15,59.33,-24.65,135.6,0.991,0.929,82.32,-78.92,66.57,4.88
5,159.23,0.003,0.993,99.28,-0.33,0.04,159.23,0.009,0.938,94.32,-0.81,0.1,159.23,0.704,0.993,89.67,-58.69,16.77,114.23,0.654,0.661,61.44,-50.41,46.84,339.23,0.806,0.922,52.7,72.76,10.54,4.5
5,225.9,0.1,0.4,40.02,0.79,-4.77,225.9,0.1,0.4,40.02,0.79,-4.77,225.9,0.1,0.4,40.02,0.79,-4.77,195.9,0.1,0.4,41.54,-2.29,-2.53,15.9,0.1,0.4,40.72,2.47,2.62,1.0
5,35.0,0.291,0.117,9.62,0.65,3.86,35.0,0.285,0.16,14.51,0.85,5.36,35.0,0.541,0.691,59.5,8.38,35.38,80.0,0.513,0.752,73.36,-26.61,45.49,245.0,0.897,0.813,27.99,63.45,-87.77,6.36
5,295.07,0.002,0.987,98.7,0.27,-0.21,295.07,0.042,0.932,91.39,4.89,-3.76,295.07,0.807,0.68,40.92,66.26,-46.02,325.07,0.512,0.608,43.51,38.92,-10.99,85.07,0.872,0.911,84.11,-52.63,78.22,4.64
5,299.69,0.032,0.981,96.35,4.01,-2.86,299.69,0.018,0.951,94.53,2.25,-1.61,299.69,0.814,0.721,45.17,71.85,-45.16,269.69,0.414,0.614,44.7,26.39,-30.43,149.69,0.937,0.833,75.13,-65.33,37.62,3.55
5,206.64,0.027,0.966,95.75,-0.7,-1.87,206.64,0.029,0.904,90.26,-0.71,-1.89,206.64,0.802,0.781,51.96,-0.78,-44.08,251.64,0.734,0.748,33.35,49.24,-69.1,206.64,0.2,0.5,48.14,-2.65,-7.99,6.09
5,294.75,0.275,0.092,6.02,3.99,-3.14,294.75,0.286,0.141,10.62,7.05,-5.29,294.75,0.875,0.767,44.83,75.26,-52.66,324.75,0.728,0.779,47.74,63.49,-14.27,294.75,0.2,0.5,46.22,14.15,-10.66,5.82
5,175.14,0.049,0.972,96.63,-4.16,-0.91,175.14,0.067,0.977,96.78,-5.74,-1.24,175.14,0.509,0.632,61.24,-26.62,-4.22,130.14,0.733,0.746,68.08,-59.96,47.08,25.14,0.873,0.84,56.7,38.39,58.57,3.42
5,112.01,0.154,0.09,7.42,-2.2,1.78,112.01,0.193,0.143,13.65,-4.53,3.8,112.01,0.534,0.09,6.59,-6.49,5.13,142.01,0.471,0.702,66.65,-37.81,19.56,262.01,0.84,0.839,35.46,65.2,-79.05,1.61
5,352.19,0.024,0.98,96.6,2.16,0.34,352.19,0.067,0.927,89.19,5.8,0.95,352.19,0.572,0.73,48.2,44.21,13.68,37.19,0.556,0.673,58.71,6.62,36.76,172.19,0.938,0.931,84.71,-53.23,0.75,6.04
5,229.14,0.292,0.115,7.67,1.27,-4.88,229.14,0.291,0.15,11.04,1.68,-6.52,229.14,0.838,0.816,35.37,42.15,-75.93,184.14,0.51,0.662,62.36,-22.83,-10.64,79.14,0.937,0.986,91.07,-50.64,86.42,6.55
5,274.89,0.293,0.067,3.83,1.81,-2.09,274.89,0.295,0.182,14.03,7.1,-7.63,274.89,0.839,0.067,1.71,4.38,-5.22,244.89,0.516,0.586,34.98,23.69,-41.72,94.89,0.907,0.89,80.8,-63.4,76.2,4.37
5,187.81,0.1,0.4,41.95,-3.11,-1.92,187.81,0.1,0.4,41.95,-3.11,-1.92,187.81,0.1,0.4,41.95,-3.11,-1.92,142.81,0.1,0.4,42.16,-5.28,2.24,7.81,0.1,0.4,40.32,3.3,2.05,1.0
5,20.39,0.008,0.976,97.48,0.31,0.47,20.39,0.004,0.916,92.36,0.14,0.21,20.39,0.554,0.612,47.54,19.92,26.22,65.39,0.558,0.739,73.75,-17.86,51.04,230.39,0.872,0.809,32.8,47.1,-79.14,10.0
5,320.03,0.111,0.107,8.82,1.99,-0.87,320.03,0.201,0.197,17.54,6.13,-2.62,320.03,0.578,0.808,54.78,56.06,-19.68,290.03,0.782,0.631,36.67,59.39,-45.65,140.03,0.996,0.86,76.88,-73.05,56.96,9.78
5,300.38,0.9,0.9,55.04,88.65,-54.54,77.43,0.243,0.12,11.14,-2.79,4.76,77.43,0.868,0.848,80.18,-40.82,75.44,32.43,0.402,0.703,62.72,7.02,25.35,287.43,0.938,0.995,52.22,89.56,-73.64,1.0
5,287.83,0.1,0.4,40.06,5.36,-4.64,287.83,0.1,0.4,40.06,5.36,-4.64,287.83,0.1,0.4,40.06,5.36,-4.64,317.83,0.1,0.4,40.16,5.53,-2.6,107.83,0.1,0.4,42.22,-5.27,4.7,1.0
5,158.6,0.9,0.9,81.23,-62.45,23.3,32.92,0.152,0.19,18.7,0.62,3.14,32.92,0.844,0.731,54.98,21.62,54.94,77.92,0.45,0.528,53.49,-17.0,30.34,212.92,0.978,0.897,46.96,22.64,-68.87,3.31
5,13.13,0.13,0.07,4.97,0.58,0.49,13.13,0.209,0.148,12.72,2.59,2.27,13.13,0.582,0.07,3.35,2.28,1.77,43.13,0.592,0.745,66.58,2.06,45.86,223.13,0.854,0.867,41.35,34.2,-73.68,2.79
5,235.15,0.026,0.975,95.88,0.89,-2.92,235.15,0.013,0.977,96.98,0.45,-1.49,235.15,0.866,0.886,33.4,58.63,-89.49,190.15,0.74,0.621,53.29,-20.82,-18.57,55.15,0.898,0.804,76.01,-10.56,74.75,3.77
5,312.38,0.031,0.954,94.06,3.55,-1.97,312.38,0.055,0.96,93.08,6.42,-3.55,312.38,0.594,0.89,60.03,64.47,-30.27,267.38,0.688,0.538,28.14,39.54,-45.29,132.38,0.922,0.904,80.34,-76.65,65.08,3.44
5,36.63,0.201,0.105,8.77,0.26,2.37,36.63,0.276,0.177,16.54,0.67,5.83,36.63,0.719,0.844,68.17,13.73,56.18,66.63,0.535,0.753,75.0,-18.48,49.69,246.63,0.819,0.962,37.17,66.94,-94.27,6.94
5,98.21,0.1,0.4,42.36,-4.62,4.91,98.21,0.1,0.4,42.36,-4.62,4.91,98.21,0.1,0.4,42.36,-4.62,4.91,128.21,0.1,0.4,42.09,-5.8,3.65,308.21,0.1,0.4,40.21,5.87,-3.53,1.0
5,341.38,0.156,0.075,5.15,1.32,-0.09,341.38,0.105,0.14,12.7,2.06,-0.14,341.38,0.605,0.075,3.11,4.17,-0.07,26.38,0.703,0.64,48.19,21.5,38.81,131.38,0.838,0.987,87.24,-79.57,65.46,5.1
5,295.24,0.162,0.1,7.66,2.22,-1.95,295.24,0.189,0.176,15.54,5.61,-4.22,295.24,0.661,0.749,48.69,62.86,-43.81,265.24,0.792,0.603,27.33,48.65,-56.8,85.24,0.943,0.95,86.88,-57.37,82.65,9.23
5,354.74,0.139,0.059,3.91,0.7,0.16,354.74,0.199,0.201,17.72,4.9,1.19,354.74,0.642,0.7,43.75,47.19,19.34,39.74,0.425,0.506,47.57,1.83,22.93,174.74,0.933,0.826,76.33,-46.23,-3.61,8.43
5,45.83,0.156,0.09,7.43,-0.24,1.86,45.83,0.233,0.16,15.38,-0.54,5.18,45.83,0.596,0.09,6.39,-0.4,5.52,90.83,0.677,0.753,71.12,-42.17,56.39,225.83,0.906,0.825,35.12,42.56,-77.68,1.65
5,265.0,0.254,0.097,6.25,2.61,-3.44,265.0,0.174,0.203,18.16,3.88,-5.18,265.0,0.569,0.818,48.71,44.66,-54.16,295.0,0.527,0.696,49.58,48.83,-34.71,85.0,0.903,0.843,78.32,-50.56,74.61,8.84
5,137.94,0.033,0.986,98.03,-3.76,1.83,137.94,0.043,0.921,92.04,-4.64,2.27,137.94,0.72,0.727,66.75,-55.72,37.2,182.94,0.548,0.561,53.58,-21.83,-9.09,317.94,0.943,0.966,55.24,86.19,-24.58,5.02
5,212.95,0.264,0.104,7.56,-0.36,-2.92,212.95,0.255,0.161,13.65,-0.52,-4.56,212.95,0.736,0.727,46.18,6.12,-45.22,167.95,0.756,0.677,63.61,-40.64,3.62,212.95,0.2,0.5,47.35,-1.07,-9.16,4.86
5,19.13,0.214,0.098,7.38,1.35,1.68,19.13,0.243,0.149,12.75,2.39,3.12,19.13,0.652,0.679,49.07,27.94,33.86,49.13,0.49,0.676,64.67,-3.9,38.01,229.13,0.895,0.871,35.28,50.06,-84.26,5.45
5,294.93,0.027,0.958,94.6,3.24,-2.5,294.93,0.026,0.953,94.22,3.08,-2.38,294.93,0.561,0.81,55.8,58.33,-41.31,249.93,0.562,0.688,39.11,32.33,-50.66,144.93,0.987,0.95,84.28,-76.38,53.18,1.0
5,92.88,0.1,0.4,42.43,-4.26,5.02,92.88,0.1,0.4,42.43,-4.26,5.02,92.88,0.1,0.4,42.43,-4.26,5.02,62.88,0.1,0.4,42.87,-2.22,5.7,302.88,0.1,0.4,40.24,6.06,-4.05,1.0
5,19.34,0.037,0.996,97.83,1.58,2.18,19.34,0.006,0.963,96.46,0.26,0.36,19.34,0.543,0.889,67.27,27.61,34.19,64.34,0.503,0.541,55.62,-12.41,36.17,19.34,0.2,0.5,47.89,5.35,7.08,1.97
5,140.64,0.19,0.083,6.58,-2.26,1.04,140.64,0.29,0.166,15.92,-7.41,3.57,140.64,0.802,0.809,73.28,-63.53,42.26,170.64,0.584,0.794,74.69,-37.57,-0.75,140.64,0.2,0.5,51.01,-12.81,6.07,7.42
5,221.98,0.214,0.079,5.27,0.17,-1.92,221.98,0.193,0.153,13.1,0.39,-3.89,221.98,0.795,0.637,33.11,20.42,-52.73,191.98,0.437,0.79,70.87,-17.53,-15.81,71.98,0.867,0.998,93.92,-38.76,87.08,6.76
5,311.55,0.291,0.086,5.44,3.69,-2.04,311.55,0.183,0.16,13.91,4.9,-2.7,311.55,0.834,0.736,44.37,69.64,-30.83,356.55,0.47,0.579,41.75,29.42,10.77,101.55,0.907,0.881,79.41,-68.49,74.76,8.97
5,142.49,0.1,0.4,42.16,-5.29,2.27,142.49,0.1,0.4,42.16,-5.29,2.27,142.49,0.1,0.4,42.16,-5.29,2.27,97.49,0.1,0.4,42.37,-4.58,4.92,352.49,0.1,0.4,39.98,4.35,0.76,1.0
5,277.76,0.1,0.4,39.9,4.7,-4.89,277.76,0.1,0.4,39.9,4.7,-4.89,277.76,0.1,0.4,39.9,4.7,-4.89,232.76,0.1,0.4,39.68,1.5,-5.28,127.76,0.1,0.4,42.09,-5.81,3.69,1.0
5,204.48,0.03,0.961,95.29,-0.89,-1.92,204.48,0.032,0.945,93.83,-0.94,-2.04,204.48,0.804,0.696,48.0,-3.94,-37.81,249.48,0.513,0.508,30.93,22.12,-36.12,24.48,0.971,0.842,53.98,45.31,62.03,6.23
5,329.12,0.23,0.144,11.5,5.08,-1.42,329.12,0.29,0.196,15.91,8.4,-2.25,329.12,0.639,0.645,41.69,48.65,-8.36,14.12,0.452,0.714,56.21,22.42,20.82,149.12,0.879,0.896,80.44,-67.68,37.83,6.88
5,106.31,0.1,0.4,42.24,-5.17,4.73,106.31,0.1,0.4,42.24,-5.17,4.73,106.31,0.1,0.4,42.24,-5.17,4.73,151.31,0.1,0.4,42.2,-4.97,1.42,286.31,0.1,0.4,40.03,5.26,-4.68,1.0
5,59.45,0.282,0.127,12.08,-1.98,6.17,59.45,0.19,0.168,17.17,-1.75,5.28,59.45,0.774,0.742,74.17,-15.67,67.57,104.45,0.749,0.729,67.37,-54.21,57.64,59.45,0.2,0.5,52.68,-4.47,13.81,7.76
5,16.68,0.05,0.984,96.07,2.42,2.74,16.68,0.078,0.953,92.04,3.73,4.2,16.68,0.597,0.878,63.22,33.85,36.23,46.68,0.565,0.621,58.09,-1.56,39.51,226.68,0.985,0.864,33.18,53.38,-86.7,7.27
5,301.16,0.106,0.078,5.81,1.3,-0.91,301.16,0.11,0.18,17.17,3.46,-2.38,301.16,0.627,0.888,59.91,71.28,-44.28,331.16,0.628,0.697,45.2,50.51,-6.77,121.16,0.845,0.912,81.08,-77.43,72.23,9.88
5,27.87,0.9,0.9,61.63,37.61,64.55,347.64,0.029,0.96,94.5,2.67,0.14,347.64,0.518,0.627,43.62,36.12,6.34,32.64,0.791,0.574,44.5,16.12,42.86,197.64,0.86,0.909,66.56,-15.08,-39.22,1.0
5,358.37,0.025,0.972,95.82,2.09,0.65,358.37,0.067,0.937,90.07,5.51,1.75,358.37,0.802,0.898,50.46,68.03,43.49,28.37,0.75,0.737,54.89,23.88,47.57,148.37,0.855,0.964,86.0,-71.23,40.1,4.34
5,137.44,0.102,0.132,12.64,-2.2,1.1,137.44,0.134,0.192,19.53,-3.97,2.01,137.44,0.506,0.633,60.2,-38.2,22.73,167.44,0.587,0.755,71.19,-37.76,2.35,287.44,0.95,0.866,45.32,80.68,-66.4,8.2
5,198.84,0.9,0.9,63.87,-11.77,-42.24,228.81,0.028,0.929,91.87,0.57,-2.8,228.81,0.891,0.636,25.52,37.34,-65.02,183.81,0.664,0.571,53.25,-24.21,-11.13,48.81,0.941,0.819,71.64,0.31,72.86,3.13
5,20.45,0.026,0.96,95.29,1.03,1.54,20.45,0.034,0.908,90.34,1.29,1.94,20.45,0.538,0.751,58.2,22.72,30.05,50.45,0.795,0.68,62.76,-3.88,59.04,200.45,0.951,0.81,55.29,-6.6,-43.0,6.14
5,140.73,0.1,0.4,42.15,-5.35,2.44,140.73,0.1,0.4,42.15,-5.35,2.44,140.73,0.1,0.4,42.15,-5.35,2.44,110.73,0.1,0.4,42.18,-5.47,4.64,290.73,0.1,0.4,40.1,5.55,-4.56,1.0
5,143.22,0.1,0.4,42.17,-5.26,2.2,143.22,0.1,0.4,42.17,-5.26,2.2,143.22,0.1,0.4,42.17,-5.26,2.2,98.22,0.1,0.4,42.36,-4.63,4.91,293.22,0.1,0.4,40.14,5.72,-4.5,1.0
5,104.53,0.01,0.988,98.7,-1.07,1.0,104.53,0.001,0.933,94.02,-0.07,0.06,104.53,0.835,0.813,73.88,-63.36,67.38,74.53,0.799,0.793,76.27,-33.57,69.29,314.53,0.969,0.915,52.68,84.31,-29.65,5.32
5,279.4,0.115,0.119,10.04,1.99,-2.02,279.4,0.121,0.204,19.51,3.32,-3.35,279.4,0.713,0.897,49.92,67.99,-63.52,234.4,0.574,0.707,40.61,24.32,-51.16,129.4,0.908,0.823,73.79,-71.72,62.78,9.16
5,248.14,0.209,0.082,5.19,1.15,-2.45,248.14,0.184,0.158,13.07,2.41,-4.8,248.14,0.532,0.87,50.82,35.75,-58.42,278.14,0.535,0.756,49.55,45.07,-43.64,38.14,0.814,0.843,67.15,14.82,63.09,9.61
5,252.15,0.269,0.128,8.76,3.3,-5.8,252.15,0.258,0.146,10.7,3.53,-6.21,252.15,0.896,0.626,21.89,52.2,-69.48,297.15,0.634,0.662,44.45,56.0,-37.71,42.15,0.856,0.812,66.99,9.41,65.72,3.33
5,32.58,0.002,0.989,98.95,0.03,0.15,32.58,0.042,0.943,93.53,0.6,3.22,32.58,0.892,0.731,53.81,24.15,56.79,347.58,0.593,0.594,38.95,39.41,8.1,182.58,0.938,0.903,80.45,-40.04,-17.11,5.01
5,25.7,0.1,0.4,41.2,1.46,3.32,25.7,0.1,0.4,41.2,1.46,3.32,25.7,0.1,0.4,41.2,1.46,3.32,55.7,0.1,0.4,42.69,-1.59,5.46,235.7,0.1,0.4,39.53,1.8,-5.5,1.0
5,269.26,0.219,0.073,4.55,1.48,-1.9,269.26,0.274,0.142,10.32,4.9,-5.91,269.26,0.785,0.838,40.14,64.55,-71.06,314.26,0.646,0.731,48.06,58.26,-25.2,59.26,0.866,0.937,91.12,-18.92,85.96,8.46
5,59.02,0.017,0.974,97.61,-0.71,2.03,59.02,0.044,0.969,96.92,-1.8,5.21,59.02,0.545,0.632,64.3,-11.44,44.56,89.02,0.53,0.751,72.19,-33.14,45.49,209.02,0.878,0.97,58.46,8.14,-60.69,5.35
5,133.48,0.11,0.056,4.09,-0.71,0.39,133.48,0.281,0.124,11.03,-5.87,3.4,133.48,0.8,0.815,73.61,-66.44,51.28,88.48,0.51,0.525,52.05,-23.78,32.88,283.48,0.928,0.979,49.17,86.24,-76.44,9.82
5,359.55,0.184,0.072,4.72,1.24,0.42,359.55,0.133,0.206,19.49,3.18,1.13,359.55,0.828,0.784,43.6,62.15,42.63,329.55,0.437,0.666,50.14,35.05,-7.71,179.55,0.883,0.805,75.03,-40.43,-11.13,8.52
5,213.72,0.25,0.078,5.17,-0.18,-1.88,213.72,0.289,0.156,12.71,-0.43,-5.11,213.72,0.674,0.723,47.78,4.91,-42.16,243.72,0.68,0.517,23.51,30.85,-49.55,33.72,0.82,0.876,66.19,22.75,62.56,9.04
5,337.25,0.036,0.96,94.1,3.55,-0.56,337.25,0.012,0.97,96.52,1.22,-0.2,337.25,0.885,0.787,43.84,67.29,9.94,22.25,0.475,0.511,42.39,13.02,19.59,157.25,0.845,0.814,74.24,-56.94,21.49,5.55
5,359.56,0.288,0.149,11.16,5.42,2.03,359.56,0.24,0.163,13.17,4.81,1.77,359.56,0.857,0.869,47.72,68.59,49.33,44.56,0.757,0.507,45.27,2.04,42.57,179.56,0.98,0.941,86.29,-46.33,-12.65,5.68
5,173.83,0.165,0.145,14.1,-2.9,-0.51,173.83,0.164,0.152,14.91,-2.99,-0.52,173.83,0.553,0.145,13.0,-8.93,-1.18,143.83,0.636,0.699,65.07,-47.56,25.74,353.83,0.87,0.884,48.5,70.46,41.63,1.0
5,336.96,0.124,0.14,12.44,2.5,-0.38,336.96,0.147,0.212,19.91,4.24,-0.63,336.96,0.815,0.681,39.02,58.14,4.86,6.96,0.523,0.792,56.35,35.65,23.43,336.96,0.2,0.5,45.93,11.92,-1.61,2.26
5,96.69,0.1,0.4,42.38,-4.52,4.94,96.69,0.1,0.4,42.38,-4.52,4.94,96.69,0.1,0.4,42.38,-4.52,4.94,51.69,0.1,0.4,42.49,-1.18,5.18,246.69,0.1,0.4,39.42,2.68,-5.66,1.0
5,21.25,0.255,0.126,10.21,1.96,2.98,21.25,0.23,0.132,11.08,1.82,2.78,21.25,0.893,0.126,5.78,7.43,7.13,336.25,0.795,0.75,43.48,62.07,3.57,231.25,0.965,0.998,36.16,67.49,-101.1,1.0
5,350.94,0.044,1.0,96.96,4.05,0.53,350.94,0.047,0.954,92.87,4.12,0.54,350.94,0.606,0.737,47.48,47.27,14.03,320.94,0.732,0.507,31.16,46.23,-14.04,140.94,0.822,0.891,79.91,-69.29,46.62,5.05
5,25.18,0.209,0.064,4.39,0.45,0.91,25.18,0.214,0.182,16.96,1.78,3.71,25.18,0.677,0.064,3.25,1.36,2.47,340.18,0.796,0.512,29.16,45.46,6.24,235.18,0.926,0.924,32.6,66.1,-96.37,1.82
5,177.99,0.173,0.082,6.56,-1.51,-0.45,177.99,0.189,0.149,14.47,-3.25,-0.91,177.99,0.639,0.832,78.03,-37.13,-8.58,147.99,0.498,0.505,48.94,-29.02,12.33,27.99,0.984,0.851,56.54,40.41,64.3,10.0
5,23.31,0.295,0.135,10.94,2.19,3.84,23.31,0.141,0.191,18.54,1.31,2.4,23.31,0.536,0.648,51.75,17.6,27.79,68.31,0.623,0.659,65.93,-19.76,50.82,173.31,0.969,0.953,86.57,-53.51,-0.9,9.28
5,205.48,0.174,0.149,13.59,-0.97,-2.47,205.48,0.191,0.187,17.51,-1.27,-3.28,205.48,0.701,0.631,45.63,-4.51,-31.82,250.48,0.477,0.541,34.74,21.6,-35.19,25.48,0.938,0.828,54.53,41.09,60.67,6.96
5,16.33,0.1,0.4,40.74,2.42,2.65,16.33,0.1,0.4,40.74,2.42,2.65,16.33,0.1,0.4,40.74,2.42,2.65,46.33,0.1,0.4,42.23,-0.64,4.79,166.33,0.1,0.4,42.28,-4.41,-0.02,1.0
5,72.46,0.026,0.968,96.88,-1.55,2.91,72.46,0.014,0.968,97.0,-0.83,1.54,72.46,0.703,0.633,62.69,-24.09,53.49,102.46,0.675,0.669,62.79,-45.78,49.71,72.46,0.2,0.5,52.31,-6.73,13.22,2.8
5,61.58,0.261,0.134,13.0,-2.11,5.98,61.58,0.184,0.217,22.89,-2.28,6.35,61.58,0.604,0.758,75.89,-16.17,56.69,16.58,0.459,0.735,58.34,21.38,22.81,271.58,0.822,0.981,46.32,76.62,-81.54,8.34
5,124.12,0.9,0.9,79.97,-77.66,71.84,134.97,0.295,0.181,17.46,-8.37,4.73,134.97,0.615,0.613,57.56,-44.29,29.51,179.97,0.406,0.68,66.45,-22.07,-6.94,314.97,0.896,0.972,56.58,87.0,-31.48,1.02
5,67.88,0.017,0.971,97.28,-0.9,1.91,67.88,0.051,0.905,91.18,-2.58,5.55,67.88,0.636,0.682,68.05,-20.27,53.26,112.88,0.553,0.633,59.83,-42.23,38.7,247.88,0.985,0.917,30.27,73.89,-99.32,5.9
5,247.28,0.009,0.968,96.47,0.46,-0.99,247.28,0.076,0.95,89.74,4.15,-8.67,247.28,0.743,0.968,41.59,60.26,-87.65,202.28,0.483,0.501,42.47,-7.0,-16.99,37.28,0.937,0.977,73.27,23.85,75.59,6.43
5,11.73,0.202,0.071,4.75,0.95,0.73,11.73,0.126,0.191,18.38,1.97,1.59,11.73,0.806,0.071,2.64,3.18,2.34,341.73,0.569,0.695,46.57,44.08,2.88,161.73,0.804,0.958,86.53,-59.92,15.83,4.82
5,182.0,0.0,0.993,99.39,-0.03,-0.01,182.0,0.021,0.974,97.27,-1.62,-0.66,182.0,0.771,0.765,70.38,-34.52,-13.22,137.0,0.769,0.544,50.76,-46.51,32.34,332.0,0.871,0.897,50.61,75.37,0.59,5.09
5,25.09,0.184,0.104,8.39,0.92,1.64,25.09,0.211,0.199,18.79,1.9,3.94,25.09,0.518,0.896,71.4,20.16,35.93,55.09,0.45,0.769,75.56,-8.85,41.67,175.09,0.918,0.875,80.4,-47.75,-4.44,10.0
5,190.82,0.036,0.976,96.78,-2.15,-1.64,190.82,0.03,0.969,96.36,-1.78,-1.35,190.82,0.683,0.77,65.46,-23.22,-21.45,235.82,0.528,0.626,37.77,20.47,-43.44,40.82,0.894,0.852,68.24,13.28,68.86,1.44
5,268.41,0.264,0.146,10.85,4.76,-5.85,268.41,0.162,0.163,14.21,3.15,-3.93,268.41,0.605,0.698,40.77,43.36,-49.34,298.41,0.741,0.77,49.02,71.22,-46.25,118.41,0.841,0.922,81.91,-77.59,73.57,7.7
5,268.2,0.019,0.992,97.94,1.55,-1.98,268.2,0.07,0.973,92.61,5.88,-7.44,268.2,0.827,0.837,38.05,66.53,-74.38,223.2,0.725,0.597,32.93,17.1,-46.96,58.2,0.906,0.872,84.44,-16.26,81.94,5.03
5,191.78,0.008,0.969,97.02,-0.44,-0.36,191.78,0.071,0.901,89.24,-3.73,-3.05,191.78,0.583,0.676,59.01,-18.75,-17.75,221.78,0.579,0.559,36.85,8.71,-34.76,191.78,0.2,0.5,49.99,-6.3,-5.23,4.87
5,166.63,0.243,0.123,11.17,-3.92,0.01,166.63,0.228,0.197,19.84,-5.5,0.02,166.63,0.503,0.123,10.49,-7.8,0.29,196.63,0.435,0.699,61.67,-12.65,-16.95,16.63,0.893,0.894,54.48,54.99,58.78,4.65
5,313.84,0.046,0.954,93.06,5.32,-2.84,313.84,0.049,0.918,89.76,5.5,-2.93,313.84,0.662,0.804,52.2,64.19,-27.96,358.84,0.572,0.577,38.12,35.66,16.68,103.84,0.937,0.964,85.74,-76.38,80.62,3.45
5,294.8,0.9,0.9,52.1,85.93,-60.15,158.79,0.271,0.173,16.85,-6.23,1.07,158.79,0.684,0.894,81.74,-53.26,15.3,113.79,0.703,0.65,60.24,-52.07,49.25,308.79,0.889,0.858,51.21,81.39,-39.08,1.0
5,93.41,0.003,0.965,96.89,-0.3,0.34,93.41,0.035,0.976,97.33,-3.1,3.58,93.41,0.672,0.628,60.0,-37.93,48.11,123.41,0.557,0.537,50.99,-39.26,31.39,93.41,0.2,0.5,51.61,-10.25,12.14,4.3
5,358.72,0.022,0.983,96.98,1.88,0.6,358.72,0.013,0.968,96.28,1.1,0.35,358.72,0.607,0.895,56.66,54.0,26.7,28.72,0.746,0.795,59.24,24.81,50.58,358.72,0.2,0.5,45.67,10.29,3.57,3.2
5,73.76,0.9,0.9,85.17,-38.92,80.99,266.71,0.194,0.123,9.41,2.89,-3.72,266.71,0.754,0.836,40.57,61.32,-70.21,236.71,0.489,0.669,42.1,20.11,-42.99,116.71,0.885,0.905,80.5,-77.3,74.46,2.91
5,257.2,0.046,0.993,95.89,3.2,-5.21,257.2,0.079,0.948,89.61,5.33,-8.6,257.2,0.66,0.672,34.42,41.55,-55.83,227.2,0.638,0.56,32.33,16.26,-42.09,47.2,0.931,0.858,73.49,3.07,74.31,5.74
5,190.07,0.124,0.077,5.99,-0.71,-0.53,190.07,0.242,0.202,19.66,-3.81,-2.79,190.07,0.749,0.883,73.68,-27.37,-24.68,220.07,0.749,0.595,33.61,14.25,-45.49,40.07,0.834,0.932,74.61,13.58,70.7,10.0
5,100.11,0.238,0.061,4.44,-1.46,1.44,100.11,0.223,0.15,14.51,-4.66,4.83,100.11,0.781,0.643,60.12,-47.86,54.15,70.11,0.606,0.674,67.1,-21.01,50.14,280.11,0.937,0.905,43.43,79.8,-75.27,8.69
5,318.46,0.9,0.9,51.96,80.7,-23.44,114.34,0.037,0.963,95.95,-4.28,3.38,114.34,0.79,0.827,74.6,-67.75,65.22,69.34,0.451,0.632,63.93,-15.47,36.35,324.34,0.819,0.871,50.98,74.16,-14.62,1.0
5,135.26,0.007,0.954,95.8,-0.74,0.38,135.26,0.051,0.94,93.56,-5.7,3.01,135.26,0.861,0.886,79.19,-72.75,56.65,165.26,0.768,0.793,73.28,-48.13,7.89,315.26,0.848,0.814,48.25,74.39,-27.62,5.21
5,244.45,0.019,0.998,98.26,1.0,-2.32,244.45,0.005,0.902,90.99,0.22,-0.51,244.45,0.666,0.646,30.65,36.52,-58.15,199.45,0.612,0.746,59.73,-12.77,-26.8,64.45,0.859,0.84,82.23,-24.22,77.89,5.89
5,43.1,0.023,0.993,98.82,-0.18,2.2,43.1,0.039,0.965,95.98,-0.29,3.66,43.1,0.81,0.993,82.02,8.11,75.16,88.1,0.454,0.721,70.23,-27.48,38.07,223.1,0.885,0.827,38.2,35.32,-73.04,5.29
5,138.8,0.1,0.4,42.14,-5.42,2.62,138.8,0.1,0.4,42.14,-5.42,2.62,138.8,0.1,0.4,42.14,-5.42,2.62,93.8,0.1,0.4,42.42,-4.33,5.0,318.8,0.1,0.4,40.15,5.5,-2.51,1.0
5,9.03,0.008,0.956,95.64,0.51,0.34,9.03,0.037,0.923,91.1,2.27,1.53,9.03,0.518,0.735,53.43,31.39,22.7,39.03,0.408,0.576,53.84,2.29,24.2,219.03,0.878,0.904,45.47,28.81,-72.26,8.55
5,130.8,0.188,0.084,6.68,-2.43,1.43,130.8,0.209,0.171,16.78,-5.87,3.57,130.8,0.575,0.826,75.86,-54.65,39.08,100.8,0.62,0.567,54.33,-36.69,40.56,280.8,0.981,0.904,42.95,80.7,-75.97,7.64
5,138.43,0.1,0.4,42.14,-5.43,2.66,138.43,0.1,0.4,42.14,-5.43,2.66,138.43,0.1,0.4,42.14,-5.43,2.66,168.43,0.1,0.4,42.29,-4.33,-0.23,348.43,0.1,0.4,40.0,4.49,0.37,1.0
5,58.16,0.153,0.147,14.72,-1.2,3.73,58.16,0.203,0.129,12.38,-1.39,4.42,58.16,0.52,0.613,62.18,-10.22,41.18,103.16,0.722,0.538,50.98,-40.88,44.08,208.16,0.955,0.95,55.56,10.62,-62.56,7.82
5,311.64,0.9,0.9,53.0,83.45,-35.57,76.77,0.074,0.976,97.1,-4.85,8.21,76.77,0.626,0.697,68.27,-27.16,51.8,106.77,0.599,0.7,65.7,-45.57,45.9,256.77,0.803,0.879,37.13,63.57,-82.2,1.0
5,31.87,0.173,0.108,9.03,0.49,1.88,31.87,0.121,0.158,15.28,0.46,2.09,31.87,0.882,0.65,47.89,22.4,51.07,76.87,0.434,0.707,70.15,-20.28,37.26,211.87,0.954,0.812,44.36,16.72,-60.72,6.61
5,240.42,0.028,0.959,94.16,1.23,-3.26,240.42,0.066,0.936,89.23,2.96,-7.67,240.42,0.561,0.959,52.23,38.22,-68.93,195.42,0.79,0.598,47.52,-14.7,-24.04,30.42,0.946,0.89,61.73,35.3,66.81,5.75
5,164.68,0.041,0.981,97.5,-3.82,0.08,164.68,0.005,0.959,96.25,-0.48,0.01,164.68,0.732,0.787,72.93,-46.9,7.85,134.68,0.562,0.561,53.31,-38.52,25.07,314.68,0.816,0.969,57.81,84.12,-32.61,3.92
5,349.47,0.037,0.965,94.42,3.36,0.32,349.47,0.013,0.95,94.75,1.12,0.1,349.47,0.846,0.775,43.13,63.33,27.94,34.47,0.442,0.729,64.55,6.74,29.74,139.47,0.937,0.822,73.89,-69.41,52.38,4.03
5,333.82,0.9,0.9,50.16,75.82,5.66,259.23,0.274,0.133,9.27,3.94,-5.87,259.23,0.675,0.639,32.42,41.64,-54.09,214.23,0.744,0.676,41.99,7.7,-44.37,49.23,0.851,0.873,77.29,-1.89,73.94,1.41
5,29.78,0.017,0.96,95.8,0.34,1.23,29.78,0.053,0.972,95.6,1.1,3.94,29.78,0.799,0.832,61.09,26.87,56.51,59.78,0.694,0.575,58.93,-12.66,51.12,209.78,0.909,0.853,50.05,10.2,-57.44,4.86
5,69.16,0.155,0.117,10.9,-1.45,3.05,69.16,0.268,0.166,16.65,-3.27,7.16,69.16,0.869,0.772,75.22,-28.43,72.1,39.16,0.451,0.525,48.67,2.51,24.9,249.16,0.819,0.816,31.81,58.98,-81.77,6.02
5,51.02,0.022,0.991,98.84,-0.55,2.38,51.02,0.064,0.968,96.21,-1.51,6.79,51.02,0.808,0.618,57.75,-4.22,55.65,81.02,0.667,0.595,58.36,-28.08,47.47,201.02,0.897,0.825,56.97,-7.37,-42.5,7.09
5,152.01,0.273,0.129,11.68,-5.16,1.51,152.01,0.218,0.135,12.61,-4.31,1.23,152.01,0.79,0.778,71.24,-55.95,25.74,182.01,0.47,0.708,67.62,-24.19,-9.21,332.01,0.955,0.835,46.13,72.88,4.75,5.32
5,118.42,0.224,0.071,5.24,-2.19,1.6,118.42,0.267,0.122,10.8,-5.86,4.49,118.42,0.727,0.696,63.79,-58.11,53.13,88.42,0.551,0.781,74.73,-34.97,48.78,268.42,0.985,0.867,34.78,73.94,-84.27,6.64
5,150.47,0.1,0.4,42.2,-5.0,1.5,150.47,0.1,0.4,42.2,-5.0,1.5,150.47,0.1,0.4,42.2,-5.0,1.5,105.47,0.1,0.4,42.26,-5.11,4.75,300.47,0.1,0.4,40.25,6.15,-4.28,1.0
5,47.9,0.028,0.955,95.55,-0.48,2.74,47.9,0.038,0.965,96.23,-0.67,3.82,47.9,0.803,0.64,57.77,-0.63,55.27,92.9,0.429,0.56,55.5,-23.15,28.78,257.9,0.86,0.923,36.85,70.37,-89.14,6.04
5,48.03,0.047,0.974,96.85,-0.83,4.76,48.03,0.009,0.962,96.44,-0.16,0.89,48.03,0.812,0.87,76.55,-0.56,71.09,18.03,0.713,0.788,53.99,36.65,41.9,228.03,0.877,0.95,40.17,49.78,-87.54,5.44
5,88.25,0.034,0.989,98.52,-2.86,3.68,88.25,0.002,0.947,95.32,-0.17,0.22,88.25,0.753,0.791,74.24,-45.37,64.01,118.25,0.432,0.598,57.5,-34.48,28.37,238.25,0.872,0.829,29.45,60.28,-87.71,5.89
5,229.69,0.033,0.98,95.93,0.75,-3.41,229.69,0.018,0.973,96.4,0.4,-1.83,229.69,0.89,0.807,32.39,47.5,-79.57,259.69,0.683,0.589,29.55,39.58,-51.02,79.69,0.873,0.995,91.99,-49.54,85.06,2.45
5,55.76,0.216,0.079,6.31,-0.7,2.3,55.76,0.121,0.18,18.62,-0.99,3.4,55.76,0.854,0.642,62.51,-9.89,61.77,25.76,0.598,0.528,42.01,15.11,27.54,55.76,0.2,0.5,52.24,-3.59,13.19,7.76
5,262.48,0.254,0.095,6.09,2.42,-3.38,262.48,0.171,0.171,14.82,3.16,-4.45,262.48,0.76,0.751,34.94,54.96,-66.81,307.48,0.536,0.599,43.06,44.02,-24.23,52.48,0.813,0.934,85.24,-7.83,78.37,6.43
5,3.78,0.9,0.9,49.58,69.68,55.89,128.01,0.064,0.962,95.24,-7.56,4.74,128.01,0.839,0.855,76.57,-72.09,62.11,83.01,0.463,0.678,66.83,-24.0,37.56,338.01,0.834,0.86,48.75,70.28,9.27,1.0
5,318.98,0.016,0.992,98.3,1.81,-0.84,318.98,0.027,0.972,95.77,3.04,-1.41,318.98,0.819,0.992,58.45,84.09,-25.64,288.98,0.703,0.694,42.07,59.01,-46.33,168.98,0.824,0.944,85.84,-54.22,4.53,1.98
5,123.66,0.013,0.977,97.63,-1.58,1.06,123.66,0.019,0.929,93.3,-2.31,1.56,123.66,0.844,0.697,63.44,-62.51,56.61,93.66,0.501,0.624,60.78,-29.53,36.59,303.66,0.886,0.982,59.28,92.67,-52.37,4.89
5,321.4,0.1,0.4,40.14,5.41,-2.26,321.4,0.1,0.4,40.14,5.41,-2.26,321.4,0.1,0.4,40.14,5.41,-2.26,276.4,0.1,0.4,39.87,4.61,-4.93,171.4,0.1,0.4,42.3,-4.22,-0.51,1.0
5,149.95,0.041,0.991,98.3,-4.33,1.3,149.95,0.072,0.96,94.95,-7.43,2.27,149.95,0.598,0.811,75.06,-48.62,20.75,104.95,0.464,0.582,56.46,-30.77,30.92,149.95,0.2,0.5,51.11,-11.98,3.91,2.9
5,43.58,0.013,0.992,98.97,-0.12,1.26,43.58,0.017,0.918,92.37,-0.14,1.51,43.58,0.698,0.867,74.85,3.82,60.53,13.58,0.731,0.69,45.2,38.75,36.6,193.58,0.971,0.975,73.2,-21.25,-38.14,2.28
5,41.06,0.129,0.122,11.22,-0.05,2.1,41.06,0.292,0.132,11.67,0.02,5.15,41.06,0.744,0.672,57.2,6.71,50.6,71.06,0.556,0.765,75.41,-22.52,51.35,251.06,0.805,0.979,39.62,67.74,-92.57,6.86
5,290.74,0.164,0.079,5.47,1.79,-1.51,290.74,0.182,0.175,15.49,5.12,-4.17,290.74,0.721,0.079,2.86,6.12,-5.34,260.74,0.684,0.69,34.95,45.53,-57.64,110.74,0.834,0.941,83.83,-75.05,74.91,5.47
5,316.69,0.128,0.103,8.14,2.27,-1.1,316.69,0.201,0.123,9.74,4.2,-2.01,316.69,0.546,0.885,61.21,58.36,-24.02,286.69,0.504,0.62,43.61,39.43,-32.82,136.69,0.919,0.965,85.35,-79.13,62.6,7.87
5,100.56,0.255,0.057,4.06,-1.38,1.35,100.56,0.185,0.146,14.13,-3.81,3.89,100.56,0.827,0.057,3.56,-4.04,3.98,70.56,0.716,0.548,55.04,-20.39,48.65,280.56,0.888,0.936,46.34,80.82,-74.92,3.95
5,246.52,0.043,0.989,95.57,2.36,-5.1,246.52,0.023,0.922,91.36,1.17,-2.54,246.52,0.82,0.655,24.59,48.91,-69.57,276.52,0.781,0.674,34.54,56.76,-55.71,36.52,0.82,0.96,74.17,19.68,69.21,6.2
5,359.86,0.9,0.9,48.79,71.97,55.15,349.67,0.045,0.9,88.33,3.84,0.39,349.67,0.868,0.835,46.07,67.85,32.1,19.67,0.759,0.733,49.93,35.24,43.33,169.67,0.843,0.834,76.75,-49.19,3.31,1.0
5,46.92,0.275,0.058,4.11,-0.21,1.48,46.92,0.117,0.183,18.66,-0.42,2.93,46.92,0.73,0.703,63.27,-0.32,55.01,91.92,0.432,0.68,66.51,-26.86,34.14,46.92,0.2,0.5,51.17,-1.45,11.7,7.04
5,255.96,0.296,0.132,8.82,4.03,-6.43,255.96,0.113,0.209,19.94,2.17,-3.59,255.96,0.883,0.812,30.82,64.29,-82.84,285.96,0.654,0.538,33.16,44.37,-36.95,255.96,0.2,0.5,44.64,8.19,-13.2,1.8
5,210.83,0.032,0.982,96.82,-0.55,-2.42,210.83,0.01,0.911,91.61,-0.16,-0.7,210.83,0.527,0.882,65.77,-1.75,-36.5,165.83,0.544,0.707,67.29,-34.52,3.12,0.83,0.872,0.83,45.53,66.2,49.5,6.8
5,153.78,0.1,0.4,42.22,-4.88,1.18,153.78,0.1,0.4,42.22,-4.88,1.18,153.78,0.1,0.4,42.22,-4.88,1.18,183.78,0.1,0.4,42.16,-3.52,-1.62,303.78,0.1,0.4,40.23,6.03,-3.96,1.0
5,114.76,0.148,0.149,14.53,-3.73,2.97,114.76,0.3,0.18,17.42,-8.77,7.2,114.76,0.629,0.858,78.2,-60.64,55.8,144.76,0.625,0.795,73.37,-51.68,27.09,324.76,0.889,0.851,48.55,74.93,-11.78,8.06
5,326.89,0.003,0.969,97.06,0.31,-0.11,326.89,0.001,0.915,92.37,0.11,-0.04,326.89,0.885,0.624,35.32,58.45,-6.99,356.89,0.58,0.514,33.71,33.11,13.92,146.89,0.861,0.955,85.13,-71.74,42.5,5.59
5,116.29,0.018,0.975,97.4,-2.18,1.66,116.29,0.044,0.965,95.95,-5.29,4.05,116.29,0.809,0.83,74.69,-69.6,66.29,71.29,0.704,0.518,52.13,-19.75,45.76,266.29,0.974,0.911,35.99,75.99,-88.78,5.71
5,286.79,0.166,0.087,6.27,2.08,-1.89,286.79,0.272,0.186,15.1,7.73,-6.68,286.79,0.771,0.792,44.95,68.74,-56.22,331.79,0.457,0.743,54.59,39.6,-6.84,136.79,0.937,0.919,81.62,-76.64,61.17,8.61
5,153.79,0.9,0.9,80.94,-65.77,31.4,178.56,0.0,0.934,94.16,-0.01,-0.0,178.56,0.861,0.702,66.19,-36.94,-8.71,208.56,0.679,0.778,54.3,-1.43,-39.79,28.56,0.946,0.841,57.22,36.9,63.05,1.0
5,294.39,0.005,0.984,98.24,0.58,-0.45,294.39,0.049,0.972,94.47,5.77,-4.49,294.39,0.711,0.846,52.83,72.52,-51.21,324.39,0.749,0.639,38.86,55.44,-12.66,114.39,0.859,0.801,72.2,-68.76,66.85,5.33
5,138.39,0.239,0.104,8.73,-3.45,1.79,138.39,0.179,0.132,12.38,-3.84,1.91,138.39,0.633,0.852,77.79,-57.65,36.23,183.39,0.641,0.788,72.25,-30.99,-13.62,288.39,0.951,0.867,45.93,81.27,-65.61,9.11
5,23.94,0.153,0.083,6.24,0.55,1.03,23.94,0.172,0.136,12.13,1.17,2.25,23.94,0.533,0.774,61.43,19.65,32.29,338.94,0.464,0.533,39.23,29.5,-1.01,233.94,0.99,0.883,29.77,66.59,-95.11,6.52
5,116.16,0.9,0.9,80.04,-77.19,74.66,316.74,0.037,0.905,89.4,3.99,-1.97,316.74,0.732,0.768,47.76,65.41,-24.4,346.74,0.786,0.51,28.92,44.07,12.99,136.74,0.987,0.851,76.07,-73.39,60.43,1.72
5,43.57,0.029,0.951,95.05,-0.25,2.68,43.57,0.068,0.916,91.12,-0.51,6.1,43.57,0.793,0.632,54.73,4.39,51.99,358.57,0.555,0.508,34.03,31.14,13.99,253.57,0.859,0.957,36.88,71.2,-93.89,8.38
5,291.25,0.013,0.968,96.34,1.52,-1.25,291.25,0.007,0.908,91.39,0.75,-0.62,291.25,0.746,0.766,45.91,67.65,-50.78,336.25,0.437,0.555,41.87,29.2,-2.78,111.25,0.939,0.972,85.91,-81.17,80.61,5.68
5,42.46,0.004,0.965,96.81,-0.03,0.36,42.46,0.016,0.937,94.04,-0.1,1.43,42.46,0.898,0.861,70.15,10.65,70.57,87.46,0.459,0.69,67.5,-26.45,37.2,192.46,0.845,0.946,74.57,-24.94,-32.02,1.0
5,51.57,0.216,0.097,8.16,-0.04,2.88,51.57,0.172,0.194,19.88,-1.05,4.88,51.57,0.547,0.76,72.44,-6.44,47.81,6.57,0.792,0.744,44.05,52.41,40.35,51.57,0.2,0.5,51.73,-2.58,12.48,7.07
5,239.85,0.132,0.091,6.67,0.74,-2.01,239.85,0.238,0.166,12.79,2.73,-6.7,239.85,0.508,0.722,42.95,25.74,-49.55,194.85,0.658,0.64,53.23,-15.98,-21.35,89.85,0.809,0.99,90.16,-58.86,79.58,7.97
5,221.05,0.041,0.998,97.33,0.2,-3.77,221.05,0.078,0.974,93.0,0.43,-7.06,221.05,0.826,0.728,37.24,23.64,-59.81,176.05,0.546,0.527,51.56,-24.0,-4.36,71.05,0.823,0.941,89.51,-34.71,81.49,4.88
5,140.26,0.022,0.969,96.76,-2.44,1.1,140.26,0.061,0.911,90.86,-6.4,2.93,140.26,0.843,0.699,63.98,-58.32,40.09,170.26,0.407,0.583,57.44,-22.07,-0.98,290.26,0.985,0.97,52.08,89.99,-70.29,6.31
5,263.94,0.9,0.9,36.6,72.58,-86.11,284.61,0.035,0.945,92.86,3.56,-3.3,284.61,0.541,0.806,53.88,51.18,-44.02,329.61,0.643,0.772,49.52,56.32,-8.9,104.61,0.954,0.907,81.04,-73.94,77.17,4.49
5,248.95,0.049,0.973,93.85,2.77,-5.59,248.95,0.08,0.915,86.59,4.4,-8.78,248.95,0.763,0.898,37.95,58.96,-83.72,218.95,0.629,0.69,44.49,9.37,-42.43,98.95,0.969,0.988,87.93,-75.23,83.22,4.9
5,136.84,0.175,0.119,10.8,-3.46,1.79,136.84,0.199,0.184,18.27,-5.71,2.99,136.84,0.868,0.752,68.22,-63.77,48.13,166.84,0.462,0.742,71.01,-31.01,1.53,286.84,0.933,0.967,50.48,87.19,-72.49,9.05
5,148.21,0.117,0.129,12.24,-2.29,0.77,148.21,0.104,0.18,18.35,-2.71,0.91,148.21,0.781,0.657,60.91,-50.32,26.28,103.21,0.547,0.563,54.27,-33.89,35.6,148.21,0.2,0.5,51.09,-12.14,4.31,5.87
5,164.76,0.154,0.056,4.03,-0.77,0.02,164.76,0.257,0.209,20.98,-6.57,0.32,164.76,0.582,0.056,3.64,-2.65,0.13,119.76,0.744,0.687,62.93,-58.81,53.53,14.76,0.891,0.841,50.51,54.58,55.1,2.89
5,129.66,0.256,0.074,5.5,-2.57,1.56,129.66,0.151,0.135,12.75,-3.48,2.14,129.66,0.895,0.89,79.28,-75.76,65.77,84.66,0.767,0.562,54.49,-32.5,49.94,279.66,0.917,0.95,45.82,82.19,-77.84,8.53
5,0.59,0.022,0.975,96.28,1.8,0.67,0.59,0.063,0.942,90.77,5.05,1.9,0.59,0.55,0.728,48.83,40.74,20.5,330.59,0.529,0.597,41.9,38.39,-6.84,210.59,0.957,0.859,48.01,15.02,-61.69,9.51
5,244.13,0.282,0.134,8.98,3.05,-6.53,244.13,0.255,0.123,8.34,2.53,-5.49,244.13,0.663,0.661,31.49,36.82,-58.96,274.13,0.625,0.536,31.52,38.16,-39.34,64.13,0.872,0.814,79.94,-23.37,76.55,3.88
5,97.53,0.013,0.972,97.31,-1.25,1.33,97.53,0.041,0.934,93.45,-3.77,4.02,97.53,0.65,0.801,74.73,-47.91,56.28,127.53,0.634,0.651,60.55,-49.49,38.45,277.53,0.894,0.902,43.0,77.44,-75.67,5.57
5,84.97,0.187,0.053,3.83,-0.72,0.97,84.97,0.226,0.208,21.34,-4.82,6.84,84.97,0.519,0.665,65.14,-27.25,40.99,54.97,0.531,0.579,57.79,-7.65,38.74,264.97,0.821,0.982,43.61,73.88,-86.32,6.91
5,174.61,0.013,0.965,96.67,-1.12,-0.24,174.61,0.021,0.948,95.05,-1.77,-0.37,174.61,0.711,0.882,81.59,-43.66,-4.85,219.61,0.618,0.651,42.19,9.19,-40.3,324.61,0.86,0.85,48.98,74.12,-12.92,4.0
5,149.6,0.172,0.14,13.3,-3.57,1.15,149.6,0.281,0.188,18.47,-7.46,2.54,149.6,0.835,0.708,65.08,-54.73,28.61,119.6,0.496,0.61,57.91,-40.02,33.13,359.6,0.809,0.946,52.85,71.07,48.18,9.11
5,123.88,0.287,0.136,12.32,-6.85,4.84,123.88,0.189,0.191,19.08,-6.07,4.21,123.88,0.561,0.826,75.82,-55.51,44.46,168.88,0.737,0.723,67.72,-41.61,2.49,273.88,0.847,0.967,45.78,78.12,-80.42,7.86
5,168.1,0.1,0.4,42.29,-4.35,-0.19,168.1,0.1,0.4,42.29,-4.35,-0.19,168.1,0.1,0.4,42.29,-4.35,-0.19,123.1,0.1,0.4,42.07,-5.98,4.14,318.1,0.1,0.4,40.15,5.53,-2.58,1.0
5,120.89,0.033,0.982,97.64,-4.1,2.91,120.89,0.057,0.932,92.67,-6.88,4.9,120.89,0.542,0.732,68.03,-49.74,41.3,150.89,0.646,0.577,54.66,-39.0,16.41,270.89,0.898,0.853,37.51,71.76,-77.72,6.03
5,221.78,0.031,0.995,97.59,0.19,-2.93,221.78,0.038,0.943,92.68,0.23,-3.43,221.78,0.844,0.995,49.0,34.53,-79.45,191.78,0.644,0.686,58.8,-19.83,-19.49,71.78,0.996,0.906,85.8,-38.4,83.79,4.93
5,25.91,0.021,0.986,97.86,0.6,1.44,25.91,0.026,0.925,92.34,0.7,1.69,25.91,0.706,0.75,55.61,25.25,44.04,355.91,0.744,0.798,46.44,59.16,30.7,175.91,0.895,0.998,90.65,-51.67,-6.54,3.94
5,269.64,0.181,0.098,7.07,2.15,-2.45,269.64,0.152,0.175,15.68,3.2,-3.89,269.64,0.633,0.652,37.18,43.44,-48.24,299.64,0.661,0.564,37.91,51.88,-33.17,89.64,0.963,0.971,87.81,-64.54,83.5,6.59
5,250.57,0.114,0.069,4.8,0.52,-1.03,250.57,0.275,0.167,12.41,4.13,-7.48,250.57,0.739,0.607,26.39,41.48,-59.1,220.57,0.567,0.591,39.84,7.66,-34.8,70.57,0.855,0.949,90.16,-35.05,83.62,5.0
5,71.67,0.1,0.4,42.74,-2.82,5.5,71.67,0.1,0.4,42.74,-2.82,5.5,71.67,0.1,0.4,42.74,-2.82,5.5,26.67,0.1,0.4,41.25,1.36,3.39,221.67,0.1,0.4,40.24,0.35,-4.45,1.0
5,243.24,0.132,0.107,8.2,1.06,-2.49,243.24,0.193,0.198,16.91,2.76,-6.22,243.24,0.718,0.729,31.76,44.5,-68.9,288.24,0.77,0.521,29.76,49.9,-39.69,63.24,0.862,0.807,79.59,-22.02,75.97,6.61
5,243.24,0.257,0.128,8.8,2.59,-5.75,243.24,0.209,0.161,12.91,2.51,-5.66,243.24,0.597,0.61,32.07,29.47,-50.23,273.24,0.654,0.665,37.85,47.11,-49.1,63.24,0.977,0.842,82.48,-23.66,81.49,6.37
5,249.94,0.024,0.983,96.64,1.42,-2.8,249.94,0.069,0.93,88.68,3.92,-7.64,249.94,0.775,0.798,33.2,54.76,-76.77,219.94,0.48,0.791,57.28,6.27,-36.89,99.94,0.923,0.945,84.65,-71.72,79.53,4.86
5,274.13,0.025,0.957,94.49,2.2,-2.48,274.13,0.07,0.965,92.11,6.37,-7.14,274.13,0.779,0.957,48.05,73.66,-75.2,244.13,0.73,0.642,27.38,41.12,-62.9,124.13,0.833,0.88,78.59,-74.39,67.07,4.31
5,75.01,0.9,0.9,84.91,-40.57,80.67,180.35,0.1,0.121,11.37,-1.42,-0.5,180.35,0.868,0.672,63.37,-34.32,-10.66,225.35,0.722,0.651,34.83,21.15,-52.03,30.35,0.811,0.906,66.14,28.56,61.62,1.14
5,212.48,0.004,0.969,97.03,-0.06,-0.32,212.48,0.072,0.97,93.67,-0.91,-5.57,212.48,0.624,0.668,46.67,1.78,-35.73,167.48,0.618,0.538,51.91,-29.97,1.93,2.48,0.956,0.935,50.44,74.49,61.35,9.82
5,175.72,0.1,0.4,42.33,-4.06,-0.92,175.72,0.1,0.4,42.33,-4.06,-0.92,175.72,0.1,0.4,42.33,-4.06,-0.92,220.72,0.1,0.4,40.28,0.25,-4.38,355.72,0.1,0.4,39.96,4.25,1.08,1.0
5,147.86,0.005,0.998,99.7,-0.51,0.17,147.86,0.041,0.93,92.98,-4.15,1.39,147.86,0.892,0.794,71.99,-62.65,36.68,102.86,0.633,0.537,51.4,-36.75,39.37,297.86,0.872,0.95,57.1,90.51,-59.1,4.2
5,32.95,0.9,0.9,65.38,28.52,67.34,297.06,0.24,0.164,13.58,6.87,-4.97,297.06,0.584,0.603,41.88,48.5,-32.93,327.06,0.586,0.505,34.11,37.47,-8.65,117.06,0.948,0.877,78.07,-76.95,74.41,1.0
5,181.02,0.102,0.057,4.16,-0.45,-0.17,181.02,0.154,0.134,12.76,-2.32,-0.86,181.02,0.808,0.632,59.59,-31.36,-10.66,211.02,0.701,0.504,33.99,1.29,-30.64,31.02,0.994,0.973,66.26,39.62,72.81,10.0
5,61.71,0.129,0.082,6.78,-0.63,1.62,61.71,0.28,0.155,15.55,-2.55,7.28,61.71,0.764,0.633,64.23,-15.96,59.03,91.71,0.671,0.664,63.42,-38.51,50.54,61.71,0.2,0.5,52.69,-4.9,13.81,7.85
5,274.62,0.9,0.9,41.31,76.27,-78.18,154.0,0.076,0.945,93.6,-7.46,1.76,154.0,0.649,0.821,75.68,-50.32,18.61,109.0,0.605,0.639,60.24,-43.83,42.83,334.0,0.86,0.831,46.97,70.26,3.37,1.78
5,201.47,0.284,0.12,9.57,-1.67,-3.01,201.47,0.212,0.207,19.67,-2.02,-3.59,201.47,0.632,0.659,51.65,-9.63,-26.64,246.47,0.53,0.601,35.36,25.62,-43.46,51.47,0.894,0.8,72.76,-4.77,72.03,9.56
5,64.94,0.281,0.095,8.02,-1.17,3.93,64.94,0.185,0.19,19.74,-2.3,5.65,64.94,0.537,0.764,76.16,-17.56,50.81,94.94,0.718,0.52,49.98,-35.26,43.51,244.94,0.999,0.994,32.45,78.93,-106.77,6.04
5,120.98,0.9,0.9,79.94,-78.09,73.98,126.31,0.213,0.175,17.13,-6.24,4.16,126.31,0.567,0.854,78.16,-56.87,43.94,81.31,0.541,0.51,51.08,-21.03,34.77,276.31,0.893,0.91,42.79,77.38,-77.12,1.25
5,306.33,0.208,0.077,5.17,2.34,-1.48,306.33,0.141,0.169,15.53,4.1,-2.55,306.33,0.703,0.796,51.34,69.08,-37.56,276.33,0.745,0.609,32.17,50.45,-49.66,126.33,0.968,0.885,78.7,-77.64,72.14,10.0
5,96.66,0.1,0.4,42.38,-4.52,4.94,96.66,0.1,0.4,42.38,-4.52,4.94,96.66,0.1,0.4,42.38,-4.52,4.94,66.66,0.1,0.4,42.81,-2.48,5.62,306.66,0.1,0.4,40.22,5.93,-3.68,1.0
5,171.1,0.286,0.053,3.71,-1.2,-0.13,171.1,0.121,0.159,15.83,-2.36,-0.27,171.1,0.855,0.763,70.89,-45.13,1.17,216.1,0.721,0.573,35.35,7.88,-39.22,351.1,0.849,0.929,51.41,72.83,36.29,10.0
5,25.35,0.028,0.957,95.1,0.81,1.84,25.35,0.015,0.956,95.53,0.43,0.98,25.35,0.745,0.957,68.11,34.22,56.45,340.35,0.617,0.511,33.11,37.24,1.81,235.35,0.994,0.911,30.2,70.13,-98.48,4.67
5,323.45,0.223,0.1,7.14,3.54,-1.33,323.45,0.167,0.132,11.04,3.52,-1.34,323.45,0.598,0.699,46.84,50.45,-14.56,353.45,0.637,0.792,49.57,52.04,19.7,143.45,0.895,0.821,74.07,-66.54,44.34,8.34
5,349.77,0.024,0.998,98.17,2.2,0.22,349.77,0.015,0.901,90.28,1.24,0.12,349.77,0.578,0.63,41.62,39.99,10.05,304.77,0.712,0.737,47.67,66.1,-37.38,139.77,0.934,0.938,83.24,-76.63,57.63,5.62
5,35.14,0.025,0.973,96.83,0.22,2.06,35.14,0.009,0.935,93.99,0.07,0.71,35.14,0.771,0.778,61.33,16.62,55.05,350.14,0.639,0.559,35.21,39.82,11.49,245.14,0.991,0.881,28.41,71.71,-97.06,7.42
5,219.32,0.023,0.972,96.23,0.02,-1.98,219.32,0.073,0.965,92.67,0.13,-6.42,219.32,0.585,0.688,45.99,8.13,-39.66,264.32,0.729,0.755,37.01,53.82,-64.03,69.32,0.942,0.976,92.48,-35.79,88.57,5.11
5,87.83,0.008,0.996,99.55,-0.64,0.82,87.83,0.053,0.959,95.65,-4.27,5.56,87.83,0.538,0.724,69.91,-31.85,44.94,42.83,0.427,0.588,55.63,0.28,27.21,297.83,0.89,0.981,58.59,93.31,-60.97,4.7
5,174.05,0.267,0.08,6.2,-2.24,-0.41,174.05,0.19,0.159,15.61,-3.58,-0.64,174.05,0.753,0.851,78.8,-44.15,-3.82,129.05,0.415,0.684,65.33,-35.92,24.65,324.05,0.897,0.873,49.78,76.84,-13.0,8.64
5,337.08,0.019,0.954,94.71,1.9,-0.31,337.08,0.003,0.9,90.98,0.25,-0.04,337.08,0.875,0.899,50.18,74.33,10.5,307.08,0.458,0.617,46.87,39.09,-22.12,187.08,0.982,0.968,80.17,-33.87,-26.38,4.49
5,254.31,0.116,0.085,6.23,0.83,-1.49,254.31,0.293,0.139,9.52,4.06,-6.73,254.31,0.682,0.7,34.24,43.53,-60.43,209.31,0.635,0.679,48.74,-1.44,-34.11,74.31,0.814,0.842,80.45,-35.37,73.44,6.44
5,252.85,0.9,0.9,32.91,70.03,-92.34,97.52,0.078,0.906,90.4,-7.01,7.52,97.52,0.816,0.637,59.67,-47.28,55.6,142.52,0.724,0.56,52.48,-44.17,26.11,307.52,0.93,0.883,52.45,84.69,-42.04,2.93
5,266.79,0.026,0.997,97.86,2.15,-2.83,266.79,0.008,0.959,95.76,0.65,-0.86,266.79,0.62,0.712,40.48,44.51,-51.9,236.79,0.441,0.617,41.36,16.24,-36.28,56.79,0.804,0.969,91.83,-15.17,83.31,4.38
5,249.47,0.049,0.958,92.54,2.79,-5.53,249.47,0.08,0.958,90.18,4.63,-9.1,249.47,0.683,0.679,32.24,40.89,-60.52,204.47,0.635,0.551,42.05,-5.81,-25.29,249.47,0.2,0.5,44.4,7.21,-13.59,7.86
5,291.12,0.278,0.051,2.98,1.37,-1.15,291.12,0.295,0.162,12.56,7.87,-6.28,291.12,0.538,0.736,50.95,50.29,-38.39,246.12,0.461,0.621,40.15,21.77,-38.76,291.12,0.2,0.5,46.06,13.59,-10.91,6.06
5,87.92,0.033,0.999,99.45,-2.77,3.59,87.92,0.055,0.904,90.75,-4.18,5.43,87.92,0.572,0.704,67.95,-32.91,46.51,42.92,0.702,0.635,55.82,3.54,46.97,297.92,0.875,0.878,52.95,85.27,-55.61,6.55
5,351.31,0.1,0.4,39.98,4.39,0.65,351.31,0.1,0.4,39.98,4.39,0.65,351.31,0.1,0.4,39.98,4.39,0.65,21.31,0.1,0.4,40.98,1.91,3.01,171.31,0.1,0.4,42.3,-4.23,-0.5,1.0
5,346.17,0.044,0.961,93.66,4.04,0.1,346.17,0.046,0.916,89.69,4.07,0.1,346.17,0.72,0.71,42.39,53.91,13.4,316.17,0.464,0.688,51.24,41.02,-17.89,346.17,0.2,0.5,45.82,11.22,0.57,7.28
5,161.56,0.037,0.977,97.19,-3.56,0.3,161.56,0.069,0.927,92.23,-6.33,0.57,161.56,0.756,0.624,58.66,-41.4,10.1,206.56,0.741,0.522,36.5,-2.42,-29.59,11.56,0.872,0.935,54.89,62.46,57.58,6.56
5,338.39,0.113,0.108,8.84,1.8,-0.23,338.39,0.166,0.187,16.96,4.28,-0.51,338.39,0.881,0.681,37.82,59.9,10.05,23.39,0.427,0.514,44.05,10.81,17.83,128.39,0.952,0.973,85.74,-82.81,75.18,7.29
5,122.87,0.9,0.9,79.96,-77.85,72.76,103.4,0.223,0.21,21.25,-6.45,6.31,103.4,0.652,0.674,63.37,-45.44,48.51,73.4,0.713,0.778,75.45,-29.53,63.5,313.4,0.824,0.945,56.5,83.35,-34.12,1.0
5,266.59,0.255,0.094,5.99,2.53,-3.48,266.59,0.23,0.129,9.61,3.6,-4.62,266.59,0.556,0.697,42.72,38.82,-45.99,311.59,0.405,0.527,41.71,29.74,-15.26,266.59,0.2,0.5,45.05,9.8,-12.53,4.18
5,263.73,0.027,0.987,96.84,2.12,-2.97,263.73,0.029,0.913,90.27,2.13,-2.98,263.73,0.504,0.765,49.06,36.4,-45.86,218.73,0.705,0.506,30.44,9.12,-36.62,113.73,0.945,0.998,87.81,-83.94,82.23,4.65
5,303.81,0.184,0.085,5.98,2.49,-1.66,303.81,0.264,0.158,12.69,7.4,-4.74,303.81,0.662,0.641,42.76,56.49,-33.02,273.81,0.664,0.696,39.3,49.87,-51.42,303.81,0.2,0.5,46.39,14.65,-9.41,4.34
5,138.29,0.213,0.144,13.64,-4.91,2.47,138.29,0.197,0.135,12.65,-4.3,2.16,138.29,0.671,0.744,68.49,-53.95,34.65,93.29,0.402,0.556,55.29,-21.83,26.81,288.29,0.81,0.94,52.66,81.76,-65.12,7.82
5,284.55,0.021,0.982,97.05,2.21,-2.05,284.55,0.066,0.955,91.73,6.85,-6.31,284.55,0.534,0.613,41.69,40.42,-34.88,314.55,0.429,0.703,53.76,39.13,-18.22,284.55,0.2,0.5,45.78,12.56,-11.36,6.62
5,151.22,0.227,0.126,11.52,-4.25,1.28,151.22,0.107,0.172,17.43,-2.62,0.75,151.22,0.877,0.665,61.36,-52.67,26.84,181.22,0.486,0.739,70.6,-26.29,-9.24,1.22,0.878,0.966,52.87,74.55,56.89,9.91
5,199.28,0.028,0.99,98.06,-1.17,-1.64,199.28,0.029,0.944,93.98,-1.15,-1.61,199.28,0.733,0.768,58.42,-12.82,-31.91,169.28,0.77,0.632,59.71,-38.16,2.12,349.28,0.999,0.893,47.79,74.07,45.77,7.99
5,81.75,0.027,0.957,95.89,-1.96,2.9,81.75,0.027,0.963,96.41,-1.94,2.88,81.75,0.506,0.786,76.26,-28.4,46.28,126.75,0.787,0.662,60.74,-57.63,48.88,231.75,0.881,0.953,37.49,57.75,-92.47,3.53
5,1.94,0.011,0.959,95.68,0.85,0.35,1.94,0.068,0.915,88.21,5.18,2.15,1.94,0.764,0.636,36.93,48.52,31.99,331.94,0.719,0.51,30.93,43.63,-3.94,151.94,0.971,0.834,75.24,-64.97,35.68,5.94
5,356.39,0.9,0.9,48.86,72.18,49.77,110.31,0.291,0.213,21.15,-9.29,8.18,110.31,0.61,0.618,58.24,-43.58,41.89,65.31,0.707,0.555,56.39,-16.57,49.57,320.31,0.961,0.914,51.8,81.85,-18.45,1.0
5,204.09,0.011,0.961,96.12,-0.33,-0.69,204.09,0.062,0.923,90.65,-1.82,-3.86,204.09,0.515,0.816,65.17,-8.59,-28.27,234.09,0.645,0.556,28.87,23.61,-47.04,54.09,0.885,0.985,90.24,-10.38,86.25,1.6
5,138.71,0.034,0.967,96.31,-3.84,1.83,138.71,0.055,0.977,96.75,-6.15,2.95,138.71,0.601,0.711,66.24,-47.87,29.14,93.71,0.68,0.551,53.1,-34.71,43.78,318.71,0.926,0.91,52.15,81.76,-22.53,3.55
5,277.49,0.198,0.141,11.45,3.92,-4.07,277.49,0.243,0.197,16.45,6.44,-6.63,277.49,0.548,0.629,40.88,39.48,-38.65,232.49,0.689,0.598,29.89,26.23,-52.01,127.49,0.829,0.862,77.15,-72.27,62.38,7.37
5,261.65,0.9,0.9,35.72,71.95,-87.59,258.22,0.044,0.903,88.31,2.9,-4.6,258.22,0.774,0.842,37.3,59.72,-76.45,303.22,0.58,0.652,45.77,51.67,-31.05,78.22,0.981,0.941,87.36,-48.84,84.27,2.74
5,12.59,0.032,0.963,94.98,1.79,1.53,12.59,0.027,0.919,91.46,1.43,1.22,12.59,0.522,0.65,48.59,25.78,22.24,327.59,0.692,0.699,43.69,55.58,-10.15,162.59,0.827,0.921,83.47,-58.26,14.63,5.25
5,286.25,0.004,0.987,98.61,0.39,-0.35,286.25,0.031,0.937,92.44,3.28,-2.95,286.25,0.647,0.721,44.73,55.7,-46.12,256.25,0.428,0.71,48.85,25.77,-38.22,106.25,0.843,0.921,82.56,-71.5,74.53,5.86
5,262.88,0.9,0.9,36.18,72.28,-86.81,211.06,0.226,0.193,17.44,-0.8,-4.51,211.06,0.878,0.723,42.55,9.31,-50.48,181.06,0.756,0.513,49.07,-26.0,-8.86,31.06,0.807,0.871,64.36,26.31,59.91,1.62
5,212.97,0.9,0.9,49.92,17.19,-64.47,293.37,0.109,0.137,12.35,2.55,-2.0,293.37,0.768,0.64,38.65,60.77,-43.73,323.37,0.71,0.513,31.85,45.12,-11.94,113.37,0.866,0.994,87.75,-81.11,79.51,2.08
5,94.01,0.1,0.4,42.42,-4.34,5.0,94.01,0.1,0.4,42.42,-4.34,5.0,94.01,0.1,0.4,42.42,-4.34,5.0,124.01,0.1,0.4,42.08,-5.94,4.05,244.01,0.1,0.4,39.38,2.51,-5.72,1.0
5,189.16,0.018,0.978,97.57,-1.13,-0.76,189.16,0.057,0.922,91.58,-3.4,-2.31,189.16,0.616,0.74,65.12,-23.28,-17.7,159.16,0.415,0.644,62.53,-27.26,5.54,9.16,0.864,0.897,51.95,62.74,54.32,6.68
5,11.07,0.193,0.118,9.41,2.08,1.6,11.07,0.223,0.184,16.21,3.58,2.75,11.07,0.566,0.762,54.19,33.76,27.34,41.07,0.747,0.637,54.42,6.45,48.69,221.07,0.986,0.825,35.75,39.82,-76.75,7.29
5,89.25,0.1,0.4,42.48,-4.02,5.1,89.25,0.1,0.4,42.48,-4.02,5.1,89.25,0.1,0.4,42.48,-4.02,5.1,59.25,0.1,0.4,42.87,-1.94,5.72,239.25,0.1,0.4,39.35,2.17,-5.76,1.0
5,266.2,0.027,0.982,96.53,2.14,-2.84,266.2,0.041,0.938,91.64,3.22,-4.28,266.2,0.837,0.628,27.3,52.8,-60.69,221.2,0.477,0.747,53.9,7.0,-35.82,86.2,0.993,0.811,75.06,-53.37,73.88,5.96
5,152.1,0.173,0.143,13.76,-3.62,1.01,152.1,0.145,0.138,13.23,-2.92,0.8,152.1,0.707,0.885,80.5,-57.73,24.69,182.1,0.735,0.682,63.46,-30.89,-11.91,332.1,0.997,0.817,44.7,72.05,7.1,5.52
5,298.89,0.1,0.4,40.23,6.09,-4.35,298.89,0.1,0.4,40.23,6.09,-4.35,298.89,0.1,0.4,40.23,6.09,-4.35,253.89,0.1,0.4,39.53,3.14,-5.48,148.89,0.1,0.4,42.19,-5.06,1.65,1.0
5,315.03,0.019,0.968,95.96,2.2,-1.14,315.03,0.043,0.936,91.75,4.78,-2.47,315.03,0.589,0.853,57.64,61.03,-26.23,270.03,0.431,0.587,42.03,26.7,-30.49,105.03,0.824,0.869,78.53,-66.61,70.44,3.23
5,166.75,0.102,0.071,5.47,-0.77,-0.02,166.75,0.142,0.126,11.84,-2.37,-0.03,166.75,0.682,0.872,80.39,-47.37,4.92,136.75,0.54,0.742,69.33,-46.05,28.45,316.75,0.822,0.983,58.22,84.49,-29.37,10.0
5,146.97,0.039,0.955,95.24,-4.05,1.42,146.97,0.078,0.956,94.51,-8.17,2.91,146.97,0.577,0.617,58.52,-38.98,18.23,101.97,0.557,0.68,64.7,-39.41,42.39,146.97,0.2,0.5,51.08,-12.25,4.6,4.07
5,168.99,0.241,0.082,6.41,-2.21,-0.13,168.99,0.264,0.14,13.09,-4.64,-0.22,168.99,0.821,0.617,58.2,-38.87,2.95,198.99,0.412,0.637,56.25,-9.86,-16.11,18.99,0.849,0.809,51.83,44.73,52.58,10.0
5,49.49,0.297,0.056,3.94,-0.3,1.54,49.49,0.158,0.197,20.25,-0.81,4.41,49.49,0.643,0.744,69.09,-4.08,53.19,4.49,0.526,0.709,49.79,34.87,20.43,259.49,0.97,0.908,33.25,74.17,-92.89,5.5
5,80.44,0.041,0.962,96.18,-2.9,4.45,80.44,0.043,0.91,91.52,-2.93,4.49,80.44,0.73,0.745,71.46,-35.47,61.02,110.44,0.531,0.644,61.12,-40.27,37.9,230.44,0.805,0.92,40.71,45.95,-82.39,6.41
5,4.24,0.9,0.9,49.69,69.35,55.97,318.19,0.018,0.91,90.93,1.88,-0.89,318.19,0.596,0.662,44.83,49.42,-18.76,348.19,0.592,0.623,40.79,40.8,9.0,168.19,0.939,0.889,80.94,-55.08,7.72,1.14
5,349.15,0.215,0.064,4.04,1.29,0.13,349.15,0.177,0.199,18.01,4.48,0.48,349.15,0.669,0.63,38.87,45.75,13.05,34.15,0.796,0.784,60.59,19.09,56.22,199.15,0.966,0.907,62.46,-9.08,-45.42,8.06
5,205.81,0.044,0.998,97.81,-1.22,-3.02,205.81,0.067,0.914,89.56,-1.72,-4.3,205.81,0.737,0.998,68.45,-4.34,-48.63,250.81,0.599,0.598,32.34,31.51,-47.92,25.81,0.969,0.996,64.19,49.36,71.04,3.9
5,253.48,0.037,0.998,96.89,2.41,-4.31,253.48,0.053,0.936,90.46,3.26,-5.81,253.48,0.521,0.998,59.64,41.62,-62.32,223.48,0.696,0.583,33.08,15.62,-44.49,43.48,0.879,0.901,74.3,8.68,73.09,4.28
5,56.87,0.167,0.059,4.37,-0.36,1.1,56.87,0.264,0.137,13.21,-1.71,5.98,56.87,0.66,0.725,71.32,-11.78,57.46,86.87,0.527,0.571,56.39,-25.38,36.51,56.87,0.2,0.5,52.37,-3.85,13.37,6.92
5,90.06,0.192,0.068,5.18,-1.24,1.49,90.06,0.154,0.146,14.33,-2.69,3.37,90.06,0.791,0.738,69.25,-46.03,62.25,120.06,0.547,0.569,53.83,-41.1,34.46,270.06,0.959,0.857,35.7,73.26,-81.24,6.71
5,122.28,0.023,0.959,95.8,-2.77,1.91,122.28,0.074,0.956,94.44,-9.08,6.35,122.28,0.673,0.637,58.99,-51.88,44.47,152.28,0.62,0.615,58.21,-39.33,15.27,302.28,0.855,0.924,56.64,88.08,-51.85,5.35
5,114.73,0.258,0.07,5.12,-2.35,1.81,114.73,0.217,0.206,20.68,-7.14,5.78,114.73,0.834,0.609,56.06,-54.96,52.99,69.73,0.559,0.55,55.81,-16.63,39.71,294.73,0.883,0.998,57.78,92.52,-64.82,8.24
5,56.51,0.9,0.9,85.34,-13.78,82.59,69.18,0.157,0.159,16.07,-1.9,4.03,69.18,0.603,0.715,70.98,-21.25,52.56,114.18,0.647,0.711,65.77,-52.92,49.14,249.18,0.932,0.962,33.39,74.82,-100.5,4.21
5,191.79,0.031,0.968,96.28,-1.76,-1.44,191.79,0.066,0.956,94.13,-3.69,-3.02,191.79,0.574,0.684,59.77,-18.76,-17.71,221.79,0.609,0.695,44.18,11.86,-43.6,191.79,0.2,0.5,49.99,-6.29,-5.23,4.38
5,337.78,0.299,0.054,3.1,1.4,-0.17,337.78,0.214,0.147,11.99,4.53,-0.57,337.78,0.896,0.895,49.63,74.47,13.16,22.78,0.473,0.772,62.75,17.81,27.66,187.78,0.91,0.837,70.23,-29.73,-23.64,9.39
5,72.65,0.144,0.098,8.5,-1.26,2.07,72.65,0.274,0.122,11.4,-2.84,5.55,72.65,0.595,0.779,76.22,-25.31,55.03,117.65,0.656,0.693,64.02,-54.0,48.51,222.65,0.875,0.859,40.42,34.71,-73.96,7.65
5,316.58,0.9,0.9,52.23,81.43,-26.84,13.06,0.248,0.161,13.66,3.35,2.92,13.06,0.701,0.761,50.35,40.64,37.34,43.06,0.767,0.659,56.97,4.71,52.2,163.06,0.861,0.915,82.85,-58.69,14.79,1.0
5,109.45,0.16,0.06,4.35,-1.08,0.91,109.45,0.217,0.151,14.53,-5.16,4.53,109.45,0.569,0.846,78.06,-52.5,50.7,154.45,0.672,0.619,58.31,-41.07,14.97,319.45,0.934,0.878,50.18,79.42,-20.41,9.67
5,71.97,0.015,0.986,98.6,-0.88,1.66,71.97,0.079,0.974,96.94,-4.66,8.98,71.97,0.829,0.821,79.05,-32.37,73.26,116.97,0.551,0.771,71.47,-51.34,44.85,221.97,0.875,0.815,38.89,31.83,-70.11,5.96
5,309.32,0.293,0.085,5.33,3.66,-2.15,309.32,0.291,0.2,16.46,9.69,-5.48,309.32,0.512,0.779,56.09,51.71,-27.25,264.32,0.651,0.57,30.69,38.11,-46.09,159.32,0.917,0.85,77.18,-59.71,21.66,9.9
5,273.92,0.1,0.4,39.83,4.45,-4.99,273.92,0.1,0.4,39.83,4.45,-4.99,273.92,0.1,0.4,39.83,4.45,-4.99,318.92,0.1,0.4,40.15,5.5,-2.5,93.92,0.1,0.4,42.42,-4.34,5.0,1.0
5,236.8,0.011,0.982,97.54,0.41,-1.26,236.8,0.026,0.972,95.49,0.99,-3.0,236.8,0.688,0.802,37.88,39.97,-69.74,191.8,0.518,0.69,61.26,-17.81,-16.36,86.8,0.928,0.918,84.13,-57.21,79.97,3.74
5,232.56,0.047,0.975,94.4,1.39,-5.13,232.56,0.037,0.969,94.64,1.06,-3.94,232.56,0.67,0.975,49.83,38.19,-75.29,187.56,0.504,0.631,58.33,-19.37,-12.25,22.56,0.818,0.977,65.19,44.2,61.06,3.12
5,204.39,0.194,0.064,4.4,-0.37,-0.87,204.39,0.104,0.125,11.33,-0.56,-1.24,204.39,0.877,0.76,50.26,-1.96,-43.6,174.39,0.718,0.786,73.55,-40.27,-4.19,204.39,0.2,0.5,48.42,-3.2,-7.57,7.05
5,336.6,0.152,0.116,9.39,2.63,-0.41,336.6,0.173,0.167,14.75,4.11,-0.63,336.6,0.518,0.65,45.65,39.15,-2.45,6.6,0.538,0.781,54.86,36.66,23.86,156.6,0.814,0.815,74.47,-56.34,21.33,9.09
5,273.27,0.9,0.9,40.66,75.74,-79.27,78.3,0.223,0.192,19.66,-3.9,6.5,78.3,0.883,0.852,80.24,-42.45,76.01,33.3,0.604,0.687,57.1,11.68,38.52,228.3,0.851,0.981,42.58,48.98,-88.05,2.23
5,240.09,0.9,0.9,30.59,68.61,-96.26,230.81,0.032,0.969,95.04,0.8,-3.35,230.81,0.836,0.872,36.83,47.52,-81.77,185.81,0.72,0.747,66.5,-28.74,-16.52,20.81,0.91,0.935,58.82,51.65,63.55,1.37
5,273.77,0.041,0.988,95.99,3.8,-4.31,273.77,0.047,0.902,88.24,4.02,-4.55,273.77,0.806,0.784,38.38,64.21,-65.98,303.77,0.763,0.667,42.33,64.19,-36.92,63.77,0.971,0.911,88.34,-25.9,86.21,5.47
5,24.35,0.244,0.106,8.1,1.34,2.19,24.35,0.264,0.141,11.88,1.89,3.63,24.35,0.717,0.784,56.88,28.79,45.53,339.35,0.406,0.715,54.53,32.76,-1.29,24.35,0.2,0.5,48.48,4.1,7.92,5.99
5,90.75,0.245,0.129,11.97,-3.86,4.82,90.75,0.108,0.126,12.01,-1.69,2.08,90.75,0.867,0.129,10.68,-11.93,13.6,60.75,0.504,0.722,73.0,-13.37,46.48,270.75,0.954,0.904,38.22,76.48,-83.97,1.66
5,122.25,0.9,0.9,79.95,-77.93,73.19,112.2,0.293,0.18,17.42,-8.3,7.08,112.2,0.753,0.756,69.06,-60.45,58.85,82.2,0.76,0.538,52.57,-29.44,48.24,262.2,0.943,0.847,32.45,70.23,-85.34,3.43
5,114.59,0.279,0.053,3.66,-1.56,1.21,114.59,0.138,0.127,11.89,-3.01,2.39,114.59,0.769,0.682,62.62,-57.51,54.88,144.59,0.507,0.532,51.27,-31.58,15.27,264.59,0.924,0.911,36.59,74.35,-87.79,7.08
5,353.44,0.002,0.978,97.96,0.18,0.03,353.44,0.055,0.941,91.21,4.75,0.91,353.44,0.728,0.762,44.87,56.34,24.82,308.44,0.629,0.601,40.57,50.29,-26.39,173.44,0.871,0.921,84.21,-50.48,-2.19,5.41
5,77.33,0.297,0.104,9.08,-3.0,4.62,77.33,0.163,0.186,19.2,-2.75,4.64,77.33,0.764,0.704,68.18,-32.25,60.82,107.33,0.776,0.692,63.88,-54.96,56.48,77.33,0.2,0.5,52.14,-7.56,12.96,6.95
5,297.37,0.1,0.4,40.21,5.99,-4.39,297.37,0.1,0.4,40.21,5.99,-4.39,297.37,0.1,0.4,40.21,5.99,-4.39,252.37,0.1,0.4,39.5,3.05,-5.52,87.37,0.1,0.4,42.51,-3.89,5.15,1.0
5,174.56,0.044,0.951,94.9,-3.73,-0.76,174.56,0.063,0.931,92.76,-5.17,-1.05,174.56,0.716,0.669,63.47,-35.36,-3.92,129.56,0.408,0.743,70.54,-37.65,25.53,324.56,0.869,0.913,52.38,78.64,-13.34,3.61
5,81.68,0.0,0.958,96.24,-0.03,0.05,81.68,0.04,0.965,96.36,-2.92,4.35,81.68,0.849,0.805,75.87,-43.3,70.85,36.68,0.777,0.545,44.46,10.74,42.34,231.68,0.885,0.963,37.71,58.6,-93.49,6.02
5,71.73,0.155,0.11,10.09,-1.47,2.89,71.73,0.128,0.138,13.62,-1.48,2.89,71.73,0.865,0.887,84.62,-34.96,79.41,101.73,0.481,0.739,70.5,-36.94,39.36,221.73,0.905,0.89,41.3,36.61,-77.05,7.45
5,65.48,0.171,0.126,12.12,-1.54,3.68,65.48,0.215,0.126,12.03,-1.9,4.61,65.48,0.505,0.606,61.68,-14.25,39.65,95.48,0.666,0.77,72.16,-45.83,55.91,245.48,0.979,0.904,29.55,72.69,-98.53,3.15
5,151.01,0.041,0.978,97.18,-4.28,1.21,151.01,0.069,0.934,92.8,-6.83,1.96,151.01,0.743,0.601,56.31,-44.42,20.17,196.01,0.76,0.655,51.91,-15.12,-25.65,1.01,1.0,0.927,49.51,75.34,63.48,7.0
5,54.26,0.049,0.996,99.03,-1.54,5.54,54.26,0.079,0.929,92.79,-2.3,8.47,54.26,0.829,0.699,66.62,-8.61,64.07,24.26,0.542,0.787,62.3,20.03,33.51,204.26,0.828,0.821,55.61,-3.84,-44.0,5.74
5,30.77,0.279,0.099,7.57,0.86,2.81,30.77,0.227,0.15,13.56,1.03,3.73,30.77,0.758,0.608,46.72,17.95,42.31,0.77,0.777,0.72,41.26,55.23,36.29,30.77,0.2,0.5,49.24,2.51,8.99,6.06
5,209.03,0.039,0.985,96.77,-0.81,-2.86,209.03,0.036,0.928,91.97,-0.72,-2.54,209.03,0.894,0.751,45.33,6.82,-50.15,179.03,0.546,0.677,65.23,-28.01,-7.67,59.03,0.837,0.995,95.91,-19.29,88.56,4.48
5,177.03,0.117,0.12,11.19,-1.71,-0.45,177.03,0.189,0.173,17.28,-3.71,-0.94,177.03,0.551,0.899,84.18,-36.41,-7.59,147.03,0.467,0.782,73.75,-39.43,17.23,357.03,0.924,0.992,53.45,78.41,57.58,9.57
5,5.98,0.1,0.4,40.23,3.49,1.92,5.98,0.1,0.4,40.23,3.49,1.92,5.98,0.1,0.4,40.23,3.49,1.92,35.98,0.1,0.4,41.71,0.41,4.05,215.98,0.1,0.4,40.52,-0.24,-4.03,1.0
5,196.94,0.262,0.082,5.88,-1.13,-1.47,196.94,0.223,0.207,19.92,-2.71,-3.32,196.94,0.647,0.84,67.34,-17.06,-28.36,226.94,0.522,0.733,48.31,14.06,-42.73,346.94,0.998,0.948,50.82,77.71,43.07,8.65
5,268.52,0.04,0.954,93.19,3.27,-4.13,268.52,0.051,0.919,89.31,4.09,-5.16,268.52,0.681,0.758,40.55,52.23,-58.63,313.52,0.434,0.726,55.23,40.85,-19.59,118.52,0.968,0.866,77.11,-76.75,74.03,5.41
5,194.87,0.9,0.9,67.9,-19.15,-35.95,279.71,0.055,0.901,87.75,5.1,-5.14,279.71,0.752,0.85,45.95,67.99,-63.17,249.71,0.577,0.503,27.83,25.64,-40.31,129.71,0.871,0.876,78.21,-74.13,63.48,1.0
5,287.71,0.238,0.108,7.78,3.58,-3.39,287.71,0.273,0.22,18.41,9.05,-7.68,287.71,0.654,0.108,4.52,9.21,-8.27,317.71,0.636,0.708,46.65,55.16,-20.88,107.71,0.942,0.83,74.64,-70.33,71.66,5.26
5,90.83,0.046,0.982,97.71,-3.97,4.84,90.83,0.03,0.963,96.28,-2.51,3.05,90.83,0.882,0.834,76.8,-55.4,72.34,135.83,0.442,0.575,55.54,-31.69,18.97,90.83,0.2,0.5,51.69,-9.82,12.27,1.0
5,327.74,0.207,0.099,7.14,3.14,-0.96,327.74,0.216,0.141,11.46,4.75,-1.45,327.74,0.897,0.824,46.57,72.37,-6.05,282.74,0.603,0.641,40.58,46.25,-40.97,177.74,0.865,0.871,80.45,-44.38,-8.95,8.99
5,112.04,0.037,0.99,98.28,-4.29,3.52,112.04,0.031,0.925,92.7,-3.38,2.77,112.04,0.552,0.671,63.24,-43.79,40.59,157.04,0.519,0.568,54.82,-30.59,8.22,292.04,0.826,0.864,49.94,79.2,-58.58,6.64
5,51.67,0.285,0.125,11.45,-1.14,5.58,51.67,0.156,0.215,22.32,-1.06,4.82,51.67,0.874,0.798,72.88,-5.28,71.34,81.67,0.6,0.524,52.06,-23.65,39.02,201.67,0.83,0.938,65.38,-8.76,-45.22,10.0
5,86.95,0.031,0.986,98.35,-2.52,3.32,86.95,0.009,0.92,92.8,-0.67,0.88,86.95,0.584,0.66,64.08,-31.19,45.13,41.95,0.674,0.693,60.49,4.44,48.11,266.95,0.879,0.928,39.76,74.42,-84.91,7.33
5,305.05,0.1,0.4,40.22,5.99,-3.84,305.05,0.1,0.4,40.22,5.99,-3.84,305.05,0.1,0.4,40.22,5.99,-3.84,275.05,0.1,0.4,39.85,4.52,-4.96,155.05,0.1,0.4,42.22,-4.83,1.06,1.0
5,173.36,0.9,0.9,82.37,-50.17,-1.74,77.89,0.04,0.933,93.65,-2.62,4.27,77.89,0.639,0.78,75.37,-31.12,57.48,122.89,0.65,0.544,51.0,-44.62,37.39,287.89,0.948,0.845,44.5,79.37,-64.68,2.73
5,9.48,0.1,0.4,40.4,3.13,2.17,9.48,0.1,0.4,40.4,3.13,2.17,9.48,0.1,0.4,40.4,3.13,2.17,54.48,0.1,0.4,42.63,-1.46,5.38,189.48,0.1,0.4,41.87,-2.94,-2.04,1.0
5,254.94,0.207,0.057,3.46,0.71,-1.27,254.94,0.179,0.131,10.39,2.29,-3.85,254.94,0.76,0.057,1.51,2.34,-4.16,284.94,0.773,0.589,32.75,53.82,-45.54,44.94,0.861,0.852,72.08,5.33,70.2,4.34
5,347.53,0.272,0.11,7.59,3.49,0.32,347.53,0.26,0.121,8.73,4.41,0.36,347.53,0.545,0.688,46.7,40.91,7.59,17.53,0.727,0.59,40.35,29.98,33.51,137.53,0.828,0.97,86.08,-75.79,55.37,6.78
5,295.1,0.021,0.957,94.88,2.48,-1.92,295.1,0.002,0.971,97.33,0.27,-0.21,295.1,0.687,0.769,49.13,65.98,-46.02,325.1,0.422,0.524,40.43,28.55,-8.65,145.1,0.893,0.991,87.8,-76.06,48.84,5.14
5,86.39,0.1,0.4,42.52,-3.82,5.17,86.39,0.1,0.4,42.52,-3.82,5.17,86.39,0.1,0.4,42.52,-3.82,5.17,131.39,0.1,0.4,42.11,-5.68,3.34,236.39,0.1,0.4,39.5,1.87,-5.55,1.0
5,151.54,0.127,0.131,12.44,-2.47,0.7,151.54,0.156,0.203,20.7,-4.38,1.26,151.54,0.793,0.883,79.83,-62.13,29.36,196.54,0.405,0.525,47.77,-9.64,-12.52,1.54,0.972,0.831,44.59,68.7,56.67,7.51
5,147.65,0.9,0.9,80.63,-69.45,41.48,66.36,0.227,0.137,13.34,-2.2,5.2,66.36,0.678,0.77,76.06,-21.87,62.13,21.36,0.725,0.742,52.31,31.58,42.43,216.36,0.953,0.884,43.86,28.46,-71.99,1.29
5,52.33,0.9,0.9,81.6,-6.54,79.69,143.17,0.027,0.942,94.27,-2.88,1.18,143.17,0.769,0.74,67.83,-56.9,34.52,98.17,0.675,0.658,62.27,-42.62,49.58,323.17,0.884,0.999,57.02,85.25,-16.35,1.12
5,302.21,0.251,0.118,8.73,5.54,-3.67,302.21,0.143,0.191,17.9,4.71,-3.16,302.21,0.642,0.118,5.62,12.02,-7.99,272.21,0.604,0.545,32.53,36.71,-39.21,152.21,0.903,0.889,79.98,-66.26,33.86,4.79
5,332.55,0.292,0.15,11.31,6.56,-1.38,332.55,0.195,0.197,17.61,5.5,-1.22,332.55,0.721,0.764,46.44,60.11,-3.97,302.55,0.503,0.79,57.74,53.4,-32.96,182.55,0.989,0.965,85.22,-42.19,-18.26,7.1
5,89.67,0.265,0.148,14.21,-4.6,5.9,89.67,0.144,0.143,14.04,-2.47,3.11,89.67,0.787,0.885,81.76,-52.64,71.73,119.67,0.788,0.536,49.7,-49.95,45.94,89.67,0.2,0.5,51.73,-9.63,12.33,6.96
5,29.63,0.006,0.952,95.53,0.12,0.45,29.63,0.078,0.919,90.05,1.61,5.54,29.63,0.852,0.835,59.86,29.89,59.58,344.63,0.425,0.604,45.58,29.06,2.18,239.63,0.913,0.978,33.25,73.77,-103.13,7.39
5,38.85,0.206,0.091,7.22,0.09,2.16,38.85,0.268,0.203,19.54,0.38,6.57,38.85,0.83,0.741,59.78,12.72,58.11,68.85,0.559,0.565,57.36,-16.49,40.72,248.85,0.906,0.925,32.7,71.27,-96.32,7.39
5,148.12,0.1,0.4,42.19,-5.08,1.73,148.12,0.1,0.4,42.19,-5.08,1.73,148.12,0.1,0.4,42.19,-5.08,1.73,118.12,0.1,0.4,42.08,-5.96,4.48,328.12,0.1,0.4,40.1,5.18,-1.61,1.0
5,358.25,0.106,0.104,8.43,1.41,0.45,358.25,0.222,0.197,16.97,5.27,1.76,358.25,0.75,0.669,38.77,51.48,29.66,328.25,0.453,0.519,38.93,29.83,-7.21,358.25,0.2,0.5,45.67,10.33,3.46,2.76
5,356.74,0.017,0.983,97.37,1.45,0.39,356.74,0.009,0.944,94.48,0.77,0.21,356.74,0.707,0.61,36.32,45.72,22.84,326.74,0.608,0.695,46.01,50.06,-11.32,146.74,0.915,0.809,73.14,-64.83,40.11,4.05
5,168.86,0.031,0.973,97.03,-2.8,-0.2,168.86,0.001,0.968,97.16,-0.07,-0.01,168.86,0.68,0.741,69.54,-40.42,1.9,213.86,0.778,0.523,31.77,6.54,-37.28,318.86,0.94,0.962,54.86,85.46,-22.72,2.36
5,325.94,0.015,0.964,95.87,1.61,-0.58,325.94,0.077,0.91,87.36,7.88,-2.75,325.94,0.737,0.772,47.01,63.23,-12.52,355.94,0.479,0.767,54.33,37.87,13.57,325.94,0.2,0.5,46.08,12.8,-4.22,7.06
5,178.38,0.185,0.121,11.12,-2.66,-0.78,178.38,0.183,0.142,13.69,-3.01,-0.88,178.38,0.797,0.62,59.14,-32.81,-7.67,223.38,0.613,0.775,48.0,15.27,-49.37,328.38,0.84,0.855,49.19,72.62,-7.16,6.58
5,156.77,0.022,0.963,96.28,-2.12,0.37,156.77,0.056,0.9,90.1,-5.18,0.94,156.77,0.705,0.601,56.67,-40.56,13.36,111.77,0.599,0.525,49.93,-38.28,35.94,306.77,0.896,0.937,56.01,88.17,-45.28,6.41
5,101.32,0.248,0.094,7.77,-3.28,3.15,101.32,0.269,0.126,11.47,-4.9,4.99,101.32,0.702,0.719,67.07,-49.28,54.6,146.32,0.418,0.625,60.43,-29.92,12.98,251.32,0.957,0.906,31.12,72.54,-96.22,7.05
5,5.38,0.27,0.081,5.15,1.92,0.96,5.38,0.264,0.175,14.34,4.91,2.66,5.38,0.853,0.725,41.23,55.64,43.67,35.38,0.587,0.599,51.37,8.15,34.44,215.38,0.956,0.839,42.47,25.17,-67.77,5.61
5,55.1,0.041,0.991,98.76,-1.37,4.7,55.1,0.039,0.954,95.49,-1.24,4.24,55.1,0.709,0.766,73.67,-10.45,62.48,100.1,0.796,0.688,63.99,-51.23,57.94,205.1,0.866,0.861,56.23,-0.97,-48.74,4.82
5,301.44,0.29,0.105,7.18,4.96,-3.55,301.44,0.241,0.152,12.45,6.62,-4.44,301.44,0.634,0.867,58.31,70.4,-43.44,271.44,0.644,0.772,43.81,51.56,-55.41,91.44,0.819,0.934,85.29,-58.3,76.21,9.72
5,301.62,0.194,0.117,9.18,4.23,-2.86,301.62,0.198,0.184,16.38,6.39,-4.3,301.62,0.514,0.705,51.54,49.97,-31.37,346.62,0.537,0.725,49.43,42.28,6.86,151.62,0.932,0.906,81.25,-68.48,36.82,9.76
5,204.9,0.024,0.988,97.88,-0.72,-1.6,204.9,0.073,0.919,89.72,-2.01,-4.64,204.9,0.653,0.988,71.69,-7.74,-42.12,159.9,0.438,0.645,62.45,-28.47,5.51,354.9,0.87,0.977,53.45,76.09,47.53,4.58
5,5.63,0.148,0.096,7.33,1.47,0.76,5.63,0.151,0.194,18.06,2.95,1.59,5.63,0.826,0.096,3.25,6.21,2.99,335.63,0.674,0.634,39.66,48.67,-1.2,155.63,0.825,0.969,86.91,-65.65,26.72,4.83
5,189.57,0.268,0.068,4.81,-1.16,-0.86,189.57,0.13,0.192,19.4,-2.06,-1.45,189.57,0.61,0.768,67.16,-23.4,-18.44,159.57,0.651,0.503,48.19,-32.32,8.13,189.57,0.2,0.5,50.27,-6.83,-4.82,7.77
5,304.56,0.101,0.134,12.12,2.42,-1.57,304.56,0.13,0.153,13.95,3.51,-2.26,304.56,0.665,0.804,53.07,67.64,-38.75,274.56,0.586,0.754,46.25,47.48,-48.69,94.56,0.991,0.818,74.57,-62.08,73.0,8.01
5,227.02,0.02,0.984,97.27,0.34,-2.02,227.02,0.018,0.961,95.41,0.29,-1.74,227.02,0.568,0.843,52.34,18.59,-52.2,182.02,0.484,0.604,58.33,-21.81,-8.31,17.02,0.858,0.949,58.88,54.68,59.53,5.09
5,345.81,0.026,0.962,94.97,2.38,0.03,345.81,0.054,0.941,91.28,4.96,0.09,345.81,0.582,0.646,42.72,41.69,6.71,315.81,0.441,0.5,38.38,30.23,-13.52,195.81,0.894,0.865,64.68,-17.08,-36.11,6.32
5,288.69,0.036,0.966,94.7,4.01,-3.44,288.69,0.055,0.966,93.46,6.1,-5.23,288.69,0.617,0.861,55.04,62.99,-49.92,243.69,0.625,0.641,32.35,32.93,-54.55,288.69,0.2,0.5,45.96,13.21,-11.08,5.45
5,292.29,0.1,0.4,40.13,5.66,-4.52,292.29,0.1,0.4,40.13,5.66,-4.52,292.29,0.1,0.4,40.13,5.66,-4.52,322.29,0.1,0.4,40.13,5.38,-2.17,112.29,0.1,0.4,42.16,-5.57,4.6,1.0
5,181.05,0.164,0.119,10.9,-2.22,-0.82,181.05,0.157,0.166,16.55,-2.83,-1.05,181.05,0.843,0.627,58.99,-31.54,-10.78,151.05,0.573,0.513,49.29,-32.3,12.7,331.05,0.92,0.803,44.81,70.52,0.86,7.49
5,305.22,0.009,0.977,97.42,1.08,-0.71,305.22,0.052,0.974,94.52,6.37,-4.11,305.22,0.565,0.812,56.69,59.68,-34.34,335.22,0.442,0.64,47.9,33.29,-3.75,125.22,0.968,0.865,77.02,-76.4,71.56,4.04
5,83.67,0.122,0.148,14.74,-1.93,2.78,83.67,0.147,0.173,17.61,-2.65,3.83,83.67,0.671,0.771,73.6,-36.93,58.26,38.67,0.555,0.543,48.48,4.37,31.4,233.67,0.857,0.837,32.63,52.76,-83.58,5.87
5,308.12,0.028,0.961,94.83,3.36,-2.06,308.12,0.034,0.939,92.5,4.01,-2.45,308.12,0.89,0.676,40.45,68.02,-33.57,278.12,0.567,0.74,47.09,46.87,-45.24,158.12,0.824,0.978,87.78,-64.34,22.76,2.91
5,334.16,0.202,0.114,8.58,3.51,-0.69,334.16,0.181,0.185,16.49,4.77,-0.93,334.16,0.784,0.861,50.21,69.09,0.35,4.16,0.769,0.525,30.77,40.34,27.98,124.16,0.956,0.953,84.1,-82.24,77.45,8.54
5,269.14,0.9,0.9,38.77,74.23,-82.45,252.02,0.195,0.142,11.24,2.53,-4.55,252.02,0.809,0.726,29.09,53.65,-72.93,222.02,0.493,0.514,36.84,5.93,-27.74,102.02,0.951,0.957,85.28,-75.18,80.62,3.83
5,354.92,0.1,0.4,39.96,4.27,1.0,354.92,0.1,0.4,39.96,4.27,1.0,354.92,0.1,0.4,39.96,4.27,1.0,309.92,0.1,0.4,40.2,5.81,-3.37,204.92,0.1,0.4,41.08,-1.37,-3.2,1.0
5,68.35,0.045,0.98,97.8,-2.47,5.23,68.35,0.074,0.976,97.23,-3.99,8.53,68.35,0.696,0.881,85.4,-26.79,70.04,98.35,0.725,0.533,50.85,-38.19,44.39,278.35,0.905,0.998,47.69,84.48,-81.67,5.58
5,358.3,0.157,0.135,11.35,2.63,0.85,358.3,0.222,0.157,12.81,4.34,1.44,358.3,0.853,0.899,49.46,70.39,48.37,43.3,0.74,0.684,59.46,4.07,52.35,148.3,0.841,0.808,73.38,-61.58,34.06,6.81
5,156.71,0.024,0.971,96.93,-2.32,0.41,156.71,0.041,0.95,94.8,-3.98,0.72,156.71,0.672,0.892,81.55,-53.7,17.5,201.71,0.629,0.732,56.92,-10.14,-29.06,336.71,0.859,0.924,51.89,75.55,9.07,1.62
5,219.98,0.288,0.106,7.25,0.26,-3.75,219.98,0.2,0.14,11.64,0.2,-3.6,219.98,0.812,0.808,42.75,22.94,-62.69,249.98,0.499,0.578,35.94,23.96,-38.93,219.98,0.2,0.5,46.49,0.69,-10.46,4.71
5,323.76,0.043,0.98,95.53,4.71,-1.83,323.76,0.048,0.971,94.43,5.21,-2.02,323.76,0.663,0.619,39.72,49.65,-13.28,8.76,0.726,0.579,36.5,37.61,29.42,173.76,0.859,0.873,80.29,-47.9,-2.75,4.28
5,2.77,0.1,0.4,40.07,3.82,1.69,2.77,0.1,0.4,40.07,3.82,1.69,2.77,0.1,0.4,40.07,3.82,1.69,332.77,0.1,0.4,40.08,5.02,-1.16,182.77,0.1,0.4,42.21,-3.62,-1.54,1.0
5,302.86,0.1,0.4,40.24,6.06,-4.05,302.86,0.1,0.4,40.24,6.06,-4.05,302.86,0.1,0.4,40.24,6.06,-4.05,257.86,0.1,0.4,39.59,3.4,-5.39,122.86,0.1,0.4,42.07,-5.98,4.16,1.0
5,147.65,0.295,0.122,10.84,-5.52,2.04,147.65,0.217,0.189,18.87,-5.9,2.14,147.65,0.644,0.727,67.6,-48.1,23.14,177.65,0.557,0.585,56.9,-25.85,-5.92,147.65,0.2,0.5,51.08,-12.19,4.45,6.37
5,271.11,0.1,0.4,39.79,4.27,-5.06,271.11,0.1,0.4,39.79,4.27,-5.06,271.11,0.1,0.4,39.79,4.27,-5.06,241.11,0.1,0.4,39.33,2.32,-5.79,91.11,0.1,0.4,42.46,-4.15,5.06,1.0
5,282.77,0.031,0.977,95.89,3.17,-3.03,282.77,0.036,0.956,93.77,3.63,-3.47,282.77,0.779,0.727,39.63,62.92,-55.41,327.77,0.478,0.715,52.04,40.94,-9.89,102.77,0.828,0.807,73.56,-61.48,66.85,3.51
5,238.5,0.044,0.968,93.78,1.82,-5.11,238.5,0.05,0.956,92.21,2.07,-5.8,238.5,0.736,0.871,37.32,50.37,-80.79,208.5,0.702,0.657,45.61,-1.04,-35.68,238.5,0.2,0.5,44.23,5.42,-13.87,5.21
5,68.98,0.289,0.137,13.22,-2.98,6.57,68.98,0.125,0.184,19.05,-1.72,3.64,68.98,0.673,0.602,60.44,-19.89,50.28,113.98,0.679,0.607,56.68,-48.29,45.25,278.98,0.877,0.958,46.88,81.15,-77.2,8.51
5,74.93,0.1,0.4,42.69,-3.04,5.43,74.93,0.1,0.4,42.69,-3.04,5.43,74.93,0.1,0.4,42.69,-3.04,5.43,29.93,0.1,0.4,41.41,1.03,3.62,224.93,0.1,0.4,40.07,0.69,-4.69,1.0
5,113.39,0.02,0.996,99.17,-2.34,1.87,113.39,0.077,0.959,94.74,-8.87,7.17,113.39,0.8,0.808,73.09,-66.53,64.64,158.39,0.595,0.628,59.71,-36.51,9.63,113.39,0.2,0.5,50.99,-13.5,11.18,3.63
5,187.31,0.047,0.986,97.52,-3.15,-1.88,187.31,0.003,0.943,94.89,-0.21,-0.12,187.31,0.857,0.616,53.53,-24.28,-17.38,157.31,0.64,0.685,64.38,-41.78,12.53,37.31,0.825,0.922,71.98,17.9,67.86,5.38
5,40.94,0.003,0.996,99.56,-0.01,0.25,40.94,0.05,0.913,91.05,-0.13,4.31,40.94,0.773,0.9,74.13,9.78,65.79,70.94,0.787,0.717,70.21,-27.14,64.16,190.94,0.949,0.818,65.22,-23.78,-28.57,3.19
5,92.12,0.185,0.138,13.19,-3.18,3.83,92.12,0.113,0.126,11.93,-1.8,2.16,92.12,0.759,0.873,80.59,-53.01,68.91,62.12,0.486,0.796,79.53,-14.98,48.3,302.12,0.966,0.996,59.79,96.26,-56.35,8.25
5,78.85,0.9,0.9,84.14,-45.58,79.73,313.41,0.284,0.171,13.72,8.07,-4.14,313.41,0.537,0.89,62.18,58.73,-27.23,343.41,0.669,0.741,45.92,53.17,8.1,103.41,0.851,0.914,82.18,-69.45,74.73,1.0
5,313.81,0.1,0.4,40.18,5.68,-2.99,313.81,0.1,0.4,40.18,5.68,-2.99,313.81,0.1,0.4,40.18,5.68,-2.99,283.81,0.1,0.4,39.99,5.1,-4.74,103.81,0.1,0.4,42.28,-5.0,4.78,1.0
5,74.96,0.268,0.059,4.33,-1.0,1.69,74.96,0.298,0.201,20.54,-4.93,9.14,74.96,0.525,0.664,66.0,-21.59,42.84,29.96,0.673,0.734,57.43,18.54,43.41,224.96,0.824,0.821,39.14,33.47,-70.47,5.05
5,12.16,0.016,0.971,96.58,0.92,0.77,12.16,0.053,0.965,93.98,3.03,2.51,12.16,0.596,0.971,67.12,42.35,36.47,42.16,0.516,0.518,48.02,1.31,29.4,162.16,0.936,0.906,81.88,-60.98,18.51,1.86
5,190.56,0.032,0.979,97.25,-1.92,-1.43,190.56,0.022,0.955,95.43,-1.28,-0.96,190.56,0.609,0.796,68.83,-23.02,-19.86,145.56,0.482,0.62,59.47,-33.96,15.72,190.56,0.2,0.5,50.14,-6.59,-5.0,1.13
5,243.16,0.9,0.9,30.95,68.82,-95.65,20.83,0.079,0.975,94.12,3.2,4.87,20.83,0.52,0.677,53.53,19.62,26.66,350.83,0.692,0.701,42.45,51.03,17.61,230.83,0.914,0.932,35.8,58.28,-92.22,1.0
5,128.07,0.012,0.991,98.92,-1.43,0.88,128.07,0.071,0.971,95.83,-8.45,5.3,128.07,0.658,0.678,62.72,-52.37,40.85,83.07,0.527,0.699,68.24,-27.55,43.5,278.07,0.855,0.874,43.02,74.37,-71.58,7.78
5,309.63,0.236,0.077,4.98,2.53,-1.48,309.63,0.193,0.176,15.56,5.71,-3.28,309.63,0.619,0.882,58.87,67.13,-34.0,279.63,0.687,0.716,41.06,55.18,-51.39,129.63,0.989,0.907,80.4,-78.86,71.71,10.0
5,165.52,0.025,0.996,99.17,-2.33,0.0,165.52,0.03,0.979,97.52,-2.82,0.01,165.52,0.717,0.665,62.64,-40.16,5.63,135.52,0.521,0.73,68.37,-44.44,27.97,315.52,0.938,0.903,52.15,82.78,-28.13,5.3
5,241.84,0.214,0.122,8.8,1.95,-4.59,241.84,0.22,0.196,16.08,3.05,-7.08,241.84,0.898,0.74,24.74,58.67,-82.32,196.84,0.69,0.753,60.01,-15.88,-27.34,241.84,0.2,0.5,44.12,6.08,-14.04,1.0
5,80.14,0.037,0.971,97.01,-2.62,4.04,80.14,0.031,0.905,91.19,-2.04,3.14,80.14,0.782,0.653,63.13,-33.33,57.69,125.14,0.446,0.51,49.33,-30.84,22.9,230.14,0.846,0.919,38.8,49.46,-85.36,7.22
5,286.07,0.265,0.065,3.9,1.87,-1.73,286.07,0.146,0.189,17.49,4.12,-3.66,286.07,0.606,0.881,55.96,61.81,-51.46,241.07,0.736,0.794,33.37,48.92,-75.95,286.07,0.2,0.5,45.85,12.8,-11.25,6.4
5,132.45,0.035,0.96,95.72,-3.99,2.25,132.45,0.013,0.921,92.71,-1.46,0.82,132.45,0.613,0.723,66.98,-51.19,36.06,102.45,0.453,0.511,50.23,-26.2,27.36,282.45,0.826,0.974,51.0,81.7,-72.67,5.57
5,212.98,0.038,0.96,94.5,-0.46,-2.94,212.98,0.061,0.911,89.11,-0.68,-4.52,212.98,0.895,0.686,38.41,12.92,-51.58,167.98,0.499,0.704,67.46,-31.32,0.92,62.98,0.965,0.872,85.19,-23.83,83.56,5.01
5,40.77,0.293,0.085,6.42,0.01,2.71,40.77,0.201,0.154,14.64,-0.01,3.99,40.77,0.687,0.888,74.78,7.51,58.93,10.77,0.611,0.601,41.75,30.52,24.64,250.77,0.97,0.987,33.74,77.84,-103.52,5.93
5,188.17,0.218,0.134,12.19,-2.62,-1.66,188.17,0.125,0.217,22.3,-2.3,-1.46,188.17,0.808,0.76,64.98,-27.14,-20.82,143.17,0.437,0.618,59.62,-31.66,15.48,338.17,0.867,0.998,55.59,80.08,13.41,10.0
5,245.74,0.014,0.981,97.18,0.74,-1.66,245.74,0.017,0.948,94.16,0.84,-1.88,245.74,0.847,0.606,21.44,47.41,-67.1,275.74,0.587,0.577,35.72,38.68,-38.91,95.74,0.837,0.894,81.42,-61.28,73.82,5.51
5,67.97,0.198,0.086,7.19,-1.23,2.55,67.97,0.149,0.188,19.47,-2.01,4.43,67.97,0.842,0.834,80.96,-28.25,75.8,22.97,0.583,0.707,54.62,21.42,32.64,277.97,0.893,0.911,43.69,78.18,-75.82,8.04
5,37.55,0.1,0.4,41.79,0.25,4.17,37.55,0.1,0.4,41.79,0.25,4.17,37.55,0.1,0.4,41.79,0.25,4.17,7.55,0.1,0.4,40.31,3.33,2.03,247.55,0.1,0.4,39.43,2.74,-5.64,1.0
5,59.56,0.022,0.977,97.8,-0.95,2.66,59.56,0.012,0.96,96.35,-0.51,1.43,59.56,0.576,0.635,64.68,-12.27,47.21,104.56,0.625,0.617,58.47,-41.52,43.35,239.56,0.852,0.911,32.79,65.18,-94.14,4.46
5,276.56,0.032,0.98,96.04,3.05,-3.28,276.56,0.036,0.912,89.79,3.25,-3.49,276.56,0.812,0.743,37.19,62.97,-61.85,306.56,0.766,0.579,36.35,56.69,-30.34,126.56,0.961,0.868,77.35,-76.37,70.63,5.74
5,9.99,0.9,0.9,51.57,64.06,57.28,104.26,0.117,0.155,15.35,-2.66,2.52,104.26,0.734,0.655,61.11,-49.0,52.15,74.26,0.455,0.508,51.78,-15.12,30.11,254.26,0.947,0.863,30.45,69.92,-91.07,1.01
5,123.72,0.176,0.068,5.08,-1.64,1.1,123.72,0.252,0.138,12.76,-6.14,4.31,123.72,0.589,0.614,57.61,-45.56,36.84,93.72,0.761,0.592,56.35,-40.08,50.57,303.72,0.98,0.968,57.74,93.5,-52.14,9.96
5,99.63,0.038,0.961,95.84,-3.72,3.81,99.63,0.033,0.957,95.59,-3.21,3.29,99.63,0.635,0.857,79.29,-51.21,57.97,144.63,0.447,0.736,69.9,-36.76,17.28,309.63,0.886,0.882,52.47,82.67,-38.49,2.83
5,145.62,0.9,0.9,80.54,-70.53,44.71,187.28,0.036,0.909,91.04,-2.28,-1.36,187.28,0.85,0.877,74.34,-31.66,-22.81,157.28,0.694,0.605,57.1,-40.1,12.64,337.28,0.802,0.989,56.59,77.13,7.39,1.0
5,77.25,0.1,0.4,42.66,-3.2,5.37,77.25,0.1,0.4,42.66,-3.2,5.37,77.25,0.1,0.4,42.66,-3.2,5.37,107.25,0.1,0.4,42.23,-5.23,4.71,287.25,0.1,0.4,40.05,5.32,-4.65,1.0
5,137.21,0.1,0.4,42.14,-5.48,2.78,137.21,0.1,0.4,42.14,-5.48,2.78,137.21,0.1,0.4,42.14,-5.48,2.78,182.21,0.1,0.4,42.24,-3.67,-1.5,287.21,0.1,0.4,40.05,5.32,-4.65,1.0
5,183.5,0.047,0.984,97.59,-3.52,-1.6,183.5,0.007,0.916,92.41,-0.51,-0.23,183.5,0.807,0.653,59.7,-29.45,-13.52,138.5,0.583,0.518,49.38,-36.35,21.83,3.5,0.833,0.809,45.81,61.26,45.74,7.55
5,282.02,0.003,0.991,98.98,0.29,-0.29,282.02,0.018,0.92,91.75,1.77,-1.72,282.02,0.74,0.893,49.62,71.04,-63.37,327.02,0.407,0.512,39.89,26.74,-7.31,102.02,0.915,0.802,72.82,-64.22,69.67,6.07
5,278.15,0.044,0.974,94.67,4.27,-4.44,278.15,0.01,0.906,90.98,0.89,-0.93,278.15,0.843,0.623,30.69,56.68,-54.29,248.15,0.546,0.647,37.46,28.94,-47.19,98.15,0.904,0.827,75.3,-62.47,71.49,6.13
5,62.75,0.016,0.976,97.78,-0.76,1.89,62.75,0.061,0.934,93.75,-2.75,7.0,62.75,0.529,0.897,88.27,-17.97,57.48,17.75,0.73,0.768,52.03,37.28,42.06,212.75,0.914,0.929,51.17,18.18,-66.65,3.88
5,347.18,0.208,0.052,3.24,0.89,0.05,347.18,0.215,0.127,9.85,3.77,0.25,347.18,0.711,0.848,50.63,61.32,16.75,17.18,0.413,0.797,64.86,19.71,21.84,137.18,0.955,0.832,74.57,-71.27,56.98,10.0
5,154.23,0.1,0.4,42.22,-4.86,1.14,154.23,0.1,0.4,42.22,-4.86,1.14,154.23,0.1,0.4,42.22,-4.86,1.14,199.23,0.1,0.4,41.37,-1.95,-2.77,4.23,0.1,0.4,40.15,3.67,1.79,1.0
5,286.36,0.021,0.999,98.52,2.25,-2.02,286.36,0.066,0.901,87.15,6.76,-6.03,286.36,0.848,0.664,35.78,62.95,-52.09,316.36,0.414,0.624,48.49,33.91,-14.99,136.36,0.825,0.885,79.24,-70.88,52.78,5.84
5,43.02,0.211,0.076,5.72,-0.11,1.73,43.02,0.252,0.201,19.82,-0.27,6.56,43.02,0.703,0.723,62.99,3.94,52.29,13.02,0.584,0.752,53.7,32.65,29.13,193.02,0.902,0.843,65.65,-21.39,-31.39,9.31
5,200.87,0.012,0.96,96.01,-0.47,-0.73,200.87,0.02,0.908,91.08,-0.72,-1.14,200.87,0.528,0.794,64.78,-11.56,-25.74,230.87,0.483,0.504,33.81,11.51,-30.94,350.87,0.95,0.964,51.9,77.68,47.34,5.88
5,335.24,0.027,0.989,97.27,2.73,-0.54,335.24,0.007,0.926,93.02,0.68,-0.14,335.24,0.745,0.803,47.87,63.2,0.42,20.24,0.666,0.676,48.96,27.39,35.12,155.24,0.908,0.942,84.42,-67.41,30.46,5.62
5,257.93,0.015,0.99,97.99,1.07,-1.73,257.93,0.005,0.963,96.37,0.35,-0.57,257.93,0.78,0.62,26.8,46.82,-60.3,227.93,0.412,0.744,54.43,10.34,-34.54,257.93,0.2,0.5,44.71,8.48,-13.07,5.61
5,256.87,0.213,0.131,9.9,2.85,-4.54,256.87,0.255,0.168,12.96,4.3,-6.77,256.87,0.758,0.683,30.4,48.94,-64.11,301.87,0.759,0.727,46.37,69.08,-41.57,106.87,0.817,0.964,86.05,-73.24,75.86,5.98
5,100.33,0.112,0.079,6.29,-1.1,1.1,100.33,0.268,0.167,16.28,-6.1,6.35,100.33,0.746,0.84,77.04,-57.52,64.87,70.33,0.764,0.643,63.76,-23.92,57.93,280.33,0.991,0.896,42.12,80.14,-76.27,7.71
5,347.58,0.015,0.952,94.75,1.37,0.07,347.58,0.023,0.928,92.14,2.01,0.1,347.58,0.641,0.804,50.42,53.98,12.84,302.58,0.522,0.696,50.58,49.9,-30.69,137.58,0.842,0.943,83.88,-74.73,55.04,2.43
5,120.17,0.018,0.991,98.78,-2.26,1.61,120.17,0.044,0.942,93.83,-5.36,3.86,120.17,0.74,0.768,69.76,-64.03,58.11,90.17,0.586,0.69,66.38,-34.52,46.5,300.17,0.899,0.969,59.15,93.95,-58.09,4.11
5,153.38,0.009,0.952,95.58,-0.92,0.22,153.38,0.064,0.916,91.26,-6.18,1.51,153.38,0.608,0.603,57.26,-37.73,13.73,198.38,0.436,0.717,62.43,-11.65,-18.32,333.38,0.956,0.954,52.45,80.26,8.82,7.13
5,84.77,0.1,0.4,42.55,-3.71,5.2,84.77,0.1,0.4,42.55,-3.71,5.2,84.77,0.1,0.4,42.55,-3.71,5.2,114.77,0.1,0.4,42.13,-5.74,4.55,234.77,0.1,0.4,39.58,1.71,-5.43,1.0
5,127.09,0.19,0.096,8.09,-3.2,2.03,127.09,0.277,0.165,15.73,-7.67,5.11,127.09,0.883,0.096,6.56,-11.0,7.15,172.09,0.552,0.613,59.22,-28.83,-1.92,337.09,0.824,0.871,49.62,70.83,7.24,4.04
5,101.69,0.022,0.991,98.78,-2.22,2.18,101.69,0.013,0.976,97.61,-1.35,1.33,101.69,0.658,0.699,65.61,-46.02,50.48,56.69,0.646,0.693,68.46,-11.12,54.42,101.69,0.2,0.5,51.35,-11.61,11.73,1.85
5,265.0,0.9,0.9,37.02,72.89,-85.4,181.07,0.064,0.974,96.52,-5.04,-1.9,181.07,0.554,0.629,60.48,-25.49,-8.77,226.07,0.448,0.546,39.56,7.84,-28.38,31.07,0.925,0.915,64.33,33.74,68.02,3.37
5,212.27,0.144,0.106,8.64,-0.29,-1.76,212.27,0.251,0.203,18.06,-0.71,-5.37,212.27,0.787,0.867,53.1,8.64,-54.62,257.27,0.483,0.553,35.9,24.49,-35.04,2.27,0.868,0.932,51.48,71.31,54.45,9.52
5,260.38,0.145,0.132,11.01,2.04,-3.04,260.38,0.107,0.164,15.21,1.8,-2.7,260.38,0.753,0.132,3.88,8.66,-14.02,230.38,0.708,0.653,32.89,26.95,-55.55,50.38,0.857,0.9,80.31,-3.74,76.77,4.62
5,282.24,0.247,0.11,7.81,3.51,-3.71,282.24,0.159,0.186,16.88,4.22,-4.02,282.24,0.552,0.679,44.84,44.33,-39.8,312.24,0.64,0.745,49.34,59.42,-27.63,102.24,0.89,0.888,79.92,-68.7,74.6,8.71
5,232.97,0.23,0.133,9.97,1.49,-4.87,232.97,0.235,0.172,13.82,1.93,-6.2,232.97,0.838,0.679,27.16,41.72,-69.04,277.97,0.539,0.786,51.22,46.72,-45.34,52.97,1.0,0.912,82.38,-6.61,82.94,6.14
5,178.81,0.046,0.987,98.02,-3.84,-1.21,178.81,0.069,0.959,95.13,-5.62,-1.75,178.81,0.684,0.876,81.53,-39.62,-10.15,133.81,0.75,0.776,70.65,-61.6,45.75,358.81,0.819,0.963,53.58,72.68,48.64,3.97
5,101.77,0.21,0.102,8.74,-2.53,2.86,101.77,0.264,0.184,18.26,-6.67,6.76,101.77,0.839,0.826,75.16,-62.41,68.69,56.77,0.793,0.678,66.62,-11.56,62.39,281.77,0.89,0.824,41.33,73.83,-66.95,7.28
5,319.61,0.9,0.9,51.8,80.27,-21.35,77.1,0.068,0.966,96.2,-4.5,7.53,77.1,0.606,0.722,70.54,-27.48,51.77,122.1,0.611,0.559,52.56,-43.77,36.54,287.1,0.842,0.913,49.76,80.77,-65.97,1.0
5,339.51,0.004,0.952,95.49,0.39,-0.05,339.51,0.01,0.963,96.05,0.96,-0.11,339.51,0.869,0.847,47.25,70.29,13.93,294.51,0.637,0.792,51.9,63.55,-45.01,189.51,0.925,0.894,72.57,-28.17,-27.86,4.54
5,254.48,0.2,0.136,10.56,2.64,-4.46,254.48,0.246,0.176,13.9,4.13,-6.88,254.48,0.716,0.878,40.97,55.57,-75.7,209.48,0.474,0.524,42.21,-2.65,-20.9,74.48,0.839,0.987,92.53,-41.11,84.42,7.69
5,20.26,0.015,0.967,96.39,0.58,0.86,20.26,0.08,0.937,90.82,3.2,4.68,20.26,0.805,0.844,55.96,41.7,52.18,350.26,0.785,0.648,37.02,52.66,20.92,230.26,0.964,0.948,34.89,62.81,-96.03,8.03
5,15.24,0.037,0.998,97.83,1.93,1.98,15.24,0.04,0.976,95.81,2.07,2.12,15.24,0.714,0.65,43.76,34.22,34.52,60.24,0.737,0.744,74.65,-16.32,65.7,225.24,0.883,0.96,42.52,44.87,-85.13,8.08
5,209.28,0.021,0.961,95.54,-0.42,-1.49,209.28,0.063,0.9,88.26,-1.17,-4.33,209.28,0.637,0.879,61.99,-1.49,-42.12,254.28,0.499,0.509,32.12,22.81,-34.35,209.28,0.2,0.5,47.81,-1.99,-8.48,4.51
5,334.58,0.269,0.055,3.24,1.34,-0.25,334.58,0.202,0.192,16.91,5.51,-1.02,334.58,0.61,0.817,53.07,55.19,-3.76,4.58,0.414,0.759,58.01,28.26,15.65,154.58,0.99,0.981,87.26,-72.3,36.71,9.93
5,132.41,0.157,0.12,10.93,-3.21,1.85,132.41,0.179,0.135,12.62,-4.04,2.35,132.41,0.733,0.609,56.5,-50.57,37.89,102.41,0.559,0.723,68.36,-41.77,44.63,132.41,0.2,0.5,50.92,-13.52,7.99,4.65
5,23.58,0.108,0.096,7.93,0.53,0.97,23.58,0.107,0.17,16.56,0.87,1.65,23.58,0.76,0.668,47.48,28.13,42.11,353.58,0.458,0.753,54.37,36.03,10.57,203.58,0.983,0.938,59.01,1.35,-55.21,9.18
5,353.58,0.192,0.089,6.23,2.0,0.4,353.58,0.14,0.17,15.45,2.96,0.61,353.58,0.754,0.691,40.12,53.53,24.67,38.58,0.477,0.564,51.5,3.39,27.75,203.58,0.957,0.812,52.18,-0.25,-48.2,7.22
5,199.78,0.228,0.136,11.82,-1.67,-2.57,199.78,0.101,0.163,15.95,-0.91,-1.35,199.78,0.703,0.877,66.5,-13.66,-34.85,229.78,0.676,0.736,39.07,26.66,-57.97,19.78,0.953,0.802,49.28,49.5,57.53,8.8
5,114.21,0.189,0.099,8.28,-2.58,2.28,114.21,0.157,0.136,12.88,-3.61,2.9,114.21,0.673,0.869,78.77,-63.84,59.85,159.21,0.561,0.546,52.58,-30.86,7.27,294.21,0.816,0.965,56.91,87.11,-61.6,9.48
5,326.95,0.268,0.141,10.82,5.93,-1.84,326.95,0.16,0.21,19.57,4.91,-1.59,326.95,0.847,0.788,45.44,68.82,-8.94,356.95,0.78,0.749,42.68,57.98,33.28,176.95,0.829,0.868,80.22,-44.37,-7.76,7.76
5,230.86,0.9,0.9,35.09,55.28,-88.77,338.17,0.185,0.154,13.13,4.06,-0.49,338.17,0.548,0.736,50.15,45.31,-0.83,308.17,0.439,0.504,39.01,31.68,-17.58,188.17,0.902,0.876,72.9,-30.16,-24.96,2.86
5,50.07,0.206,0.055,3.94,-0.23,1.09,50.07,0.288,0.191,19.06,-1.36,7.94,50.07,0.504,0.687,65.85,-4.68,39.98,80.07,0.412,0.612,61.4,-18.62,31.14,200.07,0.964,0.803,54.88,-6.84,-42.58,8.72
5,199.3,0.138,0.076,5.75,-0.51,-0.76,199.3,0.158,0.207,20.36,-1.74,-2.52,199.3,0.827,0.076,3.7,-1.97,-3.84,169.3,0.713,0.509,48.87,-30.82,1.18,49.3,0.997,0.962,82.7,0.73,83.66,5.17
5,248.37,0.162,0.06,3.81,0.53,-1.13,248.37,0.193,0.122,9.13,2.03,-4.01,248.37,0.67,0.671,32.3,39.19,-59.23,293.37,0.644,0.671,43.71,55.58,-40.25,38.37,0.804,0.914,72.65,15.14,66.85,6.24
5,11.94,0.038,0.97,95.28,2.21,1.81,11.94,0.044,0.96,94.07,2.54,2.08,11.94,0.719,0.619,40.3,36.32,31.96,56.94,0.496,0.664,66.57,-9.69,41.49,221.94,0.888,0.85,40.04,34.08,-73.38,8.18
5,182.38,0.9,0.9,80.59,-40.11,-16.52,169.1,0.074,0.966,95.58,-6.59,-0.46,169.1,0.558,0.615,59.24,-30.25,0.38,214.1,0.42,0.677,54.07,-0.12,-25.27,319.1,0.876,0.856,49.74,76.84,-22.0,1.76
5,58.77,0.9,0.9,87.39,-17.61,84.18,190.93,0.263,0.212,20.56,-4.15,-3.25,190.93,0.713,0.632,53.98,-20.09,-19.02,235.93,0.49,0.751,47.3,21.5,-46.84,40.93,0.989,0.96,74.41,18.16,77.72,1.77
5,127.9,0.106,0.051,3.67,-0.6,0.37,127.9,0.165,0.125,11.46,-3.59,2.29,127.9,0.548,0.676,63.37,-45.58,33.83,82.9,0.633,0.519,51.32,-25.22,40.44,277.9,0.973,0.856,39.22,76.18,-75.24,7.6
5,100.49,0.014,0.981,98.1,-1.43,1.44,100.49,0.029,0.906,91.19,-2.7,2.71,100.49,0.785,0.655,61.14,-49.0,55.12,70.49,0.797,0.542,54.32,-21.61,52.03,310.49,0.951,0.998,58.25,91.85,-40.13,6.35
5,70.6,0.197,0.111,10.15,-1.81,3.7,70.6,0.192,0.152,15.16,-2.31,4.72,70.6,0.813,0.856,82.41,-31.45,75.29,100.6,0.409,0.511,50.66,-23.26,24.88,280.6,0.898,0.846,41.72,75.09,-69.62,7.56
5,109.53,0.276,0.098,8.06,-4.26,3.56,109.53,0.251,0.211,21.16,-7.88,6.98,109.53,0.501,0.743,70.07,-42.57,40.34,154.53,0.66,0.627,59.13,-40.96,14.72,289.53,0.864,0.817,45.31,76.09,-59.34,7.95
5,178.84,0.1,0.4,42.34,-3.94,-1.22,178.84,0.1,0.4,42.34,-3.94,-1.22,178.84,0.1,0.4,42.34,-3.94,-1.22,133.84,0.1,0.4,42.12,-5.6,3.1,358.84,0.1,0.4,39.94,4.14,1.38,1.0
5,108.94,0.009,0.967,96.94,-0.99,0.85,108.94,0.01,0.97,97.12,-1.13,0.97,108.94,0.639,0.764,70.71,-52.73,52.05,78.94,0.447,0.555,55.93,-18.01,31.25,258.94,0.826,0.958,40.12,70.57,-88.71,4.43
5,76.02,0.102,0.079,6.45,-0.68,1.14,76.02,0.114,0.156,15.77,-1.62,2.81,76.02,0.521,0.619,61.8,-20.87,40.03,121.02,0.542,0.672,62.9,-46.43,38.42,286.02,0.805,0.836,46.09,73.15,-60.8,9.05
5,349.88,0.216,0.117,8.8,3.47,0.44,349.88,0.192,0.206,18.41,4.98,0.63,349.88,0.681,0.883,53.52,60.72,19.48,34.88,0.425,0.65,58.57,5.48,26.13,349.88,0.2,0.5,45.77,10.94,1.46,5.79
5,114.6,0.243,0.149,14.11,-6.06,4.92,114.6,0.135,0.162,16.04,-3.64,2.9,114.6,0.566,0.646,60.78,-44.5,40.08,144.6,0.76,0.755,69.12,-56.75,32.88,294.6,0.996,0.867,49.11,85.06,-60.22,7.7
5,226.2,0.277,0.148,11.17,1.18,-5.82,226.2,0.196,0.134,10.81,0.7,-3.78,226.2,0.5,0.895,59.97,14.67,-47.55,196.2,0.661,0.524,43.35,-12.64,-19.23,76.2,0.904,0.968,90.3,-44.74,85.11,7.74
5,189.7,0.277,0.101,8.12,-2.38,-1.46,189.7,0.203,0.192,18.87,-3.15,-2.24,189.7,0.851,0.781,64.79,-25.61,-23.99,219.7,0.51,0.605,43.36,5.47,-31.4,39.7,0.844,0.905,72.21,14.23,69.4,9.75
5,185.14,0.137,0.078,6.16,-0.95,-0.5,185.14,0.108,0.157,15.54,-1.66,-0.85,185.14,0.555,0.767,70.38,-26.25,-13.51,140.14,0.438,0.791,74.57,-39.52,21.25,335.14,0.984,0.981,53.49,81.77,15.23,10.0
5,83.28,0.001,0.997,99.69,-0.05,0.07,83.28,0.063,0.942,94.03,-4.56,6.58,83.28,0.638,0.723,69.73,-33.41,53.14,53.28,0.441,0.697,68.57,-6.85,36.94,293.28,0.815,0.913,53.53,82.82,-59.71,5.87
5,231.95,0.178,0.057,3.62,0.27,-1.06,231.95,0.151,0.217,20.01,1.33,-4.76,231.95,0.576,0.631,37.21,19.76,-45.22,201.95,0.697,0.716,53.84,-9.24,-31.55,81.95,0.811,0.976,90.36,-49.24,80.46,5.96
5,173.8,0.257,0.072,5.38,-1.79,-0.32,173.8,0.175,0.188,19.04,-3.81,-0.66,173.8,0.615,0.667,63.74,-32.48,-3.37,203.8,0.479,0.711,58.56,-7.89,-23.36,353.8,0.953,0.98,52.62,78.44,54.12,9.47
5,121.35,0.025,0.998,99.23,-3.22,2.26,121.35,0.033,0.948,94.66,-3.98,2.8,121.35,0.539,0.866,79.28,-56.54,46.68,166.35,0.555,0.615,59.08,-31.14,2.47,301.35,0.885,0.859,52.61,84.68,-50.91,5.4
5,324.85,0.107,0.059,4.06,0.69,-0.25,324.85,0.286,0.147,11.19,6.65,-2.28,324.85,0.622,0.703,46.23,52.0,-13.36,294.85,0.48,0.51,37.92,34.74,-24.97,174.85,0.94,0.847,78.0,-47.07,-3.8,8.9
5,183.54,0.01,0.989,98.76,-0.76,-0.35,183.54,0.04,0.943,94.11,-2.87,-1.31,183.54,0.844,0.822,73.45,-35.4,-16.57,213.54,0.543,0.766,55.82,1.38,-35.65,3.54,0.871,0.863,48.02,66.32,51.58,6.45
5,299.48,0.207,0.111,8.34,4.32,-3.03,299.48,0.141,0.145,12.92,3.7,-2.61,299.48,0.636,0.74,50.11,62.45,-40.12,269.48,0.755,0.538,26.28,43.89,-48.28,119.48,0.907,0.866,77.16,-75.92,72.53,8.77
5,158.41,0.9,0.9,81.22,-62.59,23.63,326.26,0.286,0.154,11.88,6.86,-2.19,326.26,0.804,0.827,48.54,69.98,-11.44,296.26,0.549,0.712,50.13,52.12,-36.07,146.26,0.919,0.888,79.51,-70.05,44.31,1.0
5,216.22,0.1,0.4,40.51,-0.21,-4.04,216.22,0.1,0.4,40.51,-0.21,-4.04,216.22,0.1,0.4,40.51,-0.21,-4.04,246.22,0.1,0.4,39.41,2.65,-5.67,66.22,0.1,0.4,42.82,-2.45,5.63,1.0
5,248.58,0.046,0.984,94.99,2.61,-5.32,248.58,0.007,0.923,92.6,0.39,-0.81,248.58,0.576,0.874,48.15,40.08,-63.35,203.58,0.794,0.51,36.14,-4.68,-28.33,98.58,0.827,0.801,73.45,-58.01,66.92,5.44
5,250.07,0.194,0.066,4.11,0.78,-1.57,250.07,0.178,0.199,17.39,2.96,-5.58,250.07,0.594,0.814,44.12,39.93,-61.17,295.07,0.577,0.526,36.36,42.29,-29.88,70.07,0.891,0.923,87.93,-34.37,83.29,7.78
5,188.08,0.268,0.082,6.14,-1.69,-1.13,188.08,0.163,0.21,21.27,-2.9,-1.83,188.08,0.547,0.631,57.56,-20.05,-13.43,233.08,0.522,0.737,45.76,20.38,-47.23,8.08,0.887,0.842,47.97,61.95,52.85,7.02
5,231.94,0.012,0.993,98.49,0.32,-1.28,231.94,0.056,0.935,90.37,1.54,-5.86,231.94,0.896,0.701,26.47,46.01,-73.51,261.94,0.668,0.516,26.64,35.35,-44.3,231.94,0.2,0.5,45.03,3.74,-12.67,7.6
5,227.93,0.9,0.9,37.09,49.63,-85.45,3.12,0.252,0.155,12.35,4.46,2.08,3.12,0.851,0.791,44.31,61.36,46.28,318.12,0.519,0.677,48.4,44.54,-17.63,153.12,0.885,0.93,83.34,-67.39,32.66,3.33
5,104.06,0.031,0.996,99.03,-3.29,3.1,104.06,0.038,0.956,95.34,-3.94,3.72,104.06,0.799,0.763,69.99,-58.42,62.55,134.06,0.412,0.784,74.09,-38.59,23.86,104.06,0.2,0.5,51.27,-12.0,11.62,3.47
5,188.2,0.264,0.106,8.72,-2.57,-1.64,188.2,0.182,0.167,16.21,-2.65,-1.68,188.2,0.742,0.852,72.88,-29.06,-21.56,218.2,0.736,0.683,40.27,12.91,-48.22,8.2,0.869,0.867,49.79,62.31,52.85,9.45
5,25.88,0.018,0.962,95.91,0.5,1.21,25.88,0.052,0.949,93.37,1.47,3.46,25.88,0.62,0.612,47.93,17.87,32.43,355.88,0.425,0.538,40.43,24.95,8.3,175.88,0.834,0.896,82.46,-46.52,-6.28,5.06
5,225.77,0.9,0.9,38.71,45.2,-82.79,327.31,0.163,0.184,16.71,4.47,-1.42,327.31,0.5,0.824,58.45,48.09,-11.69,12.31,0.456,0.744,57.59,24.86,20.94,147.31,0.861,0.989,87.91,-73.51,43.05,4.99
5,301.18,0.001,0.978,98.01,0.18,-0.13,301.18,0.059,0.932,90.45,7.21,-4.99,301.18,0.513,0.87,62.86,59.2,-37.45,271.18,0.581,0.641,39.06,39.86,-43.44,91.18,0.932,0.865,79.09,-59.39,75.69,3.09
5,71.98,0.001,0.964,96.8,-0.04,0.07,71.98,0.023,0.965,96.66,-1.39,2.63,71.98,0.797,0.625,61.78,-25.52,57.9,26.98,0.459,0.64,54.52,11.68,24.67,221.98,0.947,0.855,37.8,39.62,-77.74,5.02
5,236.13,0.1,0.4,39.51,1.85,-5.53,236.13,0.1,0.4,39.51,1.85,-5.53,236.13,0.1,0.4,39.51,1.85,-5.53,266.13,0.1,0.4,39.71,3.94,-5.18,56.13,0.1,0.4,42.72,-1.63,5.49,1.0
5,115.52,0.265,0.071,5.15,-2.45,1.87,115.52,0.22,0.216,21.75,-7.6,6.08,115.52,0.516,0.873,80.35,-52.99,46.62,70.52,0.498,0.757,75.0,-20.12,46.07,325.52,0.914,0.923,52.11,80.04,-9.96,8.92
5,147.3,0.9,0.9,80.61,-69.64,42.04,87.59,0.007,0.918,92.61,-0.56,0.73,87.59,0.751,0.685,65.21,-39.83,57.09,132.59,0.548,0.766,71.14,-49.03,33.35,297.59,0.923,0.981,58.12,94.07,-61.83,1.0
5,167.86,0.278,0.101,8.35,-2.99,-0.09,167.86,0.196,0.213,21.71,-5.0,-0.14,167.86,0.69,0.717,67.38,-40.31,3.03,137.86,0.726,0.768,70.17,-58.53,39.37,347.86,0.955,0.9,48.56,74.08,39.0,8.72
5,187.17,0.112,0.08,6.31,-0.75,-0.46,187.17,0.201,0.194,19.21,-3.41,-2.01,187.17,0.81,0.08,4.85,-3.89,-2.7,142.17,0.699,0.628,58.52,-47.28,27.87,337.17,0.863,0.966,54.03,78.16,10.67,4.42
5,230.98,0.211,0.134,10.46,1.19,-4.39,230.98,0.128,0.206,19.46,0.98,-3.81,230.98,0.53,0.823,51.39,20.56,-50.86,200.98,0.428,0.557,48.66,-7.94,-15.91,20.98,0.916,0.803,50.83,45.67,56.61,8.09
5,0.31,0.014,0.959,95.46,1.13,0.41,0.31,0.006,0.939,94.18,0.49,0.18,0.31,0.752,0.614,35.49,47.77,29.74,30.31,0.713,0.754,58.1,20.23,47.27,150.31,0.93,0.835,75.36,-64.94,36.38,3.6
5,137.22,0.199,0.131,12.16,-4.27,2.2,137.22,0.2,0.22,22.27,-6.65,3.46,137.22,0.766,0.662,61.04,-54.04,37.64,92.22,0.412,0.667,65.48,-25.44,32.02,347.22,0.946,0.807,43.62,68.11,33.33,7.56
5,305.46,0.044,0.958,93.61,5.26,-3.39,305.46,0.071,0.918,88.57,8.38,-5.36,305.46,0.505,0.821,59.53,54.41,-31.54,260.46,0.732,0.559,26.2,41.08,-51.78,95.46,0.996,0.967,86.49,-71.8,82.68,2.65
5,87.12,0.023,0.981,97.96,-1.88,2.46,87.12,0.012,0.929,93.51,-0.9,1.18,87.12,0.759,0.792,74.44,-44.65,64.6,57.12,0.73,0.53,53.37,-9.8,48.61,87.12,0.2,0.5,51.81,-9.21,12.46,2.28
5,214.08,0.038,0.986,96.72,-0.38,-3.07,214.08,0.042,0.947,93.14,-0.41,-3.32,214.08,0.809,0.986,57.27,14.83,-64.8,259.08,0.593,0.633,35.88,35.54,-47.44,64.08,0.886,0.998,95.86,-27.47,90.24,2.33
5,222.29,0.0,0.951,95.6,0.0,-0.04,222.29,0.058,0.968,93.58,0.45,-5.35,222.29,0.601,0.951,59.54,15.98,-56.08,252.29,0.426,0.523,36.07,18.76,-30.22,12.29,0.982,0.899,50.7,65.93,62.07,7.25
5,24.11,0.9,0.9,59.07,44.04,62.67,164.98,0.199,0.192,19.34,-4.78,0.17,164.98,0.64,0.821,76.28,-44.28,5.99,134.98,0.773,0.592,54.86,-50.36,36.73,314.98,0.908,0.813,47.43,76.09,-27.49,1.0
5,162.94,0.9,0.9,81.52,-59.15,15.94,159.43,0.166,0.147,14.26,-3.35,0.48,159.43,0.707,0.714,66.62,-45.28,12.58,114.43,0.557,0.646,60.81,-43.81,39.43,339.43,0.96,0.993,53.96,81.31,23.53,1.0
5,265.07,0.9,0.9,37.05,72.92,-85.35,160.29,0.063,0.916,91.4,-5.73,0.66,160.29,0.784,0.84,76.82,-54.21,15.6,190.29,0.758,0.501,43.12,-17.7,-16.05,10.29,0.954,0.864,48.59,64.53,58.54,2.79
5,48.89,0.028,0.978,97.57,-0.55,2.86,48.89,0.069,0.927,92.41,-1.26,6.81,48.89,0.66,0.756,69.56,-3.34,54.77,93.89,0.695,0.505,48.82,-33.04,41.55,258.89,0.839,0.967,39.84,71.96,-90.36,6.3
5,46.1,0.041,0.953,94.99,-0.56,3.99,46.1,0.08,0.937,92.89,-1.0,7.62,46.1,0.871,0.843,72.17,3.6,70.78,1.1,0.734,0.59,34.69,44.79,27.72,256.1,0.991,0.856,29.6,71.03,-91.42,5.86
5,332.95,0.045,0.986,95.83,4.66,-1.1,332.95,0.06,0.957,92.31,6.13,-1.43,332.95,0.77,0.899,52.85,71.11,-2.09,2.95,0.458,0.603,44.58,27.23,14.14,182.95,1.0,0.923,81.4,-40.11,-18.41,4.99
5,20.22,0.038,0.997,97.92,1.57,2.31,20.22,0.021,0.962,95.66,0.85,1.27,20.22,0.667,0.997,70.21,37.93,48.46,50.22,0.717,0.508,48.24,-3.47,43.3,170.22,0.821,0.997,90.25,-55.41,2.62,1.0
5,233.16,0.168,0.134,10.9,1.06,-3.57,233.16,0.156,0.149,12.75,1.08,-3.64,233.16,0.511,0.676,42.65,18.38,-43.13,263.16,0.721,0.734,36.07,51.57,-62.5,23.16,0.954,0.816,52.01,45.25,59.57,5.03
5,188.48,0.9,0.9,74.39,-30.26,-25.94,335.13,0.044,0.957,93.38,4.36,-0.85,335.13,0.619,0.652,42.42,46.52,-2.66,20.13,0.627,0.637,47.25,24.29,31.14,125.13,0.997,0.867,77.18,-76.99,72.67,1.0
5,59.14,0.2,0.058,4.3,-0.47,1.31,59.14,0.212,0.137,13.4,-1.61,4.94,59.14,0.884,0.766,75.96,-16.1,74.07,29.14,0.6,0.679,54.77,15.51,35.79,239.14,0.935,0.809,26.55,64.19,-89.66,5.64
5,117.22,0.9,0.9,80.0,-77.51,74.62,135.46,0.215,0.157,15.17,-5.45,2.97,135.46,0.86,0.899,80.22,-73.47,57.01,105.46,0.591,0.772,72.06,-48.0,49.24,345.46,0.908,0.879,48.04,72.27,29.06,1.0
5,293.49,0.237,0.11,8.0,3.91,-3.28,293.49,0.184,0.167,14.64,5.12,-3.98,293.49,0.509,0.882,62.32,56.44,-41.33,338.49,0.641,0.632,40.3,46.08,1.08,293.49,0.2,0.5,46.16,13.96,-10.75,5.99
5,91.97,0.9,0.9,82.02,-60.79,77.11,349.28,0.039,0.937,91.98,3.4,0.31,349.28,0.604,0.854,54.77,53.4,13.84,34.28,0.509,0.558,49.07,6.82,27.64,139.28,0.848,0.928,82.73,-73.34,52.29,1.0
5,74.31,0.012,0.975,97.65,-0.75,1.33,74.31,0.072,0.922,92.33,-4.32,7.79,74.31,0.762,0.848,81.16,-34.06,71.0,44.31,0.452,0.692,64.76,-0.5,33.6,224.31,0.905,0.877,38.63,41.68,-79.65,5.24
5,79.62,0.199,0.053,3.87,-0.7,1.06,79.62,0.134,0.161,16.23,-2.1,3.32,79.62,0.753,0.053,3.56,-2.45,3.68,109.62,0.664,0.796,73.09,-56.47,55.58,229.62,0.853,0.873,36.84,47.07,-81.89,1.55
5,5.47,0.1,0.4,40.21,3.54,1.88,5.47,0.1,0.4,40.21,3.54,1.88,5.47,0.1,0.4,40.21,3.54,1.88,335.47,0.1,0.4,40.06,4.93,-0.89,155.47,0.1,0.4,42.23,-4.82,1.02,1.0
5,349.36,0.195,0.075,4.98,1.54,0.16,349.36,0.121,0.141,12.5,2.25,0.23,349.36,0.624,0.656,41.84,44.5,11.84,304.36,0.543,0.652,46.74,48.52,-28.64,349.36,0.2,0.5,45.78,10.98,1.33,3.65
5,229.2,0.04,0.978,95.36,0.87,-4.11,229.2,0.065,0.907,87.48,1.39,-6.36,229.2,0.784,0.645,29.8,30.41,-59.35,184.2,0.499,0.646,61.02,-21.98,-10.29,79.2,0.851,0.842,79.43,-42.15,74.02,5.94
5,74.86,0.021,0.98,98.03,-1.33,2.34,74.86,0.025,0.927,93.27,-1.52,2.67,74.86,0.823,0.851,81.1,-36.57,74.39,104.86,0.443,0.78,74.12,-37.37,37.54,224.86,0.811,0.912,44.18,35.3,-75.5,6.11
5,24.82,0.196,0.129,11.12,1.22,2.5,24.82,0.281,0.175,15.41,2.39,4.71,24.82,0.63,0.772,58.79,23.43,39.37,69.82,0.71,0.711,70.12,-24.23,59.64,204.82,0.996,0.88,53.92,4.53,-55.22,9.74
5,299.59,0.14,0.098,7.64,1.88,-1.55,299.59,0.197,0.198,17.78,6.79,-4.73,299.59,0.577,0.69,48.54,54.64,-35.32,254.59,0.758,0.59,25.58,42.79,-57.78,149.59,0.809,0.937,84.05,-67.02,34.71,9.38
5,47.19,0.223,0.117,10.45,-0.52,3.87,47.19,0.181,0.154,15.02,-0.55,3.97,47.19,0.84,0.773,67.82,1.05,65.51,77.19,0.665,0.703,68.56,-28.98,54.79,197.19,0.889,0.873,63.98,-14.85,-38.31,10.0
5,80.43,0.012,0.963,96.6,-0.88,1.34,80.43,0.049,0.906,91.12,-3.31,5.09,80.43,0.758,0.745,71.37,-36.49,62.7,110.43,0.709,0.611,57.02,-48.35,47.44,260.43,0.909,0.831,32.16,67.65,-83.44,6.56
5,285.7,0.1,0.4,40.02,5.22,-4.69,285.7,0.1,0.4,40.02,5.22,-4.69,285.7,0.1,0.4,40.02,5.22,-4.69,255.7,0.1,0.4,39.55,3.26,-5.44,135.7,0.1,0.4,42.13,-5.53,2.92,1.0
5,6.94,0.136,0.129,11.15,1.78,1.04,6.94,0.157,0.14,12.12,2.23,1.31,6.94,0.717,0.797,49.45,50.14,37.02,36.94,0.591,0.793,67.36,8.82,44.51,156.94,0.835,0.985,88.21,-65.99,25.35,7.51
5,38.08,0.002,0.989,99.0,0.0,0.15,38.08,0.009,0.971,97.2,0.02,0.74,38.08,0.586,0.828,70.75,7.73,46.34,8.08,0.552,0.553,39.4,27.33,19.04,218.08,0.917,0.87,43.01,28.96,-71.33,4.34
5,157.48,0.003,0.989,98.99,-0.28,0.05,157.48,0.063,0.916,91.33,-5.89,1.0,157.48,0.829,0.647,60.23,-47.08,16.99,187.48,0.486,0.789,71.88,-22.58,-14.14,7.48,0.815,0.991,57.78,66.64,53.99,6.2
5,13.16,0.9,0.9,52.92,60.34,58.23,338.68,0.021,0.908,90.53,1.93,-0.26,338.68,0.567,0.819,54.66,50.87,0.06,293.68,0.508,0.792,56.46,51.82,-37.83,128.68,0.933,0.959,84.64,-81.44,73.07,1.0
5,134.32,0.01,0.953,95.67,-1.09,0.58,134.32,0.075,0.9,89.57,-8.14,4.44,134.32,0.817,0.953,84.74,-75.56,58.31,89.32,0.414,0.796,77.11,-28.02,37.55,344.32,0.903,0.975,53.35,78.37,28.97,3.13
5,188.89,0.9,0.9,73.97,-29.56,-26.58,301.97,0.267,0.21,17.94,9.66,-6.37,301.97,0.699,0.753,49.28,67.37,-40.75,346.97,0.686,0.686,41.85,50.39,12.38,121.97,0.906,0.864,77.04,-75.69,71.29,1.0
5,121.6,0.022,0.998,99.27,-2.78,1.94,121.6,0.039,0.973,96.7,-4.84,3.39,121.6,0.719,0.647,59.67,-54.85,48.36,76.6,0.585,0.574,57.23,-21.92,41.74,331.6,0.868,0.888,50.19,74.8,-0.32,7.86
5,5.1,0.049,0.986,95.75,3.58,1.84,5.1,0.04,0.974,95.16,2.92,1.5,5.1,0.848,0.71,40.36,54.71,42.47,35.1,0.589,0.678,57.5,9.39,38.07,185.1,0.95,0.91,78.23,-36.04,-21.41,4.2
5,45.79,0.253,0.095,7.73,-0.37,3.15,45.79,0.239,0.204,20.32,-0.65,6.52,45.79,0.602,0.8,72.28,-0.52,50.9,15.79,0.554,0.562,42.33,22.05,22.5,255.79,0.854,0.878,34.57,66.71,-86.36,6.16
5,165.15,0.032,0.993,98.72,-2.99,0.03,165.15,0.002,0.945,95.14,-0.17,0.0,165.15,0.776,0.64,60.21,-41.03,6.79,120.15,0.771,0.531,49.26,-49.05,44.66,15.15,0.848,0.814,50.23,50.0,51.09,7.15
5,249.79,0.133,0.146,12.64,1.65,-3.19,249.79,0.101,0.143,12.87,1.22,-2.38,249.79,0.77,0.856,35.93,57.58,-80.89,219.79,0.676,0.513,31.28,9.35,-36.34,99.79,0.995,0.973,86.56,-76.0,82.54,4.54
5,225.76,0.033,0.982,96.18,0.49,-3.28,225.76,0.053,0.945,91.79,0.78,-5.09,225.76,0.786,0.833,40.99,32.09,-69.23,255.76,0.689,0.781,38.18,48.79,-66.11,15.76,0.989,0.873,50.59,60.81,61.74,9.48
5,304.29,0.283,0.068,4.1,2.48,-1.63,304.29,0.291,0.201,16.59,9.99,-6.29,304.29,0.86,0.703,42.99,70.67,-39.5,349.29,0.644,0.573,35.99,41.03,11.14,124.29,0.936,0.828,74.04,-73.5,68.59,6.84
5,202.93,0.1,0.4,41.18,-1.57,-3.05,202.93,0.1,0.4,41.18,-1.57,-3.05,202.93,0.1,0.4,41.18,-1.57,-3.05,247.93,0.1,0.4,39.43,2.76,-5.63,22.93,0.1,0.4,41.06,1.74,3.12,1.0
5,202.66,0.026,0.998,98.69,-0.91,-1.67,202.66,0.065,0.917,90.03,-2.08,-3.89,202.66,0.655,0.799,60.37,-9.48,-33.32,157.66,0.743,0.696,64.75,-46.65,15.23,202.66,0.2,0.5,48.63,-3.63,-7.25,4.49
5,346.27,0.207,0.108,8.04,2.48,0.14,346.27,0.279,0.147,11.17,5.67,0.33,346.27,0.754,0.735,42.97,57.22,15.79,31.27,0.632,0.698,56.41,14.86,39.81,166.27,0.964,0.917,83.02,-58.62,12.03,7.87
5,44.82,0.188,0.085,6.74,-0.2,1.95,44.82,0.187,0.184,18.3,-0.42,4.61,44.82,0.562,0.799,72.28,0.05,47.09,14.82,0.667,0.698,48.04,33.96,33.41,194.82,0.855,0.886,67.85,-19.77,-34.11,9.88
5,193.9,0.1,0.4,41.64,-2.49,-2.38,193.9,0.1,0.4,41.64,-2.49,-2.38,193.9,0.1,0.4,41.64,-2.49,-2.38,238.9,0.1,0.4,39.37,2.13,-5.74,343.9,0.1,0.4,40.02,4.64,-0.07,1.0
5,207.33,0.026,0.953,94.62,-0.63,-1.8,207.33,0.054,0.955,93.57,-1.26,-3.69,207.33,0.776,0.627,42.29,-0.75,-36.58,177.33,0.546,0.65,62.76,-27.82,-6.11,27.33,0.996,0.883,57.8,43.54,66.16,5.8
5,155.95,0.175,0.133,12.54,-3.33,0.7,155.95,0.144,0.151,14.75,-3.04,0.63,155.95,0.881,0.673,62.25,-50.86,21.15,185.95,0.665,0.556,50.9,-21.99,-12.51,305.95,0.818,0.882,54.09,81.82,-43.84,7.36
5,101.15,0.151,0.083,6.69,-1.64,1.6,101.15,0.286,0.163,15.78,-6.46,6.64,101.15,0.646,0.672,63.37,-43.62,48.17,71.15,0.765,0.733,71.71,-27.37,64.16,311.15,0.923,0.992,58.01,90.65,-38.95,10.0
5,115.45,0.037,0.971,96.62,-4.41,3.42,115.45,0.049,0.912,91.18,-5.53,4.3,115.45,0.831,0.767,69.44,-65.92,63.36,70.45,0.461,0.599,60.7,-15.62,35.37,325.45,0.936,0.812,45.7,72.92,-8.61,5.53
5,220.62,0.1,0.4,40.29,0.24,-4.37,220.62,0.1,0.4,40.29,0.24,-4.37,220.62,0.1,0.4,40.29,0.24,-4.37,265.62,0.1,0.4,39.71,3.91,-5.2,40.62,0.1,0.4,41.94,-0.06,4.39,1.0
5,22.97,0.22,0.098,7.57,1.17,1.92,22.97,0.281,0.156,13.35,2.41,4.13,22.97,0.801,0.612,42.36,28.67,41.05,67.97,0.677,0.69,68.6,-21.38,56.49,202.97,0.99,0.941,59.69,0.28,-54.57,7.65
5,0.63,0.1,0.4,39.97,4.04,1.54,0.63,0.1,0.4,39.97,4.04,1.54,0.63,0.1,0.4,39.97,4.04,1.54,315.63,0.1,0.4,40.17,5.61,-2.82,210.63,0.1,0.4,40.79,-0.79,-3.63,1.0
5,102.96,0.172,0.067,5.0,-1.3,1.22,102.96,0.261,0.137,12.8,-5.24,5.18,102.96,0.707,0.741,68.73,-51.77,56.01,147.96,0.442,0.709,67.68,-34.43,14.26,102.96,0.2,0.5,51.31,-11.82,11.67,7.51
5,12.83,0.25,0.066,4.22,1.0,0.81,12.83,0.146,0.12,10.19,1.48,1.28,12.83,0.625,0.716,49.82,34.17,30.48,57.83,0.679,0.642,64.3,-11.78,53.95,162.83,0.878,0.901,81.66,-58.69,15.49,9.03
5,158.23,0.1,0.4,42.24,-4.71,0.75,158.23,0.1,0.4,42.24,-4.71,0.75,158.23,0.1,0.4,42.24,-4.71,0.75,113.23,0.1,0.4,42.15,-5.63,4.58,308.23,0.1,0.4,40.21,5.87,-3.53,1.0
5,8.89,0.265,0.051,3.09,0.76,0.49,8.89,0.196,0.126,10.19,2.4,1.61,8.89,0.819,0.824,48.84,56.2,47.11,338.89,0.774,0.501,28.95,44.1,4.06,8.89,0.2,0.5,46.68,7.96,5.34,5.81
5,164.94,0.282,0.082,6.3,-2.62,0.11,164.94,0.234,0.203,20.48,-5.88,0.25,164.94,0.631,0.651,61.77,-36.46,4.78,134.94,0.733,0.504,47.22,-42.95,30.41,314.94,0.827,0.83,49.61,74.92,-28.63,8.65
5,38.15,0.017,0.981,97.8,0.04,1.48,38.15,0.01,0.927,93.24,0.02,0.79,38.15,0.639,0.844,70.85,9.23,51.31,83.15,0.794,0.754,71.53,-40.67,64.65,248.15,0.863,0.89,32.76,66.42,-91.18,5.97
5,338.14,0.177,0.123,9.86,3.19,-0.4,338.14,0.242,0.202,17.23,6.76,-0.75,338.14,0.795,0.611,35.21,52.49,5.02,308.14,0.734,0.518,32.78,50.18,-25.9,158.14,0.968,0.966,86.34,-68.16,28.37,6.12
5,269.39,0.9,0.9,38.88,74.32,-82.26,282.01,0.106,0.185,17.69,2.78,-2.68,282.01,0.604,0.853,53.15,57.91,-51.92,327.01,0.682,0.649,40.88,51.92,-10.33,72.01,0.925,0.894,84.97,-36.91,81.7,4.7
5,107.78,0.146,0.081,6.47,-1.66,1.44,107.78,0.18,0.213,21.8,-5.6,5.05,107.78,0.768,0.89,80.29,-66.82,68.35,152.78,0.714,0.688,64.06,-47.35,19.55,257.78,0.972,0.967,34.91,77.59,-98.66,5.53
5,335.88,0.268,0.075,4.63,2.27,-0.36,335.88,0.195,0.163,14.03,4.57,-0.74,335.88,0.675,0.615,38.39,47.52,-0.91,305.88,0.639,0.666,44.82,56.09,-31.33,155.88,0.882,0.865,78.26,-61.87,26.26,7.88
5,327.87,0.1,0.4,40.1,5.19,-1.63,327.87,0.1,0.4,40.1,5.19,-1.63,327.87,0.1,0.4,40.1,5.19,-1.63,357.87,0.1,0.4,39.95,4.18,1.29,117.87,0.1,0.4,42.09,-5.94,4.48,1.0
5,163.59,0.123,0.054,3.91,-0.6,0.03,163.59,0.213,0.17,16.79,-4.67,0.31,163.59,0.636,0.651,61.72,-37.31,6.11,118.59,0.409,0.612,58.96,-33.52,27.25,313.59,0.99,0.865,49.86,81.46,-29.88,9.22
5,259.55,0.1,0.105,8.52,1.13,-1.73,259.55,0.293,0.195,14.91,5.95,-8.73,259.55,0.636,0.709,38.04,42.55,-55.55,214.55,0.587,0.559,39.48,2.52,-30.47,109.55,0.858,0.9,80.49,-72.84,73.5,7.16
5,140.53,0.1,0.4,42.15,-5.36,2.46,140.53,0.1,0.4,42.15,-5.36,2.46,140.53,0.1,0.4,42.15,-5.36,2.46,185.53,0.1,0.4,42.07,-3.34,-1.75,320.53,0.1,0.4,40.14,5.44,-2.34,1.0
5,180.22,0.181,0.122,11.2,-2.56,-0.88,180.22,0.291,0.175,17.18,-5.44,-1.82,180.22,0.725,0.757,71.21,-35.36,-10.86,210.22,0.401,0.507,42.66,-2.35,-17.56,0.22,0.917,0.94,50.73,74.77,58.77,8.56
5,316.95,0.005,0.976,97.58,0.59,-0.29,316.95,0.026,0.944,93.45,2.86,-1.41,316.95,0.633,0.655,43.37,51.84,-20.36,1.95,0.697,0.54,32.7,39.28,23.78,136.95,0.829,0.923,82.33,-73.22,54.11,5.57
5,212.55,0.9,0.9,50.32,16.26,-63.82,175.07,0.222,0.212,21.59,-5.24,-1.04,175.07,0.81,0.843,78.0,-44.5,-4.93,220.07,0.593,0.627,41.39,8.46,-37.81,25.07,0.837,0.901,61.5,38.6,59.86,1.0
5,12.21,0.25,0.14,11.3,3.08,2.54,12.21,0.241,0.139,11.35,2.94,2.43,12.21,0.794,0.751,46.58,47.06,43.06,42.21,0.693,0.798,68.61,5.15,55.38,222.21,0.805,0.948,48.39,30.5,-73.83,4.94
5,168.89,0.043,0.975,96.98,-3.84,-0.27,168.89,0.053,0.902,90.3,-4.5,-0.31,168.89,0.761,0.975,88.59,-53.55,3.71,213.89,0.704,0.697,44.9,5.97,-42.85,18.89,0.821,0.859,55.63,45.3,53.29,2.94
5,317.44,0.9,0.9,52.11,81.09,-25.29,355.25,0.045,0.964,93.86,3.89,0.91,355.25,0.885,0.602,32.52,52.6,32.54,25.25,0.432,0.745,62.93,13.58,25.41,205.25,0.901,0.881,56.26,0.82,-51.54,1.0
5,265.86,0.154,0.088,6.31,1.43,-1.97,265.86,0.298,0.188,14.28,6.47,-8.32,265.86,0.788,0.781,36.19,59.84,-69.2,295.86,0.465,0.798,59.08,48.95,-34.51,55.86,0.966,0.914,85.65,-12.46,84.65,6.49
5,165.12,0.027,0.981,97.77,-2.55,0.03,165.12,0.063,0.952,94.54,-5.76,0.09,165.12,0.568,0.78,73.36,-38.88,4.4,120.12,0.417,0.685,65.19,-37.86,30.29,345.12,0.825,0.872,49.14,69.28,21.51,6.14
5,255.63,0.007,0.956,95.59,0.44,-0.75,255.63,0.074,0.906,86.44,4.66,-7.83,255.63,0.587,0.732,41.07,38.23,-53.95,210.63,0.644,0.732,51.24,0.3,-37.94,255.63,0.2,0.5,44.63,8.14,-13.22,7.67
5,45.79,0.133,0.054,3.9,-0.09,0.66,45.79,0.25,0.208,20.82,-0.68,6.96,45.79,0.784,0.657,58.13,1.7,54.38,75.79,0.714,0.775,74.83,-31.72,62.88,195.79,0.949,0.903,66.18,-16.36,-38.98,8.4
5,321.12,0.004,0.981,98.05,0.42,-0.18,321.12,0.046,0.962,93.79,5.08,-2.18,321.12,0.625,0.706,46.55,53.38,-17.23,6.12,0.686,0.688,43.5,43.31,30.24,111.12,0.836,0.886,79.42,-71.94,71.57,5.81
5,204.94,0.034,0.967,95.64,-0.99,-2.23,204.94,0.058,0.922,90.63,-1.61,-3.7,204.94,0.827,0.967,64.15,-2.77,-51.2,159.94,0.442,0.783,74.5,-33.51,6.54,354.94,0.82,0.934,52.1,71.39,40.75,5.84
5,51.81,0.005,1.0,99.9,-0.13,0.54,51.81,0.006,0.915,92.39,-0.16,0.64,51.81,0.601,0.695,66.46,-6.28,48.64,81.81,0.564,0.664,65.0,-27.25,44.67,261.81,0.91,0.913,36.01,73.23,-89.05,6.91
5,18.36,0.186,0.07,4.85,0.67,0.8,18.36,0.289,0.192,16.69,3.74,4.58,18.36,0.685,0.886,61.37,38.04,44.22,348.36,0.46,0.756,54.66,37.19,6.4,228.36,0.816,0.923,41.82,43.07,-81.01,8.23
5,62.86,0.185,0.078,6.32,-0.84,2.07,62.86,0.162,0.202,21.24,-1.99,5.23,62.86,0.719,0.88,86.26,-21.3,73.07,32.86,0.779,0.574,44.76,15.5,42.38,242.86,0.979,0.859,27.6,69.84,-95.24,4.22
5,359.52,0.205,0.077,5.05,1.56,0.53,359.52,0.249,0.136,10.29,4.29,1.57,359.52,0.512,0.782,53.67,40.66,18.78,314.52,0.601,0.761,51.4,56.72,-24.76,209.52,0.984,0.868,48.67,14.42,-61.85,9.21
5,293.53,0.023,0.991,97.73,2.71,-2.15,293.53,0.056,0.975,94.25,6.64,-5.23,293.53,0.646,0.991,63.32,76.2,-54.94,323.53,0.758,0.612,37.06,54.16,-13.18,113.53,0.934,0.891,79.36,-76.6,75.15,2.93
5,65.08,0.049,0.96,96.12,-2.43,5.71,65.08,0.007,0.93,93.75,-0.33,0.75,65.08,0.63,0.96,93.06,-23.55,70.19,110.08,0.678,0.568,53.43,-44.06,43.1,275.08,0.957,1.0,44.63,84.29,-86.98,4.37
5,52.86,0.281,0.149,14.44,-1.44,6.51,52.86,0.299,0.164,16.08,-1.64,7.5,52.86,0.596,0.652,63.15,-6.92,46.32,22.86,0.608,0.731,55.62,23.35,35.09,232.86,0.903,0.969,36.41,62.88,-96.48,4.54
5,223.47,0.104,0.08,6.03,0.11,-1.03,223.47,0.273,0.144,11.01,0.79,-5.37,223.47,0.647,0.717,42.89,16.1,-48.99,253.47,0.435,0.647,44.03,23.4,-36.57,73.47,0.97,0.916,86.35,-40.7,83.63,7.81
5,339.29,0.172,0.068,4.49,1.23,-0.13,339.29,0.195,0.193,17.15,5.16,-0.5,339.29,0.831,0.816,46.25,67.08,10.77,294.29,0.587,0.603,41.21,47.58,-34.05,339.29,0.2,0.5,45.9,11.74,-1.06,5.15
5,207.55,0.227,0.093,6.9,-0.62,-2.13,207.55,0.205,0.175,16.04,-1.06,-3.5,207.55,0.655,0.696,50.26,-3.1,-34.24,252.55,0.411,0.674,46.98,22.3,-35.83,57.55,0.875,0.839,81.11,-14.76,78.09,9.13
5,248.12,0.048,0.982,94.65,2.72,-5.62,248.12,0.065,0.972,92.49,3.68,-7.55,248.12,0.786,0.798,32.33,55.17,-78.28,278.12,0.618,0.684,41.53,47.81,-45.93,98.12,0.905,0.886,80.16,-65.97,75.45,6.26
5,267.67,0.203,0.145,11.69,3.56,-4.49,267.67,0.237,0.201,16.72,5.56,-6.94,267.67,0.883,0.867,37.25,70.95,-80.19,297.67,0.53,0.507,36.68,38.88,-26.31,57.67,0.832,0.893,85.98,-15.63,80.17,7.23
5,318.1,0.265,0.148,11.55,6.44,-2.89,318.1,0.228,0.189,16.29,6.83,-3.09,318.1,0.63,0.148,7.52,14.53,-5.82,348.1,0.596,0.566,37.0,37.97,8.27,168.1,0.981,0.941,85.07,-58.37,9.22,4.83
5,255.59,0.041,0.992,96.15,2.76,-4.68,255.59,0.048,0.912,88.8,3.02,-5.11,255.59,0.827,0.992,40.35,71.58,-93.17,225.59,0.502,0.622,42.6,10.28,-35.14,45.59,0.851,0.943,79.72,4.48,76.04,5.9
5,13.92,0.049,0.989,96.32,2.71,2.53,13.92,0.029,0.928,92.17,1.48,1.39,13.92,0.693,0.863,57.37,43.42,41.33,43.92,0.712,0.648,57.26,2.7,48.86,13.92,0.2,0.5,47.26,6.7,6.18,4.97
5,59.13,0.142,0.127,12.26,-1.04,3.09,59.13,0.225,0.194,20.1,-2.25,7.03,59.13,0.648,0.634,64.26,-12.64,52.01,14.13,0.426,0.764,60.85,22.09,20.5,239.13,0.852,0.859,30.97,61.66,-89.67,5.88
5,257.92,0.1,0.4,39.59,3.41,-5.39,257.92,0.1,0.4,39.59,3.41,-5.39,257.92,0.1,0.4,39.59,3.41,-5.39,287.92,0.1,0.4,40.06,5.37,-4.64,77.92,0.1,0.4,42.65,-3.25,5.36,1.0
5,197.12,0.132,0.108,9.31,-0.95,-1.15,197.12,0.132,0.147,13.96,-1.23,-1.49,197.12,0.778,0.827,63.26,-16.17,-32.94,167.12,0.774,0.7,65.45,-42.73,4.96,197.12,0.2,0.5,49.32,-4.99,-6.22,5.47
5,103.63,0.1,0.4,42.28,-4.99,4.79,103.63,0.1,0.4,42.28,-4.99,4.79,103.63,0.1,0.4,42.28,-4.99,4.79,148.63,0.1,0.4,42.19,-5.07,1.68,253.63,0.1,0.4,39.52,3.13,-5.49,1.0
5,281.13,0.2,0.143,11.72,4.21,-4.07,281.13,0.103,0.17,16.01,2.46,-2.41,281.13,0.601,0.829,51.6,55.91,-50.94,311.13,0.52,0.641,46.28,44.35,-22.24,131.13,0.992,0.833,74.48,-73.72,65.88,8.97
5,140.23,0.281,0.114,9.88,-5.23,2.52,140.23,0.113,0.137,13.21,-2.46,1.14,140.23,0.654,0.692,64.26,-49.41,29.88,185.23,0.691,0.696,63.0,-27.36,-14.66,320.23,0.921,0.867,49.62,78.21,-19.16,8.7
5,47.56,0.1,0.4,42.29,-0.76,4.88,47.56,0.1,0.4,42.29,-0.76,4.88,47.56,0.1,0.4,42.29,-0.76,4.88,92.56,0.1,0.4,42.44,-4.24,5.03,227.56,0.1,0.4,39.94,0.96,-4.89,1.0
5,358.24,0.9,0.9,48.82,72.06,52.77,323.92,0.029,0.975,95.9,3.2,-1.24,323.92,0.615,0.799,52.54,57.35,-15.73,353.92,0.754,0.726,42.12,55.59,26.21,143.92,0.993,0.985,86.99,-79.18,56.89,2.31
5,1.58,0.031,0.961,94.49,2.47,0.99,1.58,0.059,0.964,92.94,4.72,1.9,1.58,0.785,0.899,51.33,65.61,44.94,31.58,0.675,0.677,53.97,15.63,41.63,151.58,0.995,0.985,87.35,-74.74,42.9,2.14
5,344.73,0.017,0.96,95.33,1.6,-0.02,344.73,0.031,0.977,95.96,2.91,-0.03,344.73,0.577,0.96,62.58,57.23,8.07,314.73,0.721,0.773,48.53,65.77,-26.95,194.73,0.904,0.926,69.75,-19.7,-36.69,1.62
5,122.45,0.134,0.051,3.68,-0.79,0.54,122.45,0.112,0.187,19.07,-3.57,2.5,122.45,0.787,0.051,3.02,-4.19,2.88,92.45,0.531,0.552,54.09,-27.54,35.1,302.45,0.933,0.904,54.59,88.7,-51.6,2.91
5,213.87,0.159,0.051,3.41,-0.07,-0.6,213.87,0.297,0.125,9.37,-0.36,-4.34,213.87,0.719,0.856,53.97,7.97,-51.56,183.87,0.535,0.587,55.67,-21.62,-9.84,63.87,0.889,0.88,85.74,-24.65,82.0,10.0
5,95.24,0.263,0.111,9.76,-3.93,4.15,95.24,0.128,0.163,16.34,-2.67,3.0,95.24,0.508,0.841,79.52,-39.0,46.97,125.24,0.625,0.748,68.81,-55.31,44.57,275.24,0.994,0.881,38.52,77.15,-79.99,7.48
5,310.58,0.1,0.4,40.19,5.79,-3.3,310.58,0.1,0.4,40.19,5.79,-3.3,310.58,0.1,0.4,40.19,5.79,-3.3,265.58,0.1,0.4,39.7,3.9,-5.2,130.58,0.1,0.4,42.11,-5.71,3.42,1.0
5,141.21,0.023,0.987,98.35,-2.55,1.11,141.21,0.016,0.965,96.58,-1.74,0.76,141.21,0.701,0.871,78.97,-61.84,37.86,96.21,0.542,0.71,67.87,-36.63,43.49,351.21,0.821,0.874,49.0,68.3,32.1,4.16
5,332.35,0.271,0.137,10.33,5.65,-1.23,332.35,0.222,0.167,14.06,5.46,-1.22,332.35,0.647,0.636,40.7,47.88,-5.01,302.35,0.761,0.684,43.55,65.82,-39.17,152.35,0.802,0.876,79.31,-61.74,28.47,7.39
5,349.94,0.147,0.055,3.62,0.69,0.08,349.94,0.169,0.171,15.17,3.74,0.46,349.94,0.522,0.728,50.1,40.7,9.47,19.94,0.529,0.535,42.24,17.07,22.0,169.94,0.821,0.815,75.28,-47.56,2.53,10.0
5,29.92,0.247,0.084,6.12,0.6,1.86,29.92,0.139,0.131,12.02,0.57,1.99,29.92,0.531,0.743,61.68,13.35,34.2,359.92,0.411,0.745,55.75,30.88,13.34,239.92,0.838,0.882,32.03,62.82,-91.14,6.75
5,197.99,0.274,0.07,4.77,-0.85,-1.2,197.99,0.263,0.195,18.17,-2.84,-3.83,197.99,0.866,0.874,63.75,-13.95,-38.74,227.99,0.403,0.585,43.68,8.15,-27.72,347.99,0.831,0.856,47.95,68.06,26.69,9.55
5,76.48,0.126,0.08,6.57,-0.87,1.43,76.48,0.233,0.164,16.37,-3.41,5.97,76.48,0.64,0.818,78.86,-31.13,60.07,46.48,0.674,0.631,57.6,-0.5,46.9,256.48,0.944,0.977,35.61,77.22,-98.95,6.66
5,86.66,0.047,0.963,96.08,-3.75,5.0,86.66,0.038,0.917,92.11,-2.92,3.89,86.66,0.674,0.795,75.28,-40.48,59.36,56.66,0.42,0.561,57.21,-7.5,30.74,296.66,0.919,0.98,57.47,93.31,-62.67,4.19
5,184.34,0.0,0.958,96.24,-0.03,-0.01,184.34,0.06,0.924,91.96,-4.16,-2.0,184.34,0.547,0.615,57.85,-22.45,-10.69,214.34,0.678,0.622,40.81,5.0,-38.05,334.34,0.812,0.898,51.6,72.69,2.0,7.0
5,123.53,0.018,0.959,95.98,-2.22,1.5,123.53,0.079,0.949,93.64,-9.58,6.56,123.53,0.578,0.649,60.72,-46.97,37.96,153.53,0.455,0.661,63.57,-31.85,10.19,333.53,0.907,0.939,52.22,78.58,5.81,6.21
5,78.32,0.041,0.998,99.38,-2.85,4.6,78.32,0.057,0.963,96.07,-3.87,6.27,78.32,0.607,0.898,85.61,-33.81,61.48,48.32,0.689,0.551,51.41,-2.07,43.74,288.32,0.871,0.857,46.72,78.6,-62.84,5.46
5,129.19,0.04,0.967,96.18,-4.78,2.9,129.19,0.004,0.951,95.53,-0.51,0.31,129.19,0.883,0.774,69.82,-67.8,58.64,84.19,0.766,0.796,75.14,-42.38,65.78,339.19,0.83,0.94,53.11,74.89,12.18,5.29
5,225.37,0.202,0.106,7.87,0.51,-2.85,225.37,0.249,0.15,11.81,0.94,-5.21,225.37,0.877,0.692,30.62,33.47,-65.3,255.37,0.695,0.546,26.06,36.57,-50.04,45.37,0.97,0.825,68.83,7.1,71.64,5.63
5,113.55,0.002,0.986,98.73,-0.29,0.23,113.55,0.032,0.906,91.0,-3.56,2.85,113.55,0.816,0.606,55.94,-53.74,52.14,83.55,0.798,0.6,57.92,-34.36,54.13,113.55,0.2,0.5,50.98,-13.53,11.17,5.16
5,347.85,0.02,0.996,98.33,1.84,0.1,347.85,0.043,0.952,92.91,3.9,0.24,347.85,0.57,0.865,56.92,51.46,10.73,32.85,0.44,0.506,45.52,5.79,21.4,137.85,0.833,0.921,82.2,-72.9,53.01,4.08
5,279.87,0.004,0.984,98.3,0.43,-0.44,279.87,0.049,0.968,93.89,4.86,-4.89,279.87,0.707,0.818,46.07,63.04,-58.42,234.87,0.579,0.712,40.38,25.33,-52.24,129.87,0.951,0.819,73.36,-72.24,64.21,5.35
5,210.77,0.226,0.087,6.21,-0.37,-1.99,210.77,0.24,0.181,16.02,-0.83,-4.51,210.77,0.642,0.087,4.23,-0.44,-4.96,255.77,0.701,0.513,24.18,35.19,-47.85,0.77,0.967,0.962,51.55,77.04,63.29,4.64
5,328.2,0.166,0.083,5.85,1.85,-0.57,328.2,0.126,0.181,17.01,3.38,-1.04,328.2,0.778,0.622,36.9,54.59,-7.64,358.2,0.495,0.537,37.95,29.02,12.05,178.2,0.965,0.845,78.16,-43.98,-9.33,7.05
5,292.93,0.041,0.98,95.62,4.78,-3.82,292.93,0.02,0.938,93.24,2.28,-1.83,292.93,0.557,0.77,52.88,54.67,-40.25,322.93,0.636,0.574,37.6,45.45,-13.21,112.93,0.855,0.884,79.04,-73.45,72.14,4.38
5,325.72,0.9,0.9,51.01,78.16,-9.98,198.26,0.117,0.125,11.43,-0.9,-1.19,198.26,0.844,0.852,62.51,-13.7,-37.61,153.26,0.493,0.672,64.17,-34.7,11.62,18.26,0.825,0.896,57.4,48.13,55.15,1.0
5,303.96,0.1,0.4,40.23,6.02,-3.94,303.96,0.1,0.4,40.23,6.02,-3.94,303.96,0.1,0.4,40.23,6.02,-3.94,333.96,0.1,0.4,40.07,4.98,-1.04,123.96,0.1,0.4,42.08,-5.95,4.06,1.0
5,47.16,0.153,0.084,6.74,-0.25,1.64,47.16,0.225,0.197,19.73,-0.79,6.08,47.16,0.742,0.825,73.17,-0.4,63.43,77.16,0.429,0.665,66.41,-19.29,35.1,197.16,0.966,0.849,60.83,-12.65,-39.88,9.56
5,278.94,0.16,0.103,7.91,1.74,-2.2,278.94,0.265,0.128,9.19,4.95,-4.96,278.94,0.604,0.103,4.3,6.98,-7.58,248.94,0.743,0.563,23.88,38.72,-56.21,98.94,0.924,0.841,76.25,-64.68,72.8,4.67
5,159.83,0.013,0.959,96.11,-1.28,0.15,159.83,0.02,0.939,94.23,-1.83,0.21,159.83,0.841,0.663,61.63,-47.02,14.78,189.83,0.657,0.71,61.73,-22.53,-18.59,159.83,0.2,0.5,51.22,-11.07,1.62,1.43
5,195.04,0.1,0.4,41.58,-2.38,-2.46,195.04,0.1,0.4,41.58,-2.38,-2.46,195.04,0.1,0.4,41.58,-2.38,-2.46,225.04,0.1,0.4,40.07,0.7,-4.7,345.04,0.1,0.4,40.01,4.6,0.04,1.0
5,10.67,0.256,0.139,11.08,3.3,2.48,10.67,0.223,0.184,16.22,3.63,2.72,10.67,0.52,0.663,48.96,27.65,21.65,55.67,0.583,0.523,52.57,-7.86,39.2,190.67,0.963,0.885,70.21,-25.45,-30.24,8.55
5,264.2,0.9,0.9,36.69,72.66,-85.94,24.68,0.057,0.972,95.09,1.79,3.79,24.68,0.897,0.668,44.84,33.49,49.61,354.68,0.761,0.742,42.84,56.83,28.29,174.68,0.961,0.827,76.34,-46.63,-3.29,2.46
5,2.03,0.134,0.106,8.37,1.7,0.44,2.03,0.27,0.199,16.47,6.17,2.71,2.03,0.601,0.864,55.77,49.8,28.08,32.03,0.764,0.788,60.24,20.88,53.29,152.03,0.931,0.808,73.21,-62.36,32.78,10.0
5,281.87,0.9,0.9,44.97,79.39,-72.04,230.25,0.187,0.143,11.77,1.03,-4.04,230.25,0.82,0.645,27.8,34.56,-62.67,200.25,0.705,0.552,42.73,-9.36,-24.45,20.25,0.886,0.823,52.44,45.88,56.02,1.0
5,312.11,0.026,0.956,94.49,3.02,-1.69,312.11,0.072,0.946,90.77,8.37,-4.63,312.11,0.511,0.829,59.31,53.45,-26.04,342.11,0.647,0.678,42.79,48.37,5.26,162.11,0.868,0.905,81.98,-59.16,16.44,2.85
5,225.92,0.298,0.135,9.65,1.16,-5.78,225.92,0.256,0.164,13.11,1.13,-5.84,225.92,0.681,0.746,41.55,21.96,-55.45,195.92,0.491,0.696,60.41,-14.11,-18.37,75.92,0.847,0.997,93.07,-43.65,85.1,7.1
5,131.61,0.017,0.963,96.39,-1.93,1.11,131.61,0.03,0.94,94.05,-3.47,2.0,131.61,0.691,0.844,76.48,-63.19,47.36,86.61,0.743,0.64,61.44,-36.72,53.87,281.61,0.81,0.822,43.34,70.39,-63.42,3.53
5,181.68,0.25,0.143,13.51,-3.84,-1.48,181.68,0.134,0.146,14.25,-2.15,-0.84,181.68,0.735,0.885,80.81,-38.33,-14.09,226.68,0.777,0.556,26.95,23.01,-50.15,1.68,0.887,0.881,48.26,69.38,53.46,6.21
5,96.45,0.032,0.96,95.94,-2.93,3.19,96.45,0.01,0.967,96.87,-0.93,1.01,96.45,0.689,0.719,67.59,-45.33,54.39,66.45,0.554,0.535,54.71,-14.35,38.91,276.45,0.839,0.842,41.21,70.79,-69.84,6.15
5,293.37,0.018,0.991,98.06,2.17,-1.72,293.37,0.076,0.922,88.51,8.59,-6.76,293.37,0.787,0.617,36.86,59.94,-43.12,248.37,0.426,0.674,45.76,21.81,-37.84,83.37,0.814,0.841,78.82,-45.38,71.44,6.42
5,205.75,0.016,0.956,95.38,-0.43,-1.05,205.75,0.025,0.915,91.43,-0.65,-1.59,205.75,0.516,0.956,74.23,-7.81,-33.63,160.75,0.559,0.618,59.15,-33.46,6.85,55.75,0.83,0.814,77.65,-11.79,73.22,1.14
5,171.52,0.175,0.138,13.18,-3.01,-0.35,171.52,0.277,0.186,18.37,-6.01,-0.62,171.52,0.63,0.656,62.5,-33.63,-1.23,201.52,0.555,0.634,51.65,-9.31,-22.93,321.52,0.866,0.838,48.58,74.49,-17.84,8.7
5,9.08,0.025,0.974,96.2,1.61,1.09,9.08,0.054,0.925,90.37,3.31,2.24,9.08,0.512,0.817,59.28,33.73,24.43,54.08,0.613,0.661,64.47,-8.14,48.75,189.08,0.909,0.913,74.65,-29.5,-27.35,3.99
5,144.76,0.129,0.125,11.75,-2.54,1.0,144.76,0.103,0.12,11.21,-1.95,0.76,144.76,0.708,0.703,65.06,-51.25,28.37,189.76,0.742,0.556,48.17,-19.54,-16.7,354.76,0.856,0.921,50.68,72.14,43.47,7.2
5,241.32,0.249,0.059,3.38,0.65,-1.69,241.32,0.19,0.204,17.5,2.65,-6.34,241.32,0.835,0.896,32.9,63.66,-91.87,211.32,0.766,0.656,41.85,4.36,-41.56,241.32,0.2,0.5,44.1,6.0,-14.07,2.96
5,62.56,0.1,0.4,42.87,-2.19,5.71,62.56,0.1,0.4,42.87,-2.19,5.71,62.56,0.1,0.4,42.87,-2.19,5.71,92.56,0.1,0.4,42.44,-4.24,5.03,272.56,0.1,0.4,39.81,4.36,-5.02,1.0
5,298.15,0.259,0.079,5.06,3.01,-2.23,298.15,0.252,0.146,11.64,6.63,-4.7,298.15,0.624,0.845,56.81,67.74,-44.72,343.15,0.521,0.662,46.09,38.71,2.97,298.15,0.2,0.5,46.36,14.69,-10.42,6.09
5,39.57,0.01,0.991,98.92,-0.01,0.86,39.57,0.042,0.96,95.3,-0.0,3.71,39.57,0.666,0.852,71.71,8.27,54.69,84.57,0.466,0.748,72.93,-27.04,40.77,219.57,0.856,0.82,41.81,25.8,-66.09,5.99
5,318.24,0.1,0.4,40.15,5.52,-2.56,318.24,0.1,0.4,40.15,5.52,-2.56,318.24,0.1,0.4,40.15,5.52,-2.56,348.24,0.1,0.4,40.0,4.49,0.35,168.24,0.1,0.4,42.29,-4.34,-0.21,1.0
5,163.49,0.038,0.998,99.06,-3.67,0.17,163.49,0.021,0.975,97.41,-1.98,0.09,163.49,0.591,0.826,77.04,-42.79,6.71,208.49,0.645,0.574,41.58,-2.06,-29.55,343.49,0.98,0.986,53.15,80.33,34.81,3.76
5,47.36,0.028,0.99,98.57,-0.48,2.87,47.36,0.075,0.916,91.2,-1.13,7.19,47.36,0.577,0.749,69.19,-2.31,47.28,77.36,0.71,0.714,69.28,-30.97,58.38,257.36,0.966,0.967,34.92,77.36,-98.63,6.73
5,215.64,0.024,0.956,94.86,-0.16,-1.95,215.64,0.062,0.906,88.44,-0.37,-4.85,215.64,0.894,0.956,50.52,23.89,-71.55,170.64,0.472,0.661,63.95,-27.54,-1.16,5.64,0.898,0.964,53.58,71.93,59.32,7.26
5,261.48,0.9,0.9,35.66,71.9,-87.69,279.83,0.065,0.912,87.97,6.17,-6.2,279.83,0.687,0.769,44.1,58.55,-54.33,324.83,0.572,0.608,41.55,43.09,-11.73,99.83,0.811,0.95,85.66,-66.64,75.52,3.28
5,1.1,0.275,0.114,7.99,3.27,1.54,1.1,0.124,0.156,14.25,2.25,0.89,1.1,0.825,0.642,35.88,52.3,36.41,31.1,0.792,0.637,48.35,19.55,45.88,151.1,0.877,0.996,88.61,-72.2,37.72,6.12
5,187.31,0.9,0.9,75.58,-32.21,-24.11,334.05,0.034,0.942,92.73,3.34,-0.72,334.05,0.571,0.775,52.0,50.05,-4.7,4.05,0.719,0.551,33.47,39.53,26.18,154.05,0.939,0.854,77.08,-64.04,31.35,1.0
5,44.02,0.162,0.09,7.41,-0.17,1.89,44.02,0.158,0.175,17.45,-0.29,3.67,44.02,0.849,0.836,70.35,6.42,68.1,14.02,0.564,0.769,55.96,30.96,28.92,194.02,0.813,0.927,72.27,-22.24,-32.88,10.0
5,281.69,0.043,0.959,93.52,4.36,-4.25,281.69,0.0,0.97,97.3,0.03,-0.03,281.69,0.591,0.846,53.28,56.28,-50.81,251.69,0.442,0.509,34.29,19.01,-30.79,131.69,0.934,0.964,85.09,-81.07,70.14,4.1
5,348.99,0.143,0.139,12.1,2.65,0.26,348.99,0.281,0.166,12.94,6.22,0.75,348.99,0.881,0.661,36.15,57.02,25.87,318.99,0.424,0.786,59.68,41.32,-16.49,168.99,0.816,0.935,85.07,-53.53,4.33,6.41
5,290.33,0.289,0.087,5.43,3.54,-3.03,290.33,0.267,0.197,16.4,8.33,-6.75,290.33,0.736,0.71,42.58,62.76,-47.98,245.33,0.736,0.668,28.46,43.33,-65.16,110.33,0.998,0.873,77.82,-75.7,75.28,7.91
5,263.71,0.004,0.973,97.35,0.28,-0.4,263.71,0.025,0.963,95.0,1.87,-2.63,263.71,0.558,0.643,38.95,35.36,-44.06,233.71,0.588,0.758,42.93,26.06,-54.97,53.71,0.812,0.956,88.08,-10.0,80.62,4.37
5,267.57,0.003,0.977,97.81,0.23,-0.3,267.57,0.08,0.96,90.83,6.56,-8.4,267.57,0.592,0.692,40.84,41.71,-48.27,237.57,0.779,0.723,29.26,45.57,-72.24,57.57,0.955,0.92,87.84,-15.73,86.09,5.17
5,62.06,0.9,0.9,87.96,-22.61,84.38,15.94,0.239,0.17,14.82,3.01,3.17,15.94,0.558,0.631,47.22,24.35,25.06,330.94,0.664,0.564,35.73,44.71,-5.79,195.94,0.891,0.946,70.13,-17.99,-38.89,2.87
5,88.22,0.22,0.104,9.01,-2.76,3.26,88.22,0.199,0.179,18.09,-3.99,5.25,88.22,0.557,0.711,68.63,-32.63,45.74,43.22,0.527,0.622,57.31,0.9,35.41,88.22,0.2,0.5,51.78,-9.39,12.4,5.91
5,153.48,0.1,0.4,42.22,-4.89,1.21,153.48,0.1,0.4,42.22,-4.89,1.21,153.48,0.1,0.4,42.22,-4.89,1.21,108.48,0.1,0.4,42.21,-5.32,4.68,3.48,0.1,0.4,40.11,3.75,1.74,1.0
5,122.96,0.252,0.068,4.93,-2.27,1.55,122.96,0.206,0.197,19.65,-6.8,4.81,122.96,0.68,0.622,57.66,-51.09,43.48,92.96,0.454,0.53,52.6,-23.41,29.18,332.96,0.975,0.808,44.32,71.02,7.5,6.79
5,43.71,0.9,0.9,74.1,8.87,73.94,103.53,0.024,0.947,94.9,-2.41,2.29,103.53,0.868,0.754,68.94,-60.45,64.91,58.53,0.567,0.797,78.96,-13.53,55.37,253.53,0.803,0.829,34.11,59.66,-79.9,2.67
5,166.09,0.257,0.147,13.99,-4.85,0.08,166.09,0.226,0.207,20.93,-5.7,0.09,166.09,0.637,0.641,60.93,-35.8,3.76,211.09,0.43,0.736,59.21,-2.3,-25.97,16.09,0.893,0.999,60.17,60.99,64.03,10.0
5,316.12,0.033,0.98,96.12,3.86,-1.94,316.12,0.021,0.933,92.72,2.37,-1.2,316.12,0.723,0.756,47.35,64.33,-24.83,271.12,0.639,0.746,42.53,49.63,-53.67,106.12,0.987,0.979,86.6,-80.46,82.22,5.31
5,179.77,0.004,0.991,99.12,-0.35,-0.12,179.77,0.037,0.95,94.9,-2.97,-1.02,179.77,0.7,0.738,69.87,-34.46,-10.02,224.77,0.746,0.665,34.9,22.26,-54.09,329.77,0.913,0.841,47.13,73.29,-1.68,7.12
5,289.3,0.288,0.06,3.52,1.84,-1.6,289.3,0.283,0.21,17.36,9.24,-7.61,289.3,0.637,0.06,2.39,3.68,-3.25,259.3,0.615,0.514,28.13,31.25,-41.42,79.3,0.822,0.839,79.3,-41.17,72.51,2.99
5,282.18,0.199,0.105,7.79,2.53,-2.8,282.18,0.284,0.211,17.19,8.51,-7.98,282.18,0.831,0.712,37.15,64.07,-57.22,327.18,0.409,0.574,44.59,29.5,-7.95,102.18,0.96,0.951,84.77,-75.25,80.37,6.53
5,15.92,0.281,0.117,8.72,2.59,2.39,15.92,0.263,0.214,19.01,4.08,4.27,15.92,0.555,0.117,6.7,5.18,4.32,45.92,0.671,0.537,49.33,-0.07,40.81,225.92,0.904,0.895,38.18,45.67,-82.87,1.58
5,32.18,0.012,0.952,95.39,0.17,0.88,32.18,0.014,0.933,93.56,0.2,1.06,32.18,0.512,0.668,57.23,9.74,31.21,347.18,0.457,0.594,43.58,30.46,4.31,182.18,0.94,0.919,82.17,-41.23,-16.71,1.68
5,188.04,0.047,0.95,94.39,-2.96,-1.86,188.04,0.0,0.959,96.39,-0.0,-0.0,188.04,0.691,0.874,75.43,-29.19,-20.73,143.04,0.756,0.694,63.98,-53.56,32.21,188.04,0.2,0.5,50.46,-7.2,-4.53,1.93
5,231.55,0.043,0.993,96.32,1.18,-4.64,231.55,0.021,0.97,95.86,0.57,-2.28,231.55,0.87,0.633,24.69,39.64,-65.97,276.55,0.654,0.68,39.5,49.37,-48.61,81.55,0.941,0.826,77.25,-47.05,74.97,3.8
5,39.55,0.042,0.95,94.48,0.0,3.67,39.55,0.0,0.925,93.33,-0.0,0.01,39.55,0.817,0.876,70.52,13.16,66.16,84.55,0.692,0.627,60.71,-32.67,50.42,189.55,0.856,0.974,79.32,-30.44,-28.44,1.55
5,326.57,0.005,0.975,97.51,0.5,-0.18,326.57,0.064,0.972,93.5,6.84,-2.33,326.57,0.724,0.646,39.67,54.12,-10.46,11.57,0.451,0.791,60.92,26.39,21.36,146.57,0.81,0.838,75.9,-62.97,35.9,5.78
5,213.9,0.036,0.977,96.04,-0.37,-2.86,213.9,0.022,0.937,93.36,-0.22,-1.67,213.9,0.734,0.671,42.25,6.82,-43.25,183.9,0.507,0.663,62.57,-22.92,-10.44,63.9,0.989,0.883,85.89,-25.64,84.49,2.71
5,17.72,0.139,0.067,4.72,0.47,0.56,17.72,0.254,0.137,11.23,2.48,2.94,17.72,0.817,0.752,48.6,41.89,47.05,47.72,0.452,0.702,66.83,-2.98,35.56,17.72,0.2,0.5,47.7,5.75,6.81,6.68
5,151.65,0.031,0.972,96.88,-3.2,0.86,151.65,0.047,0.969,96.28,-4.82,1.31,151.65,0.557,0.673,63.7,-39.02,14.89,181.65,0.592,0.676,64.04,-27.7,-10.12,151.65,0.2,0.5,51.13,-11.83,3.51,2.29
5,17.11,0.192,0.118,9.69,1.65,1.89,17.11,0.242,0.183,16.19,3.1,3.52,17.11,0.636,0.623,44.83,27.12,29.68,47.11,0.648,0.622,57.45,-1.34,45.18,227.11,0.945,0.855,33.97,50.16,-84.1,4.96
5,163.37,0.042,0.985,97.83,-3.96,0.19,163.37,0.056,0.947,94.27,-5.13,0.26,163.37,0.519,0.824,77.42,-38.61,5.46,133.37,0.605,0.78,71.84,-53.54,36.93,163.37,0.2,0.5,51.27,-10.74,0.8,3.55
5,359.96,0.167,0.091,6.55,1.73,0.61,359.96,0.271,0.183,14.73,6.06,2.33,359.96,0.772,0.791,45.18,59.81,38.58,44.96,0.52,0.643,59.84,-0.5,36.71,359.96,0.2,0.5,45.65,10.2,3.86,4.73
5,305.73,0.01,0.999,99.28,1.21,-0.78,305.73,0.013,0.979,97.39,1.56,-1.0,305.73,0.838,0.874,53.32,82.13,-44.13,350.73,0.487,0.793,55.82,40.53,9.64,95.73,0.901,0.858,78.14,-62.12,73.81,2.9
5,60.42,0.217,0.115,10.72,-1.5,4.38,60.42,0.207,0.19,19.82,-2.19,6.44,60.42,0.817,0.651,66.0,-15.44,63.12,90.42,0.419,0.534,53.34,-20.9,27.32,240.42,0.846,0.884,31.86,63.72,-91.79,5.91
5,326.84,0.257,0.102,7.05,4.07,-1.28,326.84,0.119,0.215,20.76,3.7,-1.22,326.84,0.784,0.611,36.19,54.36,-9.06,281.84,0.598,0.793,49.86,54.02,-48.62,116.84,0.879,0.996,87.73,-83.1,79.98,6.71
5,135.37,0.009,0.979,97.99,-1.03,0.53,135.37,0.042,0.976,96.89,-4.85,2.55,135.37,0.76,0.832,75.23,-65.01,47.22,165.37,0.675,0.611,58.09,-36.2,4.76,345.37,0.931,0.948,51.5,77.12,33.14,5.83
5,13.55,0.002,0.963,96.67,0.11,0.1,13.55,0.066,0.917,89.28,3.49,3.18,13.55,0.854,0.815,49.38,52.49,50.96,328.55,0.742,0.594,35.92,51.08,-7.56,193.55,0.927,0.93,70.86,-21.54,-35.49,5.76
5,34.87,0.022,0.955,95.35,0.2,1.76,34.87,0.036,0.969,96.11,0.35,2.95,34.87,0.811,0.775,60.02,18.46,56.92,349.87,0.645,0.506,31.67,37.03,10.42,244.87,0.823,0.896,34.01,63.2,-90.01,5.78
5,283.93,0.265,0.053,3.14,1.29,-1.24,283.93,0.116,0.212,20.46,3.51,-3.25,283.93,0.746,0.888,49.9,72.19,-62.22,328.93,0.507,0.536,38.45,34.04,-7.36,103.93,0.986,0.823,74.16,-69.11,72.24,8.1
5,6.6,0.241,0.139,11.01,3.51,2.04,6.6,0.12,0.143,12.94,1.74,0.99,6.6,0.508,0.866,61.72,37.48,24.07,336.6,0.653,0.749,47.31,54.03,-0.49,6.6,0.2,0.5,46.41,8.54,4.96,3.84
5,157.76,0.271,0.145,13.58,-5.41,1.02,157.76,0.28,0.217,21.75,-7.85,1.53,157.76,0.761,0.67,62.46,-45.91,15.16,202.76,0.696,0.505,38.14,-6.57,-24.4,337.76,0.916,0.998,54.87,81.41,16.17,9.22
5,325.4,0.012,0.98,97.48,1.29,-0.47,325.4,0.005,0.943,94.7,0.48,-0.18,325.4,0.539,0.7,48.76,45.64,-12.27,280.4,0.727,0.543,30.09,46.59,-42.78,145.4,0.905,0.874,78.41,-69.22,44.29,3.87
5,210.59,0.006,0.984,98.34,-0.1,-0.42,210.59,0.015,0.944,94.35,-0.26,-1.09,210.59,0.657,0.984,66.94,1.07,-49.08,165.59,0.534,0.549,53.28,-27.86,2.54,0.59,0.955,0.814,43.68,67.63,54.72,7.09
5,70.27,0.177,0.092,7.89,-1.33,2.57,70.27,0.145,0.184,19.03,-2.05,4.2,70.27,0.512,0.092,7.55,-3.4,6.29,100.27,0.708,0.615,58.05,-43.16,48.6,220.27,0.994,0.881,38.57,41.09,-80.22,1.63
5,134.68,0.139,0.122,11.23,-2.83,1.54,134.68,0.188,0.125,11.41,-3.91,2.15,134.68,0.731,0.774,70.58,-60.26,43.51,164.68,0.708,0.595,56.49,-36.89,5.77,314.68,0.868,0.967,56.76,85.97,-32.26,7.69
5,257.72,0.04,0.963,93.84,2.71,-4.36,257.72,0.033,0.919,90.46,2.18,-3.52,257.72,0.623,0.891,47.84,49.27,-66.23,212.72,0.552,0.671,49.34,0.54,-31.95,77.72,0.889,0.998,92.58,-47.54,86.34,3.49
5,219.73,0.146,0.08,5.73,0.04,-1.31,219.73,0.104,0.154,14.47,0.06,-2.02,219.73,0.86,0.623,31.46,20.44,-53.26,264.73,0.473,0.781,52.0,34.98,-43.6,69.73,0.932,0.934,88.9,-35.02,85.33,6.34
5,228.87,0.297,0.115,7.61,1.26,-4.93,228.87,0.222,0.164,13.5,1.27,-5.3,228.87,0.614,0.729,42.38,21.15,-51.63,258.87,0.703,0.798,39.0,52.02,-67.21,228.87,0.2,0.5,45.4,2.95,-12.1,3.46
5,262.53,0.9,0.9,36.05,72.18,-87.03,206.44,0.027,0.914,91.24,-0.68,-1.77,206.44,0.558,0.744,57.33,-5.63,-30.15,176.44,0.763,0.531,51.09,-29.59,-4.98,356.44,0.904,0.851,46.19,69.25,47.94,1.0
5,86.85,0.024,0.988,98.62,-1.92,2.53,86.85,0.055,0.906,90.88,-4.16,5.53,86.85,0.644,0.817,77.34,-40.07,58.43,41.85,0.513,0.589,54.18,1.7,32.37,266.85,0.857,0.865,37.71,69.35,-79.08,5.91
5,28.84,0.02,0.998,99.09,0.45,1.48,28.84,0.014,0.927,93.04,0.31,1.01,28.84,0.828,0.863,61.76,30.71,59.38,358.84,0.733,0.613,35.83,47.04,26.94,238.84,0.89,0.97,33.92,70.81,-100.79,8.3
5,11.12,0.177,0.081,5.72,1.08,0.8,11.12,0.287,0.13,9.81,3.47,2.68,11.12,0.751,0.815,51.23,48.74,42.35,56.12,0.661,0.699,68.62,-10.7,55.54,161.12,0.889,0.981,87.93,-64.41,20.06,10.0
5,297.74,0.262,0.056,3.39,1.68,-1.25,297.74,0.143,0.214,20.34,5.13,-3.72,297.74,0.796,0.85,52.48,79.78,-52.37,342.74,0.418,0.741,55.73,34.07,1.17,297.74,0.2,0.5,46.35,14.62,-10.45,4.67
5,227.25,0.248,0.145,11.21,1.12,-5.19,227.25,0.103,0.21,20.44,0.55,-2.94,227.25,0.887,0.86,36.45,45.12,-80.65,257.25,0.537,0.596,36.11,29.48,-41.38,47.25,0.953,0.814,69.8,3.27,71.78,7.01
5,339.55,0.166,0.128,10.6,3.08,-0.3,339.55,0.272,0.127,9.22,5.08,-0.42,339.55,0.765,0.825,48.24,64.65,7.84,24.55,0.542,0.573,46.32,15.12,25.91,159.55,0.864,0.942,84.78,-62.83,21.19,7.14
5,230.78,0.021,0.974,96.28,0.51,-2.17,230.78,0.056,0.958,92.44,1.42,-5.83,230.78,0.822,0.679,28.99,37.13,-65.97,260.78,0.538,0.667,40.84,33.8,-44.54,50.78,0.816,0.829,75.24,-4.65,70.36,5.68
5,45.64,0.003,0.998,99.73,-0.04,0.28,45.64,0.015,0.922,92.8,-0.19,1.39,45.64,0.744,0.848,73.99,1.8,64.04,15.64,0.792,0.63,40.57,37.13,38.4,225.64,0.811,0.88,42.08,35.72,-74.33,6.44
5,31.24,0.01,0.985,98.27,0.18,0.8,31.24,0.056,0.949,93.52,0.97,4.18,31.24,0.618,0.649,52.97,13.5,36.58,346.24,0.432,0.643,48.1,30.82,3.49,181.24,0.845,0.86,78.59,-39.89,-14.0,5.13
5,302.2,0.019,0.978,96.86,2.43,-1.66,302.2,0.067,0.904,87.6,7.95,-5.4,302.2,0.713,0.978,62.72,83.92,-50.33,257.2,0.676,0.751,37.64,46.75,-62.39,92.2,0.864,0.913,83.26,-60.18,76.77,2.6
5,150.35,0.139,0.06,4.4,-0.89,0.27,150.35,0.275,0.189,18.61,-7.29,2.38,150.35,0.652,0.896,81.69,-56.01,24.63,195.35,0.408,0.676,60.81,-12.6,-14.85,0.35,0.989,0.933,49.8,75.7,63.07,7.32
5,115.66,0.039,0.956,95.24,-4.58,3.54,115.66,0.062,0.923,91.82,-7.17,5.57,115.66,0.616,0.752,69.4,-54.15,49.04,145.66,0.746,0.589,55.06,-45.79,25.15,115.66,0.2,0.5,50.92,-13.86,11.08,3.06
5,121.69,0.277,0.083,6.28,-3.49,2.44,121.69,0.136,0.178,17.84,-4.16,2.96,121.69,0.722,0.786,71.3,-64.0,56.67,76.69,0.584,0.775,75.41,-27.93,53.14,331.69,0.986,0.937,51.41,79.84,6.83,9.98
5,320.26,0.226,0.094,6.47,3.22,-1.37,320.26,0.255,0.16,12.98,6.57,-2.74,320.26,0.684,0.094,3.78,7.63,-2.83,350.26,0.65,0.684,42.71,47.53,14.44,140.26,0.954,0.963,85.23,-78.54,59.4,4.4
5,72.42,0.014,0.997,99.63,-0.87,1.62,72.42,0.011,0.97,97.27,-0.66,1.24,72.42,0.581,0.705,69.67,-22.77,49.73,42.42,0.759,0.642,55.34,5.19,50.35,222.42,0.941,0.871,38.4,40.69,-79.12,4.26
5,53.57,0.007,0.992,99.23,-0.22,0.8,53.57,0.045,0.975,97.23,-1.33,4.98,53.57,0.559,0.608,59.76,-7.03,41.61,98.57,0.589,0.653,62.29,-38.1,43.6,233.57,0.859,0.801,31.11,50.88,-80.76,7.46
5,246.82,0.9,0.9,31.54,69.18,-94.65,174.68,0.016,0.919,92.57,-1.29,-0.27,174.68,0.675,0.683,64.88,-34.66,-4.19,219.68,0.613,0.651,42.3,9.08,-40.0,24.68,0.98,0.996,63.09,52.24,70.83,4.36
5,119.17,0.198,0.119,10.7,-4.31,3.23,119.17,0.184,0.192,19.19,-6.01,4.5,119.17,0.559,0.669,62.56,-47.3,40.35,149.17,0.501,0.659,62.78,-35.84,14.65,299.17,0.983,0.975,58.38,95.59,-60.48,9.58
5,57.92,0.015,0.967,96.92,-0.58,1.73,57.92,0.034,0.973,97.37,-1.33,3.99,57.92,0.752,0.892,86.38,-15.74,75.65,87.92,0.621,0.653,63.14,-33.21,47.15,267.92,0.948,0.934,38.32,77.38,-88.13,2.69
5,79.63,0.243,0.089,7.33,-2.05,3.07,79.63,0.239,0.123,11.48,-2.95,4.74,79.63,0.656,0.089,6.84,-4.81,6.72,109.63,0.734,0.515,48.42,-42.89,42.58,289.63,0.898,0.965,52.66,87.72,-68.56,4.79
5,242.48,0.02,0.964,95.26,0.95,-2.35,242.48,0.012,0.908,90.91,0.56,-1.39,242.48,0.596,0.606,31.8,29.0,-50.02,272.48,0.671,0.625,34.73,45.61,-48.08,242.48,0.2,0.5,44.14,6.17,-14.0,7.38
5,34.03,0.236,0.063,4.35,0.21,1.18,34.03,0.247,0.214,20.63,1.07,5.84,34.03,0.803,0.847,64.81,20.91,60.19,349.03,0.772,0.577,33.16,47.7,16.66,184.03,0.881,0.975,84.9,-39.78,-20.08,8.4
5,273.24,0.22,0.075,4.79,1.68,-2.0,273.24,0.278,0.192,15.26,6.85,-7.62,273.24,0.864,0.731,33.77,63.2,-65.74,303.24,0.611,0.66,45.39,54.52,-32.56,63.24,0.921,0.917,89.08,-24.83,85.83,7.02
5,243.15,0.282,0.096,5.69,1.76,-4.07,243.15,0.252,0.187,14.57,3.52,-7.77,243.15,0.875,0.801,27.97,61.14,-86.02,213.15,0.547,0.519,38.46,0.55,-25.93,63.15,0.856,0.965,93.34,-25.08,87.01,5.47
5,343.42,0.292,0.057,3.3,1.44,-0.02,343.42,0.1,0.216,21.2,2.79,-0.08,343.42,0.714,0.81,48.59,60.05,10.92,313.42,0.452,0.549,41.77,33.91,-16.27,163.42,0.833,0.981,88.35,-60.79,14.25,8.09
5,79.98,0.029,0.951,95.33,-2.05,3.17,79.98,0.007,0.959,96.32,-0.5,0.77,79.98,0.855,0.662,63.66,-35.67,61.34,109.98,0.607,0.561,53.27,-40.08,38.62,259.98,0.985,0.896,32.55,73.88,-92.26,6.48
5,206.67,0.25,0.121,9.67,-1.01,-3.03,206.67,0.196,0.135,11.73,-0.9,-2.63,206.67,0.607,0.713,53.43,-4.8,-31.72,176.67,0.641,0.665,63.53,-31.86,-6.0,356.67,0.807,0.843,47.34,65.06,38.89,6.25
5,113.39,0.9,0.9,80.15,-76.2,74.8,325.16,0.002,0.977,97.89,0.21,-0.08,325.16,0.628,0.756,49.34,55.5,-13.8,280.16,0.789,0.688,36.32,59.61,-55.01,115.16,0.814,0.946,84.11,-76.79,73.88,1.0
5,359.33,0.018,0.964,95.61,1.47,0.5,359.33,0.068,0.969,92.76,5.71,1.96,359.33,0.636,0.69,43.18,45.62,23.77,29.33,0.517,0.776,64.35,13.88,34.13,179.33,0.832,0.986,90.16,-46.73,-12.51,3.86
5,353.9,0.004,0.97,97.07,0.35,0.07,353.9,0.024,0.928,92.08,2.03,0.4,353.9,0.606,0.715,45.93,45.67,16.83,38.9,0.539,0.559,50.18,4.06,31.31,173.9,0.822,0.87,80.11,-46.84,-3.23,5.46
5,102.92,0.042,0.976,97.1,-4.3,4.14,102.92,0.0,0.937,94.38,-0.04,0.04,102.92,0.509,0.772,72.96,-40.88,42.94,147.92,0.502,0.783,73.45,-41.62,17.97,102.92,0.2,0.5,51.31,-11.81,11.67,2.46
5,4.95,0.161,0.056,3.71,0.64,0.32,4.95,0.285,0.199,16.44,6.05,3.21,4.95,0.894,0.866,48.13,66.43,53.84,49.95,0.743,0.65,60.33,-3.59,54.01,214.95,0.905,0.874,46.54,21.3,-66.23,8.69
5,56.94,0.9,0.9,85.73,-14.51,82.89,88.47,0.283,0.166,16.33,-5.31,7.02,88.47,0.56,0.667,64.65,-31.29,43.63,118.47,0.505,0.656,61.88,-42.6,35.9,268.47,0.937,0.902,37.5,75.27,-84.91,5.2
5,27.62,0.007,0.987,98.54,0.17,0.49,27.62,0.061,0.977,95.56,1.55,4.32,27.62,0.582,0.987,76.89,22.24,45.94,357.62,0.576,0.68,44.67,41.17,18.24,207.62,0.873,0.891,55.44,4.34,-54.27,4.94
5,218.32,0.183,0.087,6.29,0.01,-1.87,218.32,0.231,0.125,9.81,0.08,-3.68,218.32,0.847,0.892,46.89,24.48,-68.28,263.32,0.523,0.602,37.99,31.05,-39.31,218.32,0.2,0.5,46.69,0.28,-10.15,4.49
5,290.91,0.296,0.064,3.76,2.14,-1.81,290.91,0.249,0.175,14.48,7.04,-5.67,290.91,0.649,0.798,50.72,63.03,-47.81,245.91,0.576,0.7,38.46,32.34,-53.56,110.91,0.965,0.942,83.46,-79.74,79.17,10.0
5,147.31,0.1,0.4,42.19,-5.11,1.8,147.31,0.1,0.4,42.19,-5.11,1.8,147.31,0.1,0.4,42.19,-5.11,1.8,192.31,0.1,0.4,41.72,-2.65,-2.26,297.31,0.1,0.4,40.21,5.99,-4.39,1.0
5,232.85,0.9,0.9,33.86,58.83,-90.81,301.36,0.124,0.155,14.22,3.44,-2.36,301.36,0.621,0.628,43.15,53.62,-33.28,271.36,0.613,0.591,34.8,39.47,-42.71,91.36,0.908,0.924,84.04,-61.78,79.04,4.43
5,65.22,0.025,0.985,98.44,-1.27,2.93,65.22,0.065,0.911,91.68,-3.05,7.16,65.22,0.797,0.709,70.49,-21.32,65.38,35.22,0.679,0.592,49.04,10.46,39.29,215.22,0.968,0.821,41.31,25.19,-67.05,7.03
5,354.32,0.198,0.085,5.79,1.87,0.41,354.32,0.28,0.206,16.84,7.2,1.77,354.32,0.515,0.843,57.65,44.39,14.91,324.32,0.654,0.65,41.9,51.01,-13.2,354.32,0.2,0.5,45.72,10.61,2.51,6.03
5,107.98,0.05,0.953,94.83,-5.32,4.7,107.98,0.026,0.942,94.34,-2.82,2.48,107.98,0.583,0.888,81.61,-54.74,54.13,137.98,0.8,0.777,70.54,-62.44,44.0,107.98,0.2,0.5,51.15,-12.63,11.43,1.75
5,290.0,0.192,0.059,3.78,1.25,-1.07,290.0,0.208,0.132,10.55,4.57,-3.76,290.0,0.83,0.794,44.98,73.35,-56.52,260.0,0.638,0.645,34.54,39.62,-51.4,110.0,0.826,0.837,75.5,-67.76,68.02,8.42
5,236.7,0.279,0.132,8.93,2.3,-6.2,236.7,0.128,0.199,18.52,1.38,-4.01,236.7,0.771,0.848,35.5,49.93,-80.53,281.7,0.43,0.604,44.73,31.25,-28.77,86.7,0.937,0.891,81.82,-56.05,78.3,6.82
5,280.83,0.1,0.4,39.94,4.9,-4.82,280.83,0.1,0.4,39.94,4.9,-4.82,280.83,0.1,0.4,39.94,4.9,-4.82,310.83,0.1,0.4,40.19,5.78,-3.28,130.83,0.1,0.4,42.11,-5.7,3.39,1.0
5,27.57,0.27,0.122,9.99,1.38,3.24,27.57,0.187,0.163,15.18,1.18,3.09,27.57,0.567,0.715,57.68,16.43,34.28,357.57,0.643,0.75,46.63,49.6,24.0,237.57,0.809,0.862,33.68,55.78,-85.59,7.12
5,214.85,0.134,0.054,3.66,-0.05,-0.56,214.85,0.149,0.219,21.11,-0.29,-3.56,214.85,0.667,0.878,56.84,7.42,-50.1,244.85,0.485,0.563,35.14,21.08,-37.95,4.85,0.803,0.893,51.67,63.25,47.42,8.3
5,143.86,0.152,0.057,4.11,-0.92,0.37,143.86,0.141,0.22,22.65,-4.47,1.84,143.86,0.594,0.648,60.97,-42.43,22.26,188.86,0.636,0.529,47.45,-18.45,-13.67,353.86,0.931,0.845,45.6,69.62,45.76,7.04
5,211.93,0.011,0.954,95.38,-0.17,-0.86,211.93,0.014,0.915,91.81,-0.2,-1.04,211.93,0.803,0.884,53.75,9.01,-56.05,256.93,0.456,0.691,46.14,27.39,-39.71,211.93,0.2,0.5,47.48,-1.33,-8.97,5.52
5,79.71,0.249,0.069,5.24,-1.35,2.02,79.71,0.275,0.204,20.85,-5.16,8.4,79.71,0.815,0.747,71.38,-37.76,65.85,34.71,0.553,0.647,55.66,8.48,34.23,229.71,0.933,0.816,31.12,51.86,-83.07,4.79
5,354.11,0.014,0.966,96.09,1.18,0.24,354.11,0.02,0.948,94.12,1.69,0.34,354.11,0.508,0.628,43.87,34.45,11.13,24.11,0.579,0.6,47.32,17.51,28.76,354.11,0.2,0.5,45.72,10.63,2.47,5.21
5,158.91,0.133,0.064,4.82,-0.9,0.13,158.91,0.182,0.187,18.82,-4.5,0.71,158.91,0.597,0.863,79.81,-46.9,12.07,203.91,0.784,0.683,48.06,-5.15,-35.81,308.91,0.945,0.97,56.99,90.53,-42.38,9.86
5,75.66,0.006,0.964,96.78,-0.4,0.69,75.66,0.014,0.919,92.71,-0.84,1.44,75.66,0.867,0.875,82.78,-39.62,77.68,45.66,0.566,0.662,61.19,-0.72,41.19,285.66,0.933,0.828,42.64,76.86,-65.29,5.84
5,150.94,0.207,0.122,11.02,-3.77,1.14,150.94,0.157,0.171,17.01,-3.82,1.14,150.94,0.601,0.738,68.91,-44.92,18.38,180.94,0.443,0.779,74.56,-25.77,-8.86,300.94,0.938,0.803,48.83,81.76,-49.52,9.19
5,325.13,0.258,0.123,9.06,5.13,-1.76,325.13,0.261,0.154,12.26,6.31,-2.15,325.13,0.576,0.706,47.93,48.83,-12.9,355.13,0.746,0.521,30.06,42.23,20.28,115.13,0.969,0.986,86.76,-84.08,81.85,8.15
5,194.01,0.023,0.954,95.22,-1.18,-1.12,194.01,0.059,0.919,91.01,-2.92,-2.79,194.01,0.795,0.954,74.58,-22.89,-33.07,239.01,0.481,0.711,44.25,22.74,-45.82,44.01,0.807,0.839,71.19,5.47,66.23,2.71
5,304.47,0.028,0.969,95.53,3.44,-2.26,304.47,0.071,0.966,92.66,8.79,-5.73,304.47,0.828,0.819,50.4,78.2,-43.64,334.47,0.704,0.565,34.64,46.13,-1.83,124.47,0.816,0.9,80.23,-74.97,66.89,4.5
5,35.28,0.1,0.4,41.68,0.48,4.0,35.28,0.1,0.4,41.68,0.48,4.0,35.28,0.1,0.4,41.68,0.48,4.0,80.28,0.1,0.4,42.61,-3.41,5.31,245.28,0.1,0.4,39.4,2.59,-5.69,1.0
5,53.21,0.299,0.086,6.96,-0.89,3.47,53.21,0.261,0.192,19.42,-1.71,7.52,53.21,0.726,0.086,6.41,-1.61,6.84,83.21,0.465,0.66,65.12,-23.68,36.89,233.21,0.999,0.863,29.09,65.09,-93.36,1.0
5,304.03,0.1,0.4,40.23,6.02,-3.94,304.03,0.1,0.4,40.23,6.02,-3.94,304.03,0.1,0.4,40.23,6.02,-3.94,334.03,0.1,0.4,40.07,4.97,-1.03,154.03,0.1,0.4,42.22,-4.87,1.16,1.0
5,32.68,0.285,0.126,10.6,0.94,4.2,32.68,0.248,0.178,16.61,1.08,4.91,32.68,0.591,0.631,52.76,11.05,34.86,62.68,0.763,0.559,57.04,-15.27,53.2,212.68,0.83,0.963,56.43,12.94,-62.97,9.83
5,332.54,0.175,0.099,7.44,2.63,-0.6,332.54,0.212,0.207,18.26,6.24,-1.37,332.54,0.531,0.099,4.81,6.53,-1.12,302.54,0.41,0.586,46.34,34.57,-21.77,182.54,0.869,0.842,75.84,-37.68,-15.7,4.85
5,250.1,0.9,0.9,32.23,69.6,-93.49,0.67,0.069,0.904,87.15,5.39,2.04,0.67,0.566,0.677,45.01,39.47,20.18,330.67,0.402,0.734,56.42,34.7,-7.19,150.67,0.96,0.86,77.4,-67.06,38.22,4.05
5,5.93,0.298,0.074,4.45,1.74,0.9,5.93,0.149,0.133,11.48,2.08,1.15,5.93,0.563,0.074,3.38,2.97,1.5,320.93,0.564,0.639,44.11,45.13,-15.4,185.93,0.954,0.825,70.71,-32.16,-21.15,4.81
5,257.26,0.278,0.084,4.96,1.88,-3.21,257.26,0.145,0.185,16.72,2.59,-4.14,257.26,0.899,0.819,30.95,65.76,-83.64,212.26,0.777,0.589,36.81,5.33,-39.47,77.26,0.931,0.826,78.04,-41.51,75.71,6.84
5,271.5,0.1,0.4,39.8,4.29,-5.05,271.5,0.1,0.4,39.8,4.29,-5.05,271.5,0.1,0.4,39.8,4.29,-5.05,241.5,0.1,0.4,39.34,2.35,-5.78,91.5,0.1,0.4,42.45,-4.17,5.06,1.0
5,255.91,0.004,0.963,96.47,0.26,-0.45,255.91,0.051,0.975,93.98,3.43,-5.75,255.91,0.748,0.865,38.98,58.21,-77.1,285.91,0.413,0.528,40.34,28.14,-24.05,105.91,0.955,0.977,86.56,-79.22,81.62,4.59
5,83.86,0.178,0.071,5.42,-1.1,1.51,83.86,0.262,0.181,18.15,-4.85,7.09,83.86,0.579,0.831,79.39,-34.93,54.47,113.86,0.719,0.513,48.18,-43.94,41.54,83.86,0.2,0.5,51.92,-8.66,12.62,7.62
5,345.96,0.038,0.991,96.7,3.59,0.07,345.96,0.025,0.928,92.01,2.24,0.04,345.96,0.569,0.734,48.83,45.29,7.31,15.96,0.77,0.61,40.01,34.7,36.29,345.96,0.2,0.5,45.82,11.23,0.52,7.24
5,250.99,0.044,0.971,94.06,2.63,-5.01,250.99,0.024,0.95,93.82,1.37,-2.63,250.99,0.79,0.651,26.38,47.58,-65.94,295.99,0.544,0.678,47.98,49.62,-34.55,100.99,0.95,0.906,81.27,-71.23,77.4,3.28
5,183.59,0.026,0.987,98.27,-1.94,-0.89,183.59,0.039,0.979,97.3,-2.87,-1.31,183.59,0.784,0.987,87.0,-39.93,-18.52,153.59,0.793,0.742,68.27,-53.19,22.84,33.59,0.904,0.972,70.57,29.4,72.04,1.0
5,246.66,0.245,0.139,10.13,2.85,-5.79,246.66,0.289,0.15,10.42,3.65,-7.28,246.66,0.868,0.665,23.35,52.55,-73.12,201.66,0.534,0.536,44.35,-8.04,-19.39,36.66,0.906,0.936,70.62,22.76,71.85,4.52
5,153.58,0.27,0.074,5.49,-2.3,0.6,153.58,0.193,0.205,20.74,-5.38,1.39,153.58,0.547,0.074,5.11,-4.2,1.24,123.58,0.5,0.715,67.01,-45.12,35.31,3.58,0.855,0.819,45.94,62.93,48.13,1.99
5,44.76,0.9,0.9,74.99,6.97,74.62,96.79,0.201,0.182,18.29,-4.69,5.17,96.79,0.724,0.601,57.08,-41.03,48.98,126.79,0.747,0.513,47.88,-45.91,37.87,276.79,0.822,0.932,46.36,76.01,-74.49,2.28
5,50.08,0.1,0.4,42.41,-1.02,5.06,50.08,0.1,0.4,42.41,-1.02,5.06,50.08,0.1,0.4,42.41,-1.02,5.06,95.08,0.1,0.4,42.4,-4.41,4.98,230.08,0.1,0.4,39.81,1.22,-5.08,1.0
5,320.48,0.9,0.9,51.68,79.95,-19.76,286.22,0.167,0.169,15.06,4.32,-3.82,286.22,0.804,0.836,46.23,73.29,-60.68,316.22,0.574,0.753,51.62,53.64,-22.24,76.22,0.957,0.801,76.07,-39.92,74.69,1.0
5,265.78,0.042,0.96,93.51,3.31,-4.43,265.78,0.005,0.963,96.37,0.42,-0.57,265.78,0.756,0.841,40.4,61.33,-71.16,235.78,0.736,0.621,27.43,34.45,-59.5,85.78,0.956,0.882,81.2,-55.22,78.22,5.06
5,212.54,0.225,0.14,11.71,-0.48,-3.53,212.54,0.264,0.132,10.52,-0.5,-3.95,212.54,0.757,0.648,40.93,5.61,-41.93,242.54,0.688,0.771,35.16,43.73,-69.58,212.54,0.2,0.5,47.4,-1.17,-9.08,1.05
5,143.73,0.147,0.107,9.48,-2.54,1.04,143.73,0.279,0.14,12.9,-6.01,2.59,143.73,0.771,0.628,58.26,-49.85,29.6,173.73,0.422,0.769,73.98,-27.29,-3.56,293.73,0.948,0.883,49.98,85.15,-61.24,9.82
5,335.11,0.9,0.9,50.04,75.5,8.2,27.59,0.105,0.136,12.75,0.53,1.46,27.59,0.79,0.85,61.14,30.26,55.68,57.59,0.515,0.647,65.14,-10.18,42.35,207.59,0.992,0.828,48.19,9.93,-56.87,1.0
5,297.06,0.004,0.978,97.78,0.46,-0.35,297.06,0.034,0.927,91.49,4.05,-3.02,297.06,0.639,0.879,58.07,70.63,-47.56,267.06,0.637,0.634,35.41,41.69,-48.31,87.06,0.844,0.958,87.81,-55.94,79.83,1.98
5,284.89,0.9,0.9,46.58,80.82,-69.35,258.7,0.065,0.961,91.77,4.58,-7.16,258.7,0.751,0.757,34.6,53.33,-68.28,213.7,0.694,0.544,35.6,4.09,-34.42,48.7,0.966,0.858,74.38,1.07,75.89,1.1
5,106.07,0.9,0.9,80.58,-72.47,75.33,19.37,0.208,0.161,14.4,2.13,2.84,19.37,0.502,0.677,53.51,19.99,24.96,334.37,0.673,0.601,37.68,46.81,-2.51,169.37,0.805,0.906,82.83,-51.63,3.45,1.0
5,298.12,0.1,0.4,40.22,6.04,-4.37,298.12,0.1,0.4,40.22,6.04,-4.37,298.12,0.1,0.4,40.22,6.04,-4.37,343.12,0.1,0.4,40.02,4.67,-0.15,88.12,0.1,0.4,42.5,-3.94,5.13,1.0
5,252.98,0.04,0.989,95.98,2.52,-4.56,252.98,0.002,0.974,97.58,0.14,-0.25,252.98,0.786,0.844,35.4,59.08,-79.95,207.98,0.496,0.526,42.24,-3.56,-21.11,42.98,0.939,0.932,75.18,11.79,76.53,5.87
5,213.67,0.11,0.079,5.93,-0.11,-0.88,213.67,0.221,0.166,14.56,-0.41,-4.1,213.67,0.635,0.079,3.63,-0.14,-4.33,258.67,0.728,0.6,28.05,42.65,-55.12,63.67,0.897,0.867,84.71,-24.18,81.42,5.34
5,117.01,0.044,0.974,96.68,-5.33,4.04,117.01,0.071,0.905,90.03,-8.11,6.17,117.01,0.837,0.879,78.55,-74.19,70.8,147.01,0.606,0.536,51.1,-36.19,17.15,327.01,0.804,0.844,49.46,70.9,-10.4,4.98
5,243.75,0.9,0.9,31.04,68.87,-95.51,344.83,0.047,0.942,91.87,4.31,-0.02,344.83,0.681,0.751,46.04,54.23,10.48,14.83,0.497,0.544,42.3,19.47,18.83,164.83,0.914,0.807,73.97,-53.28,11.93,4.34
5,193.96,0.013,0.967,96.67,-0.67,-0.64,193.96,0.052,0.927,91.93,-2.62,-2.49,193.96,0.787,0.686,55.15,-18.03,-25.16,163.96,0.628,0.673,63.72,-37.78,5.79,13.96,0.957,0.845,48.89,59.62,58.4,8.4
5,288.1,0.9,0.9,48.33,82.41,-66.43,107.23,0.006,0.904,91.36,-0.61,0.54,107.23,0.896,0.83,74.86,-68.59,70.57,77.23,0.735,0.667,64.97,-29.96,56.73,257.23,0.909,0.884,33.25,70.27,-89.38,1.67
5,338.73,0.9,0.9,49.74,74.67,15.43,318.95,0.284,0.154,11.95,7.14,-3.1,318.95,0.765,0.786,47.82,67.68,-21.97,288.95,0.752,0.539,31.45,50.72,-39.81,168.95,0.985,0.96,86.71,-58.52,7.8,1.29
5,97.53,0.016,0.984,98.34,-1.56,1.65,97.53,0.009,0.963,96.58,-0.83,0.89,97.53,0.879,0.984,88.26,-69.95,81.1,52.53,0.551,0.67,65.0,-6.67,43.91,307.53,0.862,0.988,59.25,90.43,-45.62,1.0
5,12.42,0.234,0.079,5.29,1.29,1.02,12.42,0.175,0.144,12.56,2.13,1.79,12.42,0.862,0.866,51.6,57.08,53.7,327.42,0.562,0.74,50.47,49.01,-11.07,162.42,0.893,0.898,81.33,-59.28,16.6,10.0
5,249.64,0.1,0.4,39.46,2.87,-5.59,249.64,0.1,0.4,39.46,2.87,-5.59,249.64,0.1,0.4,39.46,2.87,-5.59,204.64,0.1,0.4,41.1,-1.4,-3.18,69.64,0.1,0.4,42.77,-2.68,5.55,1.0
5,39.13,0.018,0.986,98.25,0.01,1.56,39.13,0.027,0.925,92.61,0.02,2.29,39.13,0.695,0.606,51.74,7.13,42.98,9.13,0.715,0.744,47.18,45.07,35.78,189.13,0.814,0.931,77.15,-30.16,-25.94,5.45
5,164.78,0.9,0.9,81.66,-57.68,12.82,163.02,0.026,0.962,96.12,-2.43,0.13,163.02,0.736,0.663,62.18,-41.98,8.63,193.02,0.553,0.512,45.31,-13.84,-14.3,13.02,0.859,0.95,56.75,60.51,57.94,1.46
5,241.05,0.9,0.9,30.69,68.67,-96.09,305.34,0.278,0.197,16.41,9.32,-5.76,305.34,0.824,0.604,37.17,61.33,-33.55,335.34,0.763,0.734,43.37,59.73,0.97,155.34,0.808,0.969,86.95,-65.11,26.42,3.81
5,163.79,0.9,0.9,81.59,-58.47,14.49,71.12,0.013,0.941,94.66,-0.76,1.48,71.12,0.605,0.609,61.07,-20.05,46.04,41.12,0.682,0.786,67.21,6.19,53.28,221.12,0.842,0.97,48.49,32.16,-76.77,2.8
5,51.49,0.156,0.06,4.44,-0.24,1.0,51.49,0.282,0.133,12.44,-1.17,5.83,51.49,0.533,0.618,60.04,-5.43,39.4,6.49,0.404,0.676,52.95,23.75,14.47,231.49,0.941,0.994,36.73,65.43,-99.55,7.58
5,308.32,0.005,0.994,99.18,0.6,-0.37,308.32,0.068,0.956,91.94,8.11,-4.89,308.32,0.62,0.628,42.61,51.57,-27.19,278.32,0.47,0.776,54.09,40.45,-39.37,128.32,0.965,0.918,81.32,-79.42,72.46,5.58
5,198.21,0.1,0.4,41.42,-2.06,-2.7,198.21,0.1,0.4,41.42,-2.06,-2.7,198.21,0.1,0.4,41.42,-2.06,-2.7,153.21,0.1,0.4,42.21,-4.9,1.24,48.21,0.1,0.4,42.32,-0.83,4.93,1.0
5,91.49,0.011,0.959,96.17,-0.94,1.13,91.49,0.06,0.963,95.78,-5.13,6.19,91.49,0.519,0.764,73.21,-34.51,44.86,61.49,0.681,0.794,79.01,-17.81,65.0,271.49,0.99,0.991,41.53,82.9,-91.01,6.22
5,10.62,0.226,0.05,3.17,0.61,0.44,10.62,0.201,0.194,17.52,3.4,2.54,10.62,0.749,0.788,49.49,47.82,40.76,340.62,0.478,0.501,36.41,28.69,0.12,220.62,0.899,0.908,43.36,34.29,-76.35,7.63
